   100000.00000000000      ,   25.278229743166911      ,   99974.721770256830      ,Ionization     
   99974.721770256830      ,   40.727256363773989      ,   99933.994513893063      ,Ionization     
   99933.994513893063      ,   22.918651024731727      ,   99911.075862868325      ,Ionization     
   99911.075862868325      ,   51.420396264459761      ,   99859.655466603872      ,Ionization     
   99859.655466603872      ,   14.390668530684259      ,   99845.264798073185      ,Ionization     
   99845.264798073185      ,   8.3999996185302734      ,   99836.864798454655      ,Excitation     
   99836.864798454655      ,   32.628407286413164      ,   99804.236391168248      ,Ionization     
   99804.236391168248      ,   17.830832744551159      ,   99786.405558423692      ,Ionization     
   99786.405558423692      ,   25.004396228494173      ,   99761.401162195194      ,Ionization     
   99761.401162195194      ,  0.98000001907348633      ,   99760.421162176121      ,Excitation     
   99760.421162176121      ,   18.881677739636014      ,   99741.539484436478      ,Ionization     
   99741.539484436478      ,   9.8999996185302734      ,   99731.639484817948      ,Excitation     
   99731.639484817948      ,   40.664614199596102      ,   99690.974870618345      ,Ionization     
   99690.974870618345      ,   31.648561894342599      ,   99659.326308724005      ,Ionization     
   99659.326308724005      ,   16.863723483869283      ,   99642.462585240137      ,Ionization     
   99642.462585240137      ,   8.3999996185302734      ,   99634.062585621607      ,Excitation     
   99634.062585621607      ,   18.811399647067127      ,   99615.251185974543      ,Ionization     
   99615.251185974543      ,   27.759515621409022      ,   99587.491670353134      ,Ionization     
   99587.491670353134      ,   9.8999996185302734      ,   99577.591670734604      ,Excitation     
   99577.591670734604      ,   21.628827040366751      ,   99555.962843694244      ,Ionization     
   99555.962843694244      ,   8.3999996185302734      ,   99547.562844075714      ,Excitation     
   99547.562844075714      ,   4.5000000000000000      ,   99543.062844075714      ,Excitation     
   99543.062844075714      ,   26.968996308989418      ,   99516.093847766722      ,Ionization     
   99516.093847766722      ,   37.268063351271081      ,   99478.825784415458      ,Ionization     
   99478.825784415458      ,   27.277300236550289      ,   99451.548484178900      ,Ionization     
   99451.548484178900      ,   28.111350648186800      ,   99423.437133530708      ,Ionization     
   99423.437133530708      ,   8.3999996185302734      ,   99415.037133912178      ,Excitation     
   99415.037133912178      ,   9.8999996185302734      ,   99405.137134293647      ,Excitation     
   99405.137134293647      ,   23.928682410128950      ,   99381.208451883518      ,Ionization     
   99381.208451883518      ,   21.006559815922095      ,   99360.201892067591      ,Ionization     
   99360.201892067591      ,   8.3999996185302734      ,   99351.801892449061      ,Excitation     
   99351.801892449061      ,   21.575388073266939      ,   99330.226504375794      ,Ionization     
   99330.226504375794      ,   17.627352612759967      ,   99312.599151763032      ,Ionization     
   99312.599151763032      ,   33.869033776356083      ,   99278.730117986677      ,Ionization     
   99278.730117986677      ,   24.743601493135152      ,   99253.986516493547      ,Ionization     
   99253.986516493547      ,   28.926928382298790      ,   99225.059588111253      ,Ionization     
   99225.059588111253      ,   1.6399999856948853      ,   99223.419588125558      ,Excitation     
   99223.419588125558      ,   41.097759744577161      ,   99182.321828380984      ,Ionization     
   99182.321828380984      ,  0.98000001907348633      ,   99181.341828361910      ,Excitation     
   99181.341828361910      ,   8.3999996185302734      ,   99172.941828743380      ,Excitation     
   99172.941828743380      ,  0.98000001907348633      ,   99171.961828724307      ,Excitation     
   99171.961828724307      ,   8.3999996185302734      ,   99163.561829105776      ,Excitation     
   99163.561829105776      ,   30.529807720995500      ,   99133.032021384774      ,Ionization     
   99133.032021384774      ,   29.029629023431561      ,   99104.002392361348      ,Ionization     
   99104.002392361348      ,   17.277644342312744      ,   99086.724748019042      ,Ionization     
   99086.724748019042      ,   21.596058576739782      ,   99065.128689442296      ,Ionization     
   99065.128689442296      ,   44.247939428138565      ,   99020.880750014156      ,Ionization     
   99020.880750014156      ,   1.6399999856948853      ,   99019.240750028461      ,Excitation     
   99019.240750028461      ,   16.258581445611878      ,   99002.982168582850      ,Ionization     
   99002.982168582850      ,   29.817938196604061      ,   98973.164230386246      ,Ionization     
   98973.164230386246      ,   8.3999996185302734      ,   98964.764230767716      ,Excitation     
   98964.764230767716      ,   20.578833587127818      ,   98944.185397180583      ,Ionization     
   98944.185397180583      ,   4.5000000000000000      ,   98939.685397180583      ,Excitation     
   98939.685397180583      ,   27.813615809536504      ,   98911.871781371054      ,Ionization     
   98911.871781371054      ,   31.539368017888151      ,   98880.332413353171      ,Ionization     
   98880.332413353171      ,   8.3999996185302734      ,   98871.932413734641      ,Excitation     
   98871.932413734641      ,   27.935218438414537      ,   98843.997195296222      ,Ionization     
   98843.997195296222      ,   24.573630188211382      ,   98819.423565108009      ,Ionization     
   98819.423565108009      ,   20.225898752170245      ,   98799.197666355845      ,Ionization     
   98799.197666355845      ,   23.277570384110426      ,   98775.920095971742      ,Ionization     
   98775.920095971742      ,   24.764215635346503      ,   98751.155880336402      ,Ionization     
   98751.155880336402      ,   19.171769577437722      ,   98731.984110758960      ,Ionization     
   98731.984110758960      ,   8.3999996185302734      ,   98723.584111140430      ,Excitation     
   98723.584111140430      ,   8.3999996185302734      ,   98715.184111521899      ,Excitation     
   98715.184111521899      ,   19.438509658782674      ,   98695.745601863120      ,Ionization     
   98695.745601863120      ,   31.718098910693364      ,   98664.027502952420      ,Ionization     
   98664.027502952420      ,   16.693254761437210      ,   98647.334248190979      ,Ionization     
   98647.334248190979      ,   1.6399999856948853      ,   98645.694248205284      ,Excitation     
   98645.694248205284      ,   30.882505088247306      ,   98614.811743117039      ,Ionization     
   98614.811743117039      ,   23.976573231586151      ,   98590.835169885453      ,Ionization     
   98590.835169885453      ,   31.052600243491312      ,   98559.782569641960      ,Ionization     
   98559.782569641960      ,   34.714426745081759      ,   98525.068142896882      ,Ionization     
   98525.068142896882      ,   22.297737457990969      ,   98502.770405438889      ,Ionization     
   98502.770405438889      ,   27.944248131697314      ,   98474.826157307194      ,Ionization     
   98474.826157307194      ,   36.022006130649537      ,   98438.804151176548      ,Ionization     
   98438.804151176548      ,   16.764504167266409      ,   98422.039647009282      ,Ionization     
   98422.039647009282      ,   8.3999996185302734      ,   98413.639647390752      ,Excitation     
   98413.639647390752      ,   21.921748022160376      ,   98391.717899368596      ,Ionization     
   98391.717899368596      ,   17.499692235959323      ,   98374.218207132639      ,Ionization     
   98374.218207132639      ,   29.085499448280579      ,   98345.132707684359      ,Ionization     
   98345.132707684359      ,   4.5000000000000000      ,   98340.632707684359      ,Excitation     
   98340.632707684359      ,   8.3999996185302734      ,   98332.232708065829      ,Excitation     
   98332.232708065829      ,   26.579206534490069      ,   98305.653501531342      ,Ionization     
   98305.653501531342      ,   28.737460909976427      ,   98276.916040621363      ,Ionization     
   98276.916040621363      ,   26.371973074876664      ,   98250.544067546492      ,Ionization     
   98250.544067546492      ,   36.598352014290029      ,   98213.945715532202      ,Ionization     
   98213.945715532202      ,   21.094314833178849      ,   98192.851400699030      ,Ionization     
   98192.851400699030      ,   20.864642239157085      ,   98171.986758459869      ,Ionization     
   98171.986758459869      ,   34.012907187325048      ,   98137.973851272545      ,Ionization     
   98137.973851272545      ,   27.936716719651368      ,   98110.037134552898      ,Ionization     
   98110.037134552898      ,   32.117828941800120      ,   98077.919305611096      ,Ionization     
   98077.919305611096      ,   26.012111685005692      ,   98051.907193926090      ,Ionization     
   98051.907193926090      ,   22.639684630547027      ,   98029.267509295547      ,Ionization     
   98029.267509295547      ,   22.342676480003519      ,   98006.924832815537      ,Ionization     
   98006.924832815537      ,   25.834108526402211      ,   97981.090724289141      ,Ionization     
   97981.090724289141      ,   25.964987631319865      ,   97955.125736657821      ,Ionization     
   97955.125736657821      ,   21.562227841595281      ,   97933.563508816223      ,Ionization     
   97933.563508816223      ,   20.944429877871677      ,   97912.619078938355      ,Ionization     
   97912.619078938355      ,   15.288034688827331      ,   97897.331044249528      ,Ionization     
   97897.331044249528      ,   18.711105001136364      ,   97878.619939248398      ,Ionization     
   97878.619939248398      ,   17.619480707558765      ,   97861.000458540846      ,Ionization     
   97861.000458540846      ,   37.663810922638042      ,   97823.336647618213      ,Ionization     
   97823.336647618213      ,   4.5000000000000000      ,   97818.836647618213      ,Excitation     
   97818.836647618213      ,   8.3999996185302734      ,   97810.436647999682      ,Excitation     
   97810.436647999682      ,   23.697655510685465      ,   97786.738992489001      ,Ionization     
   97786.738992489001      ,   34.927038256789778      ,   97751.811954232209      ,Ionization     
   97751.811954232209      ,   20.918249628175687      ,   97730.893704604037      ,Ionization     
   97730.893704604037      ,   25.466577613224807      ,   97705.427126990806      ,Ionization     
   97705.427126990806      ,   4.5000000000000000      ,   97700.927126990806      ,Excitation     
   97700.927126990806      ,   29.045892130531023      ,   97671.881234860281      ,Ionization     
   97671.881234860281      ,   4.5000000000000000      ,   97667.381234860281      ,Excitation     
   97667.381234860281      ,   32.868714858004104      ,   97634.512520002274      ,Ionization     
   97634.512520002274      ,   9.8999996185302734      ,   97624.612520383744      ,Excitation     
   97624.612520383744      ,   23.391365541772274      ,   97601.221154841973      ,Ionization     
   97601.221154841973      ,   38.360775744539453      ,   97562.860379097430      ,Ionization     
   97562.860379097430      ,   18.356424953328702      ,   97544.503954144107      ,Ionization     
   97544.503954144107      ,   23.681259986179757      ,   97520.822694157934      ,Ionization     
   97520.822694157934      ,   1.6399999856948853      ,   97519.182694172239      ,Excitation     
   97519.182694172239      ,   33.689907687401181      ,   97485.492786484843      ,Ionization     
   97485.492786484843      ,   24.663067974535529      ,   97460.829718510315      ,Ionization     
   97460.829718510315      ,  0.98000001907348633      ,   97459.849718491241      ,Excitation     
   97459.849718491241      ,   33.771794933544626      ,   97426.077923557692      ,Ionization     
   97426.077923557692      ,   4.5000000000000000      ,   97421.577923557692      ,Excitation     
   97421.577923557692      ,   19.067010521074430      ,   97402.510913036618      ,Ionization     
   97402.510913036618      ,   23.327169151342154      ,   97379.183743885282      ,Ionization     
   97379.183743885282      ,   22.620209783706422      ,   97356.563534101573      ,Ionization     
   97356.563534101573      ,   1.6399999856948853      ,   97354.923534115878      ,Excitation     
   97354.923534115878      ,   25.718296074543169      ,   97329.205238041337      ,Ionization     
   97329.205238041337      ,  0.98000001907348633      ,   97328.225238022264      ,Excitation     
   97328.225238022264      ,   23.172139624414310      ,   97305.053098397853      ,Ionization     
   97305.053098397853      ,   17.826150204979193      ,   97287.226948192867      ,Ionization     
   97287.226948192867      ,   31.302452243067286      ,   97255.924495949803      ,Ionization     
   97255.924495949803      ,   21.958953032701956      ,   97233.965542917096      ,Ionization     
   97233.965542917096      ,   34.383597265831206      ,   97199.581945651269      ,Ionization     
   97199.581945651269      ,  0.98000001907348633      ,   97198.601945632196      ,Excitation     
   97198.601945632196      ,   4.5000000000000000      ,   97194.101945632196      ,Excitation     
   97194.101945632196      ,   24.255562435318932      ,   97169.846383196884      ,Ionization     
   97169.846383196884      ,   18.500642083304136      ,   97151.345741113575      ,Ionization     
   97151.345741113575      ,   30.933241103675279      ,   97120.412500009901      ,Ionization     
   97120.412500009901      ,   16.893020407799423      ,   97103.519479602095      ,Ionization     
   97103.519479602095      ,   25.579769538458898      ,   97077.939710063642      ,Ionization     
   97077.939710063642      ,   8.3999996185302734      ,   97069.539710445111      ,Excitation     
   97069.539710445111      ,   4.5000000000000000      ,   97065.039710445111      ,Excitation     
   97065.039710445111      ,   28.849944891771599      ,   97036.189765553339      ,Ionization     
   97036.189765553339      ,   37.948541892800591      ,   96998.241223660545      ,Ionization     
   96998.241223660545      ,   19.598683540238593      ,   96978.642540120301      ,Ionization     
   96978.642540120301      ,   45.219087390496973      ,   96933.423452729810      ,Ionization     
   96933.423452729810      ,   25.824298713255342      ,   96907.599154016556      ,Ionization     
   96907.599154016556      ,   26.025826650646771      ,   96881.573327365913      ,Ionization     
   96881.573327365913      ,   22.303670589313935      ,   96859.269656776596      ,Ionization     
   96859.269656776596      ,   27.050870847428413      ,   96832.218785929173      ,Ionization     
   96832.218785929173      ,   20.518141099402314      ,   96811.700644829776      ,Ionization     
   96811.700644829776      ,   28.375880098745093      ,   96783.324764731035      ,Ionization     
   96783.324764731035      ,   1.6399999856948853      ,   96781.684764745340      ,Excitation     
   96781.684764745340      ,   29.912365288905704      ,   96751.772399456429      ,Ionization     
   96751.772399456429      ,   8.3999996185302734      ,   96743.372399837899      ,Excitation     
   96743.372399837899      ,   8.3999996185302734      ,   96734.972400219369      ,Excitation     
   96734.972400219369      ,   34.492162564024177      ,   96700.480237655342      ,Ionization     
   96700.480237655342      ,   30.066503973625402      ,   96670.413733681722      ,Ionization     
   96670.413733681722      ,   9.8999996185302734      ,   96660.513734063192      ,Excitation     
   96660.513734063192      ,   17.163956261655340      ,   96643.349777801530      ,Ionization     
   96643.349777801530      ,   17.554138685998890      ,   96625.795639115531      ,Ionization     
   96625.795639115531      ,   38.659856396499748      ,   96587.135782719037      ,Ionization     
   96587.135782719037      ,   15.477723591174732      ,   96571.658059127862      ,Ionization     
   96571.658059127862      ,   17.771473300027090      ,   96553.886585827830      ,Ionization     
   96553.886585827830      ,   30.679643559910332      ,   96523.206942267920      ,Ionization     
   96523.206942267920      ,   20.692179808510872      ,   96502.514762459410      ,Ionization     
   96502.514762459410      ,   17.257457225084735      ,   96485.257305234321      ,Ionization     
   96485.257305234321      ,   8.3999996185302734      ,   96476.857305615791      ,Excitation     
   96476.857305615791      ,   15.295509969539122      ,   96461.561795646252      ,Ionization     
   96461.561795646252      ,   28.206477859631228      ,   96433.355317786627      ,Ionization     
   96433.355317786627      ,   29.424647787795358      ,   96403.930669998837      ,Ionization     
   96403.930669998837      ,   17.958828965033458      ,   96385.971841033810      ,Ionization     
   96385.971841033810      ,   28.499119792862018      ,   96357.472721240949      ,Ionization     
   96357.472721240949      ,   19.724414481535995      ,   96337.748306759415      ,Ionization     
   96337.748306759415      ,   26.104035209813688      ,   96311.644271549594      ,Ionization     
   96311.644271549594      ,   16.892380380710257      ,   96294.751891168882      ,Ionization     
   96294.751891168882      ,   16.572834792347265      ,   96278.179056376539      ,Ionization     
   96278.179056376539      ,   22.233410612083944      ,   96255.945645764456      ,Ionization     
   96255.945645764456      ,   8.3999996185302734      ,   96247.545646145925      ,Excitation     
   96247.545646145925      ,  0.98000001907348633      ,   96246.565646126852      ,Excitation     
   96246.565646126852      ,   26.299894487329055      ,   96220.265751639527      ,Ionization     
   96220.265751639527      ,   8.3999996185302734      ,   96211.865752020996      ,Excitation     
   96211.865752020996      ,   28.581943599755661      ,   96183.283808421242      ,Ionization     
   96183.283808421242      ,   19.713498321479857      ,   96163.570310099763      ,Ionization     
   96163.570310099763      ,   28.042861179034080      ,   96135.527448920722      ,Ionization     
   96135.527448920722      ,   31.271468869163932      ,   96104.255980051559      ,Ionization     
   96104.255980051559      ,   13.868790365029973      ,   96090.387189686531      ,Ionization     
   96090.387189686531      ,   28.272822014622967      ,   96062.114367671908      ,Ionization     
   96062.114367671908      ,   18.844538060955529      ,   96043.269829610945      ,Ionization     
   96043.269829610945      ,   9.8999996185302734      ,   96033.369829992414      ,Excitation     
   96033.369829992414      ,   9.8999996185302734      ,   96023.469830373884      ,Excitation     
   96023.469830373884      ,   23.387457327963439      ,   96000.082373045923      ,Ionization     
   96000.082373045923      ,   19.249678070703816      ,   95980.832694975223      ,Ionization     
   95980.832694975223      ,   20.861608625766578      ,   95959.971086349455      ,Ionization     
   95959.971086349455      ,   25.830232111281212      ,   95934.140854238169      ,Ionization     
   95934.140854238169      ,   34.592234062432297      ,   95899.548620175730      ,Ionization     
   95899.548620175730      ,   21.387413087693567      ,   95878.161207088036      ,Ionization     
   95878.161207088036      ,   33.104893095530699      ,   95845.056313992507      ,Ionization     
   95845.056313992507      ,   38.456634643922662      ,   95806.599679348583      ,Ionization     
   95806.599679348583      ,   18.032634399553654      ,   95788.567044949028      ,Ionization     
   95788.567044949028      ,   25.246672729081212      ,   95763.320372219940      ,Ionization     
   95763.320372219940      ,   32.479758191557011      ,   95730.840614028377      ,Ionization     
   95730.840614028377      ,   8.3999996185302734      ,   95722.440614409847      ,Excitation     
   95722.440614409847      ,   28.937875110282043      ,   95693.502739299569      ,Ionization     
   95693.502739299569      ,   18.249116816129384      ,   95675.253622483433      ,Ionization     
   95675.253622483433      ,   23.706504466462164      ,   95651.547118016970      ,Ionization     
   95651.547118016970      ,   8.3999996185302734      ,   95643.147118398439      ,Excitation     
   95643.147118398439      ,   15.040120241435838      ,   95628.106998157004      ,Ionization     
   95628.106998157004      ,   18.584994496875400      ,   95609.522003660124      ,Ionization     
   95609.522003660124      ,   15.357749755505209      ,   95594.164253904615      ,Ionization     
   95594.164253904615      ,   14.188071581994798      ,   95579.976182322614      ,Ionization     
   95579.976182322614      ,   36.575102908875159      ,   95543.401079413743      ,Ionization     
   95543.401079413743      ,   19.997325350638260      ,   95523.403754063111      ,Ionization     
   95523.403754063111      ,   18.212755493646252      ,   95505.190998569466      ,Ionization     
   95505.190998569466      ,   17.441104105165728      ,   95487.749894464301      ,Ionization     
   95487.749894464301      ,   8.3999996185302734      ,   95479.349894845771      ,Excitation     
   95479.349894845771      ,   8.3999996185302734      ,   95470.949895227241      ,Excitation     
   95470.949895227241      ,   23.472866148419584      ,   95447.477029078815      ,Ionization     
   95447.477029078815      ,   25.000856689808671      ,   95422.476172389011      ,Ionization     
   95422.476172389011      ,   29.654411135183949      ,   95392.821761253828      ,Ionization     
   95392.821761253828      ,   25.788591199305387      ,   95367.033170054521      ,Ionization     
   95367.033170054521      ,   9.8999996185302734      ,   95357.133170435991      ,Excitation     
   95357.133170435991      ,   32.560246366299296      ,   95324.572924069696      ,Ionization     
   95324.572924069696      ,   24.069816221029832      ,   95300.503107848665      ,Ionization     
   95300.503107848665      ,   8.3999996185302734      ,   95292.103108230134      ,Excitation     
   95292.103108230134      ,   22.192075365078395      ,   95269.911032865057      ,Ionization     
   95269.911032865057      ,   1.6399999856948853      ,   95268.271032879362      ,Excitation     
   95268.271032879362      ,   15.192119512763288      ,   95253.078913366597      ,Ionization     
   95253.078913366597      ,   22.168165482578267      ,   95230.910747884016      ,Ionization     
   95230.910747884016      ,   18.663900687955859      ,   95212.246847196060      ,Ionization     
   95212.246847196060      ,   25.867246196674440      ,   95186.379600999382      ,Ionization     
   95186.379600999382      ,   27.386751389239041      ,   95158.992849610149      ,Ionization     
   95158.992849610149      ,   15.451110122664348      ,   95143.541739487482      ,Ionization     
   95143.541739487482      ,   9.8999996185302734      ,   95133.641739868952      ,Excitation     
   95133.641739868952      ,   20.018962901035373      ,   95113.622776967910      ,Ionization     
   95113.622776967910      ,   28.778481303549029      ,   95084.844295664356      ,Ionization     
   95084.844295664356      ,   9.8999996185302734      ,   95074.944296045825      ,Excitation     
   95074.944296045825      ,   16.147991686768506      ,   95058.796304359057      ,Ionization     
   95058.796304359057      ,   30.756450618265362      ,   95028.039853740789      ,Ionization     
   95028.039853740789      ,   19.923784079733785      ,   95008.116069661060      ,Ionization     
   95008.116069661060      ,   22.694248208529675      ,   94985.421821452532      ,Ionization     
   94985.421821452532      ,   22.973442566248558      ,   94962.448378886285      ,Ionization     
   94962.448378886285      ,   8.3999996185302734      ,   94954.048379267755      ,Excitation     
   94954.048379267755      ,   28.291312004907034      ,   94925.757067262850      ,Ionization     
   94925.757067262850      ,   35.464602420957860      ,   94890.292464841885      ,Ionization     
   94890.292464841885      ,   18.966465149264195      ,   94871.325999692621      ,Ionization     
   94871.325999692621      ,   25.212016531117015      ,   94846.113983161500      ,Ionization     
   94846.113983161500      ,   21.487631103773101      ,   94824.626352057734      ,Ionization     
   94824.626352057734      ,   21.357199251019900      ,   94803.269152806708      ,Ionization     
   94803.269152806708      ,   15.334080753140857      ,   94787.935072053573      ,Ionization     
   94787.935072053573      ,   37.064441288303662      ,   94750.870630765276      ,Ionization     
   94750.870630765276      ,   8.3999996185302734      ,   94742.470631146745      ,Excitation     
   94742.470631146745      ,   32.340364856558168      ,   94710.130266290187      ,Ionization     
   94710.130266290187      ,   14.470805321684331      ,   94695.659460968498      ,Ionization     
   94695.659460968498      ,   24.286268439545811      ,   94671.373192528947      ,Ionization     
   94671.373192528947      ,   4.5000000000000000      ,   94666.873192528947      ,Excitation     
   94666.873192528947      ,   25.472680314410027      ,   94641.400512214532      ,Ionization     
   94641.400512214532      ,   35.759843567542660      ,   94605.640668646985      ,Ionization     
   94605.640668646985      ,   19.003782651196026      ,   94586.636885995787      ,Ionization     
   94586.636885995787      ,   18.691902319761908      ,   94567.944983676032      ,Ionization     
   94567.944983676032      ,   20.438841552096989      ,   94547.506142123937      ,Ionization     
   94547.506142123937      ,   8.3999996185302734      ,   94539.106142505407      ,Excitation     
   94539.106142505407      ,   37.567689227225443      ,   94501.538453278175      ,Ionization     
   94501.538453278175      ,   21.110489155312990      ,   94480.427964122864      ,Ionization     
   94480.427964122864      ,   18.430272352995061      ,   94461.997691769866      ,Ionization     
   94461.997691769866      ,   8.3999996185302734      ,   94453.597692151336      ,Excitation     
   94453.597692151336      ,   19.968458314918315      ,   94433.629233836415      ,Ionization     
   94433.629233836415      ,   4.5000000000000000      ,   94429.129233836415      ,Excitation     
   94429.129233836415      ,   33.365972588053801      ,   94395.763261248358      ,Ionization     
   94395.763261248358      ,   20.719822461032880      ,   94375.043438787325      ,Ionization     
   94375.043438787325      ,   28.065453258309965      ,   94346.977985529011      ,Ionization     
   94346.977985529011      ,   19.411025173453915      ,   94327.566960355558      ,Ionization     
   94327.566960355558      ,   8.3999996185302734      ,   94319.166960737028      ,Excitation     
   94319.166960737028      ,   31.653633958286534      ,   94287.513326778746      ,Ionization     
   94287.513326778746      ,   21.133634703762652      ,   94266.379692074988      ,Ionization     
   94266.379692074988      ,   8.3999996185302734      ,   94257.979692456458      ,Excitation     
   94257.979692456458      ,   16.215345164216735      ,   94241.764347292235      ,Ionization     
   94241.764347292235      ,   30.176892333473674      ,   94211.587454958761      ,Ionization     
   94211.587454958761      ,   30.432752032651997      ,   94181.154702926113      ,Ionization     
   94181.154702926113      ,   1.6399999856948853      ,   94179.514702940418      ,Excitation     
   94179.514702940418      ,   4.5000000000000000      ,   94175.014702940418      ,Excitation     
   94175.014702940418      ,   20.412398019363245      ,   94154.602304921049      ,Ionization     
   94154.602304921049      ,   22.872751876579020      ,   94131.729553044468      ,Ionization     
   94131.729553044468      ,   8.3999996185302734      ,   94123.329553425938      ,Excitation     
   94123.329553425938      ,   28.674581839499865      ,   94094.654971586438      ,Ionization     
   94094.654971586438      ,   1.6399999856948853      ,   94093.014971600744      ,Excitation     
   94093.014971600744      ,   21.375186411304320      ,   94071.639785189444      ,Ionization     
   94071.639785189444      ,   51.905249926557353      ,   94019.734535262891      ,Ionization     
   94019.734535262891      ,   9.8999996185302734      ,   94009.834535644361      ,Excitation     
   94009.834535644361      ,   8.3999996185302734      ,   94001.434536025830      ,Excitation     
   94001.434536025830      ,   20.498216359796245      ,   93980.936319666027      ,Ionization     
   93980.936319666027      ,   23.987885236224077      ,   93956.948434429796      ,Ionization     
   93956.948434429796      ,   21.101031604167709      ,   93935.847402825631      ,Ionization     
   93935.847402825631      ,   34.437457022063292      ,   93901.409945803563      ,Ionization     
   93901.409945803563      ,   15.823693085789790      ,   93885.586252717767      ,Ionization     
   93885.586252717767      ,   9.8999996185302734      ,   93875.686253099237      ,Excitation     
   93875.686253099237      ,   4.5000000000000000      ,   93871.186253099237      ,Excitation     
   93871.186253099237      ,   28.360524961553629      ,   93842.825728137686      ,Ionization     
   93842.825728137686      ,   39.537987850601660      ,   93803.287740287080      ,Ionization     
   93803.287740287080      ,   36.088498795105167      ,   93767.199241491981      ,Ionization     
   93767.199241491981      ,   21.654689610421087      ,   93745.544551881554      ,Ionization     
   93745.544551881554      ,   8.3999996185302734      ,   93737.144552263024      ,Excitation     
   93737.144552263024      ,   32.758526500862821      ,   93704.386025762156      ,Ionization     
   93704.386025762156      ,   15.153266583146891      ,   93689.232759179009      ,Ionization     
   93689.232759179009      ,   33.619378161769127      ,   93655.613381017247      ,Ionization     
   93655.613381017247      ,   20.174321775977891      ,   93635.439059241267      ,Ionization     
   93635.439059241267      ,   23.785606315036560      ,   93611.653452926228      ,Ionization     
   93611.653452926228      ,   33.286653097526838      ,   93578.366799828698      ,Ionization     
   93578.366799828698      ,   31.751386931476858      ,   93546.615412897227      ,Ionization     
   93546.615412897227      ,   15.871806376159103      ,   93530.743606521064      ,Ionization     
   93530.743606521064      ,   39.994490313026262      ,   93490.749116208041      ,Ionization     
   93490.749116208041      ,   26.052677213706811      ,   93464.696438994331      ,Ionization     
   93464.696438994331      ,  0.98000001907348633      ,   93463.716438975258      ,Excitation     
   93463.716438975258      ,   50.203549804638314      ,   93413.512889170626      ,Ionization     
   93413.512889170626      ,   37.273061001525200      ,   93376.239828169098      ,Ionization     
   93376.239828169098      ,   19.291638875482001      ,   93356.948189293616      ,Ionization     
   93356.948189293616      ,   23.262521970973232      ,   93333.685667322643      ,Ionization     
   93333.685667322643      ,   30.141512773468733      ,   93303.544154549178      ,Ionization     
   93303.544154549178      ,   21.672775817041710      ,   93281.871378732132      ,Ionization     
   93281.871378732132      ,   47.341543576578893      ,   93234.529835155554      ,Ionization     
   93234.529835155554      ,   4.5000000000000000      ,   93230.029835155554      ,Excitation     
   93230.029835155554      ,   22.083059263699617      ,   93207.946775891847      ,Ionization     
   93207.946775891847      ,   21.513807067692433      ,   93186.432968824156      ,Ionization     
   93186.432968824156      ,   1.6399999856948853      ,   93184.792968838461      ,Excitation     
   93184.792968838461      ,   33.474948289650868      ,   93151.318020548817      ,Ionization     
   93151.318020548817      ,   22.125873929500955      ,   93129.192146619316      ,Ionization     
   93129.192146619316      ,   23.965493549681746      ,   93105.226653069636      ,Ionization     
   93105.226653069636      ,   29.059216516398138      ,   93076.167436553238      ,Ionization     
   93076.167436553238      ,   25.960828525163521      ,   93050.206608028078      ,Ionization     
   93050.206608028078      ,   27.032231773807460      ,   93023.174376254276      ,Ionization     
   93023.174376254276      ,   24.538803148281708      ,   92998.635573105988      ,Ionization     
   92998.635573105988      ,   27.518092733617522      ,   92971.117480372370      ,Ionization     
   92971.117480372370      ,   19.509091733315611      ,   92951.608388639055      ,Ionization     
   92951.608388639055      ,   37.087559610741813      ,   92914.520829028319      ,Ionization     
   92914.520829028319      ,   24.511365177856025      ,   92890.009463850467      ,Ionization     
   92890.009463850467      ,   9.8999996185302734      ,   92880.109464231937      ,Excitation     
   92880.109464231937      ,   18.542134924405026      ,   92861.567329307538      ,Ionization     
   92861.567329307538      ,   23.585845741430518      ,   92837.981483566109      ,Ionization     
   92837.981483566109      ,   18.351579696649804      ,   92819.629903869456      ,Ionization     
   92819.629903869456      ,   36.055206229988684      ,   92783.574697639473      ,Ionization     
   92783.574697639473      ,   21.062076070416307      ,   92762.512621569054      ,Ionization     
   92762.512621569054      ,   20.022124407566665      ,   92742.490497161489      ,Ionization     
   92742.490497161489      ,   22.823335117900072      ,   92719.667162043595      ,Ionization     
   92719.667162043595      ,   24.704564897147236      ,   92694.962597146441      ,Ionization     
   92694.962597146441      ,   18.081836262173663      ,   92676.880760884262      ,Ionization     
   92676.880760884262      ,   23.732068101376633      ,   92653.148692782881      ,Ionization     
   92653.148692782881      ,   30.281912510056863      ,   92622.866780272831      ,Ionization     
   92622.866780272831      ,   29.110431969373749      ,   92593.756348303461      ,Ionization     
   92593.756348303461      ,   27.204415806613952      ,   92566.551932496848      ,Ionization     
   92566.551932496848      ,   27.224758483152542      ,   92539.327174013699      ,Ionization     
   92539.327174013699      ,   29.758901107685510      ,   92509.568272906006      ,Ionization     
   92509.568272906006      ,   21.139672491525737      ,   92488.428600414481      ,Ionization     
   92488.428600414481      ,   21.229488806448813      ,   92467.199111608032      ,Ionization     
   92467.199111608032      ,   1.6399999856948853      ,   92465.559111622337      ,Excitation     
   92465.559111622337      ,   9.8999996185302734      ,   92455.659112003807      ,Excitation     
   92455.659112003807      ,   28.260792659810932      ,   92427.398319343993      ,Ionization     
   92427.398319343993      ,   8.3999996185302734      ,   92418.998319725462      ,Excitation     
   92418.998319725462      ,   26.564110265538545      ,   92392.434209459927      ,Ionization     
   92392.434209459927      ,   35.577632650276421      ,   92356.856576809645      ,Ionization     
   92356.856576809645      ,   8.3999996185302734      ,   92348.456577191115      ,Excitation     
   92348.456577191115      ,   25.862915956131360      ,   92322.593661234991      ,Ionization     
   92322.593661234991      ,   21.232293001887101      ,   92301.361368233105      ,Ionization     
   92301.361368233105      ,   55.227492604037018      ,   92246.133875629064      ,Ionization     
   92246.133875629064      ,   20.036904550053958      ,   92226.096971079009      ,Ionization     
   92226.096971079009      ,   16.081109856473795      ,   92210.015861222535      ,Ionization     
   92210.015861222535      ,   28.060293048818437      ,   92181.955568173711      ,Ionization     
   92181.955568173711      ,   31.794004438833490      ,   92150.161563734873      ,Ionization     
   92150.161563734873      ,   25.455609169662299      ,   92124.705954565216      ,Ionization     
   92124.705954565216      ,   8.3999996185302734      ,   92116.305954946685      ,Excitation     
   92116.305954946685      ,   22.592389291413966      ,   92093.713565655271      ,Ionization     
   92093.713565655271      ,   16.896278723298060      ,   92076.817286931968      ,Ionization     
   92076.817286931968      ,   17.242517614906216      ,   92059.574769317056      ,Ionization     
   92059.574769317056      ,   25.566356695021078      ,   92034.008412622032      ,Ionization     
   92034.008412622032      ,   8.3999996185302734      ,   92025.608413003501      ,Excitation     
   92025.608413003501      ,   24.174630585071846      ,   92001.433782418433      ,Ionization     
   92001.433782418433      ,   30.447410415255533      ,   91970.986372003172      ,Ionization     
   91970.986372003172      ,   26.964423880219204      ,   91944.021948122958      ,Ionization     
   91944.021948122958      ,   26.925423663482178      ,   91917.096524459470      ,Ionization     
   91917.096524459470      ,   17.058112539284654      ,   91900.038411920192      ,Ionization     
   91900.038411920192      ,   32.792532948249054      ,   91867.245878971939      ,Ionization     
   91867.245878971939      ,   31.214851640590481      ,   91836.031027331352      ,Ionization     
   91836.031027331352      ,   23.442811594313397      ,   91812.588215737036      ,Ionization     
   91812.588215737036      ,   34.650699935194062      ,   91777.937515801837      ,Ionization     
   91777.937515801837      ,   16.999381908961062      ,   91760.938133892880      ,Ionization     
   91760.938133892880      ,   16.480297744533644      ,   91744.457836148344      ,Ionization     
   91744.457836148344      ,   33.255480471849523      ,   91711.202355676491      ,Ionization     
   91711.202355676491      ,   39.110985604013109      ,   91672.091370072478      ,Ionization     
   91672.091370072478      ,   4.5000000000000000      ,   91667.591370072478      ,Excitation     
   91667.591370072478      ,   8.3999996185302734      ,   91659.191370453947      ,Excitation     
   91659.191370453947      ,   31.339249759430089      ,   91627.852120694515      ,Ionization     
   91627.852120694515      ,   9.8999996185302734      ,   91617.952121075985      ,Excitation     
   91617.952121075985      ,   24.253453345221100      ,   91593.698667730758      ,Ionization     
   91593.698667730758      ,   19.025225927585087      ,   91574.673441803170      ,Ionization     
   91574.673441803170      ,   22.759759160147937      ,   91551.913682643019      ,Ionization     
   91551.913682643019      ,   21.291454107820751      ,   91530.622228535198      ,Ionization     
   91530.622228535198      ,   19.470870232335955      ,   91511.151358302857      ,Ionization     
   91511.151358302857      ,   19.224525089114557      ,   91491.926833213744      ,Ionization     
   91491.926833213744      ,   19.358461064240885      ,   91472.568372149501      ,Ionization     
   91472.568372149501      ,   19.881582127875376      ,   91452.686790021631      ,Ionization     
   91452.686790021631      ,   26.329061989925449      ,   91426.357728031711      ,Ionization     
   91426.357728031711      ,   23.936316638841937      ,   91402.421411392876      ,Ionization     
   91402.421411392876      ,   34.699353492727809      ,   91367.722057900144      ,Ionization     
   91367.722057900144      ,   31.146022352013382      ,   91336.576035548132      ,Ionization     
   91336.576035548132      ,   21.516882692890299      ,   91315.059152855247      ,Ionization     
   91315.059152855247      ,   8.3999996185302734      ,   91306.659153236717      ,Excitation     
   91306.659153236717      ,   1.6399999856948853      ,   91305.019153251022      ,Excitation     
   91305.019153251022      ,   1.6399999856948853      ,   91303.379153265327      ,Excitation     
   91303.379153265327      ,   23.454066098530177      ,   91279.925087166790      ,Ionization     
   91279.925087166790      ,   27.615222451789954      ,   91252.309864715004      ,Ionization     
   91252.309864715004      ,   4.5000000000000000      ,   91247.809864715004      ,Excitation     
   91247.809864715004      ,   31.976739269980918      ,   91215.833125445017      ,Ionization     
   91215.833125445017      ,   26.956737108732476      ,   91188.876388336284      ,Ionization     
   91188.876388336284      ,   22.488353942673534      ,   91166.388034393618      ,Ionization     
   91166.388034393618      ,   26.282037819831942      ,   91140.105996573780      ,Ionization     
   91140.105996573780      ,   29.496470779269778      ,   91110.609525794513      ,Ionization     
   91110.609525794513      ,   8.3999996185302734      ,   91102.209526175982      ,Excitation     
   91102.209526175982      ,   16.918690297295967      ,   91085.290835878681      ,Ionization     
   91085.290835878681      ,   1.6399999856948853      ,   91083.650835892986      ,Excitation     
   91083.650835892986      ,   31.003270012495456      ,   91052.647565880485      ,Ionization     
   91052.647565880485      ,   22.968441114821815      ,   91029.679124765666      ,Ionization     
   91029.679124765666      ,   38.221651521336007      ,   90991.457473244329      ,Ionization     
   90991.457473244329      ,   4.5000000000000000      ,   90986.957473244329      ,Excitation     
   90986.957473244329      ,   8.3999996185302734      ,   90978.557473625799      ,Excitation     
   90978.557473625799      ,   40.603300052540362      ,   90937.954173573264      ,Ionization     
   90937.954173573264      ,   27.997482672281798      ,   90909.956690900988      ,Ionization     
   90909.956690900988      ,   28.435151535062211      ,   90881.521539365931      ,Ionization     
   90881.521539365931      ,   8.3999996185302734      ,   90873.121539747401      ,Excitation     
   90873.121539747401      ,   24.950461237853297      ,   90848.171078509549      ,Ionization     
   90848.171078509549      ,   19.656669265557554      ,   90828.514409243988      ,Ionization     
   90828.514409243988      ,   18.724660114621013      ,   90809.789749129370      ,Ionization     
   90809.789749129370      ,   9.8999996185302734      ,   90799.889749510839      ,Excitation     
   90799.889749510839      ,   23.608368547284442      ,   90776.281380963555      ,Ionization     
   90776.281380963555      ,   20.466907184361741      ,   90755.814473779188      ,Ionization     
   90755.814473779188      ,   15.793448876728782      ,   90740.021024902453      ,Ionization     
   90740.021024902453      ,   29.622894358610644      ,   90710.398130543836      ,Ionization     
   90710.398130543836      ,   21.903925301256180      ,   90688.494205242576      ,Ionization     
   90688.494205242576      ,   17.884531914578943      ,   90670.609673327999      ,Ionization     
   90670.609673327999      ,   36.583139341346048      ,   90634.026533986660      ,Ionization     
   90634.026533986660      ,   25.558424181405684      ,   90608.468109805253      ,Ionization     
   90608.468109805253      ,   4.5000000000000000      ,   90603.968109805253      ,Excitation     
   90603.968109805253      ,   19.707336966029828      ,   90584.260772839218      ,Ionization     
   90584.260772839218      ,   33.089929972830795      ,   90551.170842866384      ,Ionization     
   90551.170842866384      ,   18.431750478278037      ,   90532.739092388103      ,Ionization     
   90532.739092388103      ,   4.5000000000000000      ,   90528.239092388103      ,Excitation     
   90528.239092388103      ,   22.019019072977333      ,   90506.220073315126      ,Ionization     
   90506.220073315126      ,   19.418314196217672      ,   90486.801759118913      ,Ionization     
   90486.801759118913      ,   43.533487251095529      ,   90443.268271867812      ,Ionization     
   90443.268271867812      ,   25.213514266881713      ,   90418.054757600927      ,Ionization     
   90418.054757600927      ,   16.705107040095925      ,   90401.349650560835      ,Ionization     
   90401.349650560835      ,   31.439962008592438      ,   90369.909688552245      ,Ionization     
   90369.909688552245      ,   25.148935808258166      ,   90344.760752743983      ,Ionization     
   90344.760752743983      ,   8.3999996185302734      ,   90336.360753125453      ,Excitation     
   90336.360753125453      ,   41.184116263069669      ,   90295.176636862379      ,Ionization     
   90295.176636862379      ,   24.458256041961718      ,   90270.718380820414      ,Ionization     
   90270.718380820414      ,   19.784595065205426      ,   90250.933785755202      ,Ionization     
   90250.933785755202      ,   35.443251778975068      ,   90215.490533976234      ,Ionization     
   90215.490533976234      ,   23.940911261165844      ,   90191.549622715072      ,Ionization     
   90191.549622715072      ,   28.974491112425298      ,   90162.575131602644      ,Ionization     
   90162.575131602644      ,   1.6399999856948853      ,   90160.935131616949      ,Excitation     
   90160.935131616949      ,   28.672764959136501      ,   90132.262366657815      ,Ionization     
   90132.262366657815      ,   37.284663697062889      ,   90094.977702960750      ,Ionization     
   90094.977702960750      ,   1.6399999856948853      ,   90093.337702975055      ,Excitation     
   90093.337702975055      ,   21.855605775072533      ,   90071.482097199987      ,Ionization     
   90071.482097199987      ,   23.486081532778087      ,   90047.996015667202      ,Ionization     
   90047.996015667202      ,   49.129562752469703      ,   89998.866452914735      ,Ionization     
   89998.866452914735      ,   24.706143353417961      ,   89974.160309561325      ,Ionization     
   89974.160309561325      ,   26.276081579027199      ,   89947.884227982300      ,Ionization     
   89947.884227982300      ,   33.540069560941745      ,   89914.344158421358      ,Ionization     
   89914.344158421358      ,   39.243821526975459      ,   89875.100336894378      ,Ionization     
   89875.100336894378      ,   23.959033079675855      ,   89851.141303814700      ,Ionization     
   89851.141303814700      ,   4.5000000000000000      ,   89846.641303814700      ,Excitation     
   89846.641303814700      ,   8.3999996185302734      ,   89838.241304196170      ,Excitation     
   89838.241304196170      ,   18.482331163257147      ,   89819.758973032920      ,Ionization     
   89819.758973032920      ,   35.005718283443890      ,   89784.753254749477      ,Ionization     
   89784.753254749477      ,   24.725485137053987      ,   89760.027769612425      ,Ionization     
   89760.027769612425      ,   8.3999996185302734      ,   89751.627769993895      ,Excitation     
   89751.627769993895      ,   25.116147523177588      ,   89726.511622470716      ,Ionization     
   89726.511622470716      ,   1.6399999856948853      ,   89724.871622485021      ,Excitation     
   89724.871622485021      ,   8.3999996185302734      ,   89716.471622866491      ,Excitation     
   89716.471622866491      ,   4.5000000000000000      ,   89711.971622866491      ,Excitation     
   89711.971622866491      ,   4.5000000000000000      ,   89707.471622866491      ,Excitation     
   89707.471622866491      ,   21.044928021519574      ,   89686.426694844966      ,Ionization     
   89686.426694844966      ,   28.241094653590849      ,   89658.185600191369      ,Ionization     
   89658.185600191369      ,   30.342397568314652      ,   89627.843202623058      ,Ionization     
   89627.843202623058      ,  0.98000001907348633      ,   89626.863202603985      ,Excitation     
   89626.863202603985      ,   27.117808000760490      ,   89599.745394603218      ,Ionization     
   89599.745394603218      ,   19.858391290423604      ,   89579.887003312790      ,Ionization     
   89579.887003312790      ,   17.804105034920219      ,   89562.082898277862      ,Ionization     
   89562.082898277862      ,   33.556634138054655      ,   89528.526264139800      ,Ionization     
   89528.526264139800      ,   20.400278928141837      ,   89508.125985211664      ,Ionization     
   89508.125985211664      ,   34.235384701673794      ,   89473.890600509985      ,Ionization     
   89473.890600509985      ,   8.3999996185302734      ,   89465.490600891455      ,Excitation     
   89465.490600891455      ,   4.5000000000000000      ,   89460.990600891455      ,Excitation     
   89460.990600891455      ,   19.921365911610710      ,   89441.069234979848      ,Ionization     
   89441.069234979848      ,   19.427504685749863      ,   89421.641730294097      ,Ionization     
   89421.641730294097      ,   28.022260456322769      ,   89393.619469837780      ,Ionization     
   89393.619469837780      ,   25.394955509919981      ,   89368.224514327856      ,Ionization     
   89368.224514327856      ,   30.076736890470684      ,   89338.147777437393      ,Ionization     
   89338.147777437393      ,   30.228851828572118      ,   89307.918925608814      ,Ionization     
   89307.918925608814      ,   30.335145707897212      ,   89277.583779900917      ,Ionization     
   89277.583779900917      ,   19.019879323400197      ,   89258.563900577516      ,Ionization     
   89258.563900577516      ,   24.880830963233059      ,   89233.683069614286      ,Ionization     
   89233.683069614286      ,   24.757664860290205      ,   89208.925404754002      ,Ionization     
   89208.925404754002      ,   8.3999996185302734      ,   89200.525405135471      ,Excitation     
   89200.525405135471      ,   18.229054711308024      ,   89182.296350424163      ,Ionization     
   89182.296350424163      ,   36.681678840942162      ,   89145.614671583215      ,Ionization     
   89145.614671583215      ,   33.934363392201014      ,   89111.680308191018      ,Ionization     
   89111.680308191018      ,   21.241183820969056      ,   89090.439124370052      ,Ionization     
   89090.439124370052      ,   26.496289577026268      ,   89063.942834793022      ,Ionization     
   89063.942834793022      ,   21.294674389181807      ,   89042.648160403842      ,Ionization     
   89042.648160403842      ,   21.436173445489665      ,   89021.211986958355      ,Ionization     
   89021.211986958355      ,   22.927083956182258      ,   88998.284903002175      ,Ionization     
   88998.284903002175      ,   32.538054992517033      ,   88965.746848009658      ,Ionization     
   88965.746848009658      ,   28.430711547274861      ,   88937.316136462381      ,Ionization     
   88937.316136462381      ,   25.023023292562346      ,   88912.293113169813      ,Ionization     
   88912.293113169813      ,   32.552173310453881      ,   88879.740939859359      ,Ionization     
   88879.740939859359      ,   30.450304734305277      ,   88849.290635125057      ,Ionization     
   88849.290635125057      ,   22.900466460104749      ,   88826.390168664948      ,Ionization     
   88826.390168664948      ,   21.080921781034036      ,   88805.309246883917      ,Ionization     
   88805.309246883917      ,   20.633447654860859      ,   88784.675799229051      ,Ionization     
   88784.675799229051      ,   22.728238149215834      ,   88761.947561079840      ,Ionization     
   88761.947561079840      ,   22.021933015655122      ,   88739.925628064186      ,Ionization     
   88739.925628064186      ,   14.085275982715036      ,   88725.840352081475      ,Ionization     
   88725.840352081475      ,   21.913723738779900      ,   88703.926628342699      ,Ionization     
   88703.926628342699      ,   24.516609942345841      ,   88679.410018400347      ,Ionization     
   88679.410018400347      ,   27.371486378177170      ,   88652.038532022169      ,Ionization     
   88652.038532022169      ,   23.255037743118315      ,   88628.783494279051      ,Ionization     
   88628.783494279051      ,   9.8999996185302734      ,   88618.883494660520      ,Excitation     
   88618.883494660520      ,   9.8999996185302734      ,   88608.983495041990      ,Excitation     
   88608.983495041990      ,   24.946484351948087      ,   88584.037010690037      ,Ionization     
   88584.037010690037      ,   27.129238011366599      ,   88556.907772678664      ,Ionization     
   88556.907772678664      ,   9.8999996185302734      ,   88547.007773060133      ,Excitation     
   88547.007773060133      ,   26.915641429721305      ,   88520.092131630416      ,Ionization     
   88520.092131630416      ,   17.579859143031307      ,   88502.512272487380      ,Ionization     
   88502.512272487380      ,   20.496470190998863      ,   88482.015802296388      ,Ionization     
   88482.015802296388      ,   24.435984650931935      ,   88457.579817645455      ,Ionization     
   88457.579817645455      ,   27.011128941283609      ,   88430.568688704167      ,Ionization     
   88430.568688704167      ,   8.3999996185302734      ,   88422.168689085636      ,Excitation     
   88422.168689085636      ,   32.299659466778657      ,   88389.869029618858      ,Ionization     
   88389.869029618858      ,   21.643667300284115      ,   88368.225362318568      ,Ionization     
   88368.225362318568      ,   8.3999996185302734      ,   88359.825362700038      ,Excitation     
   88359.825362700038      ,   37.880818482059716      ,   88321.944544217971      ,Ionization     
   88321.944544217971      ,   25.767095001224128      ,   88296.177449216746      ,Ionization     
   88296.177449216746      ,   8.3999996185302734      ,   88287.777449598216      ,Excitation     
   88287.777449598216      ,   24.409387371381960      ,   88263.368062226829      ,Ionization     
   88263.368062226829      ,   4.5000000000000000      ,   88258.868062226829      ,Excitation     
   88258.868062226829      ,   35.047334297264833      ,   88223.820727929560      ,Ionization     
   88223.820727929560      ,   28.688386395557515      ,   88195.132341534001      ,Ionization     
   88195.132341534001      ,   8.3999996185302734      ,   88186.732341915471      ,Excitation     
   88186.732341915471      ,   8.3999996185302734      ,   88178.332342296941      ,Excitation     
   88178.332342296941      ,   20.012466914291529      ,   88158.319875382644      ,Ionization     
   88158.319875382644      ,   21.542577703724930      ,   88136.777297678913      ,Ionization     
   88136.777297678913      ,   14.361464135447358      ,   88122.415833543462      ,Ionization     
   88122.415833543462      ,   22.025982194321120      ,   88100.389851349144      ,Ionization     
   88100.389851349144      ,   24.423671611689237      ,   88075.966179737457      ,Ionization     
   88075.966179737457      ,   22.329165430255451      ,   88053.637014307198      ,Ionization     
   88053.637014307198      ,   27.591305524147387      ,   88026.045708783044      ,Ionization     
   88026.045708783044      ,   8.3999996185302734      ,   88017.645709164513      ,Excitation     
   88017.645709164513      ,   24.421520995080186      ,   87993.224188169435      ,Ionization     
   87993.224188169435      ,   38.514926453008449      ,   87954.709261716431      ,Ionization     
   87954.709261716431      ,   23.589402355955663      ,   87931.119859360479      ,Ionization     
   87931.119859360479      ,   15.942212719964878      ,   87915.177646640514      ,Ionization     
   87915.177646640514      ,   22.585341690433800      ,   87892.592304950085      ,Ionization     
   87892.592304950085      ,   32.228207611030079      ,   87860.364097339057      ,Ionization     
   87860.364097339057      ,   25.688361343632010      ,   87834.675735995421      ,Ionization     
   87834.675735995421      ,   17.404529105147567      ,   87817.271206890277      ,Ionization     
   87817.271206890277      ,   30.453386957090657      ,   87786.817819933189      ,Ionization     
   87786.817819933189      ,   22.665761025892451      ,   87764.152058907290      ,Ionization     
   87764.152058907290      ,   23.906780696857393      ,   87740.245278210437      ,Ionization     
   87740.245278210437      ,   27.171821905531125      ,   87713.073456304905      ,Ionization     
   87713.073456304905      ,   18.594759598902886      ,   87694.478696706006      ,Ionization     
   87694.478696706006      ,   24.923516936084983      ,   87669.555179769915      ,Ionization     
   87669.555179769915      ,   26.959820709877569      ,   87642.595359060040      ,Ionization     
   87642.595359060040      ,   8.3999996185302734      ,   87634.195359441510      ,Excitation     
   87634.195359441510      ,   25.360950622395009      ,   87608.834408819108      ,Ionization     
   87608.834408819108      ,   23.519124132312939      ,   87585.315284686789      ,Ionization     
   87585.315284686789      ,   9.8999996185302734      ,   87575.415285068259      ,Excitation     
   87575.415285068259      ,   28.814027084957324      ,   87546.601257983304      ,Ionization     
   87546.601257983304      ,   21.203424268331538      ,   87525.397833714975      ,Ionization     
   87525.397833714975      ,   20.654258164394122      ,   87504.743575550587      ,Ionization     
   87504.743575550587      ,   17.298083073802928      ,   87487.445492476778      ,Ionization     
   87487.445492476778      ,   1.6399999856948853      ,   87485.805492491083      ,Excitation     
   87485.805492491083      ,   30.290090552726781      ,   87455.515401938363      ,Ionization     
   87455.515401938363      ,   21.782711476942154      ,   87433.732690461416      ,Ionization     
   87433.732690461416      ,   22.662869892770107      ,   87411.069820568649      ,Ionization     
   87411.069820568649      ,   18.646166945413565      ,   87392.423653623235      ,Ionization     
   87392.423653623235      ,   20.780278092875633      ,   87371.643375530359      ,Ionization     
   87371.643375530359      ,   38.595236424601801      ,   87333.048139105755      ,Ionization     
   87333.048139105755      ,   8.3999996185302734      ,   87324.648139487224      ,Excitation     
   87324.648139487224      ,   19.005487725100974      ,   87305.642651762129      ,Ionization     
   87305.642651762129      ,   29.620097626871640      ,   87276.022554135256      ,Ionization     
   87276.022554135256      ,   18.121083355132068      ,   87257.901470780125      ,Ionization     
   87257.901470780125      ,   19.930954738620496      ,   87237.970516041503      ,Ionization     
   87237.970516041503      ,   47.717014660691198      ,   87190.253501380808      ,Ionization     
   87190.253501380808      ,   8.3999996185302734      ,   87181.853501762278      ,Excitation     
   87181.853501762278      ,   29.961738495525253      ,   87151.891763266758      ,Ionization     
   87151.891763266758      ,   27.870404148433835      ,   87124.021359118327      ,Ionization     
   87124.021359118327      ,   9.8999996185302734      ,   87114.121359499797      ,Excitation     
   87114.121359499797      ,   23.717406085365585      ,   87090.403953414425      ,Ionization     
   87090.403953414425      ,   21.334066700916946      ,   87069.069886713507      ,Ionization     
   87069.069886713507      ,   8.3999996185302734      ,   87060.669887094977      ,Excitation     
   87060.669887094977      ,  0.98000001907348633      ,   87059.689887075903      ,Excitation     
   87059.689887075903      ,   19.225000437802365      ,   87040.464886638103      ,Ionization     
   87040.464886638103      ,   19.576422267176302      ,   87020.888464370932      ,Ionization     
   87020.888464370932      ,   15.903939807271168      ,   87004.984524563653      ,Ionization     
   87004.984524563653      ,   31.618354115158958      ,   86973.366170448498      ,Ionization     
   86973.366170448498      ,   18.477603032510885      ,   86954.888567415983      ,Ionization     
   86954.888567415983      ,   31.352212142153697      ,   86923.536355273827      ,Ionization     
   86923.536355273827      ,   9.8999996185302734      ,   86913.636355655297      ,Excitation     
   86913.636355655297      ,   27.711343209791075      ,   86885.925012445499      ,Ionization     
   86885.925012445499      ,   22.961968091619632      ,   86862.963044353877      ,Ionization     
   86862.963044353877      ,   26.920724804063020      ,   86836.042319549815      ,Ionization     
   86836.042319549815      ,   4.5000000000000000      ,   86831.542319549815      ,Excitation     
   86831.542319549815      ,  0.98000001907348633      ,   86830.562319530742      ,Excitation     
   86830.562319530742      ,   22.890968564131835      ,   86807.671350966615      ,Ionization     
   86807.671350966615      ,   16.802337373473765      ,   86790.869013593139      ,Ionization     
   86790.869013593139      ,   8.3999996185302734      ,   86782.469013974609      ,Excitation     
   86782.469013974609      ,   37.207248565263257      ,   86745.261765409348      ,Ionization     
   86745.261765409348      ,   26.535932733194535      ,   86718.725832676151      ,Ionization     
   86718.725832676151      ,   23.785518746556370      ,   86694.940313929590      ,Ionization     
   86694.940313929590      ,   30.420743413290126      ,   86664.519570516306      ,Ionization     
   86664.519570516306      ,   18.851157649167760      ,   86645.668412867133      ,Ionization     
   86645.668412867133      ,   27.536378235803582      ,   86618.132034631330      ,Ionization     
   86618.132034631330      ,   8.3999996185302734      ,   86609.732035012799      ,Excitation     
   86609.732035012799      ,   25.152657915370401      ,   86584.579377097427      ,Ionization     
   86584.579377097427      ,  0.98000001907348633      ,   86583.599377078353      ,Excitation     
   86583.599377078353      ,   31.270841390562900      ,   86552.328535687790      ,Ionization     
   86552.328535687790      ,   35.551641312861690      ,   86516.776894374925      ,Ionization     
   86516.776894374925      ,   4.5000000000000000      ,   86512.276894374925      ,Excitation     
   86512.276894374925      ,   8.3999996185302734      ,   86503.876894756395      ,Excitation     
   86503.876894756395      ,   8.3999996185302734      ,   86495.476895137865      ,Excitation     
   86495.476895137865      ,   26.832915936449012      ,   86468.643979201413      ,Ionization     
   86468.643979201413      ,   33.245619459505576      ,   86435.398359741914      ,Ionization     
   86435.398359741914      ,   16.315133447267343      ,   86419.083226294650      ,Ionization     
   86419.083226294650      ,   31.301488579966716      ,   86387.781737714686      ,Ionization     
   86387.781737714686      ,   42.042948541656237      ,   86345.738789173032      ,Ionization     
   86345.738789173032      ,   18.650375179838836      ,   86327.088413993188      ,Ionization     
   86327.088413993188      ,   4.5000000000000000      ,   86322.588413993188      ,Excitation     
   86322.588413993188      ,   55.824824654257554      ,   86266.763589338923      ,Ionization     
   86266.763589338923      ,   39.509835522343749      ,   86227.253753816578      ,Ionization     
   86227.253753816578      ,   19.297203245551245      ,   86207.956550571020      ,Ionization     
   86207.956550571020      ,   1.6399999856948853      ,   86206.316550585325      ,Excitation     
   86206.316550585325      ,   16.409866854982273      ,   86189.906683730340      ,Ionization     
   86189.906683730340      ,   34.378780870488470      ,   86155.527902859845      ,Ionization     
   86155.527902859845      ,   22.882967592274888      ,   86132.644935267570      ,Ionization     
   86132.644935267570      ,   20.463871514571018      ,   86112.181063753000      ,Ionization     
   86112.181063753000      ,   8.3999996185302734      ,   86103.781064134469      ,Excitation     
   86103.781064134469      ,   16.197162189929571      ,   86087.583901944541      ,Ionization     
   86087.583901944541      ,   30.756325933887645      ,   86056.827576010648      ,Ionization     
   86056.827576010648      ,   18.064114951483567      ,   86038.763461059163      ,Ionization     
   86038.763461059163      ,   47.102866856425159      ,   85991.660594202738      ,Ionization     
   85991.660594202738      ,   17.157506528578615      ,   85974.503087674166      ,Ionization     
   85974.503087674166      ,   23.859004851539318      ,   85950.644082822633      ,Ionization     
   85950.644082822633      ,   22.132402266882508      ,   85928.511680555748      ,Ionization     
   85928.511680555748      ,   27.191683602632960      ,   85901.319996953112      ,Ionization     
   85901.319996953112      ,   21.748232065531255      ,   85879.571764887587      ,Ionization     
   85879.571764887587      ,   26.957806564662679      ,   85852.613958322923      ,Ionization     
   85852.613958322923      ,   33.195464364605364      ,   85819.418493958321      ,Ionization     
   85819.418493958321      ,   20.656718434352200      ,   85798.761775523963      ,Ionization     
   85798.761775523963      ,   16.544522834466118      ,   85782.217252689501      ,Ionization     
   85782.217252689501      ,   26.529531344753831      ,   85755.687721344744      ,Ionization     
   85755.687721344744      ,   8.3999996185302734      ,   85747.287721726214      ,Excitation     
   85747.287721726214      ,   19.658316031494536      ,   85727.629405694723      ,Ionization     
   85727.629405694723      ,   15.705915124267319      ,   85711.923490570451      ,Ionization     
   85711.923490570451      ,   19.321558131883293      ,   85692.601932438571      ,Ionization     
   85692.601932438571      ,   15.838639553593165      ,   85676.763292884978      ,Ionization     
   85676.763292884978      ,   35.418516240729112      ,   85641.344776644255      ,Ionization     
   85641.344776644255      ,   20.185039123780633      ,   85621.159737520473      ,Ionization     
   85621.159737520473      ,   19.761212087295782      ,   85601.398525433178      ,Ionization     
   85601.398525433178      ,   9.8999996185302734      ,   85591.498525814648      ,Excitation     
   85591.498525814648      ,   37.043762042623769      ,   85554.454763772024      ,Ionization     
   85554.454763772024      ,   39.819667143870461      ,   85514.635096628161      ,Ionization     
   85514.635096628161      ,   21.448809479310214      ,   85493.186287148856      ,Ionization     
   85493.186287148856      ,   37.339909883531845      ,   85455.846377265319      ,Ionization     
   85455.846377265319      ,   23.450877595370866      ,   85432.395499669947      ,Ionization     
   85432.395499669947      ,   22.609780814789886      ,   85409.785718855157      ,Ionization     
   85409.785718855157      ,   32.945073253129287      ,   85376.840645602031      ,Ionization     
   85376.840645602031      ,   25.636119454560326      ,   85351.204526147470      ,Ionization     
   85351.204526147470      ,   9.8999996185302734      ,   85341.304526528940      ,Excitation     
   85341.304526528940      ,   44.018375098795225      ,   85297.286151430148      ,Ionization     
   85297.286151430148      ,   19.397667864712005      ,   85277.888483565432      ,Ionization     
   85277.888483565432      ,   9.8999996185302734      ,   85267.988483946901      ,Excitation     
   85267.988483946901      ,   9.8999996185302734      ,   85258.088484328371      ,Excitation     
   85258.088484328371      ,  0.98000001907348633      ,   85257.108484309298      ,Excitation     
   85257.108484309298      ,   1.6399999856948853      ,   85255.468484323603      ,Excitation     
   85255.468484323603      ,   34.959186811149998      ,   85220.509297512457      ,Ionization     
   85220.509297512457      ,   8.3999996185302734      ,   85212.109297893927      ,Excitation     
   85212.109297893927      ,   32.703360948717346      ,   85179.405936945215      ,Ionization     
   85179.405936945215      ,   1.6399999856948853      ,   85177.765936959520      ,Excitation     
   85177.765936959520      ,   20.918981209706946      ,   85156.846955749817      ,Ionization     
   85156.846955749817      ,   26.257384053487893      ,   85130.589571696328      ,Ionization     
   85130.589571696328      ,   1.6399999856948853      ,   85128.949571710633      ,Excitation     
   85128.949571710633      ,   20.034814009189084      ,   85108.914757701437      ,Ionization     
   85108.914757701437      ,   1.6399999856948853      ,   85107.274757715742      ,Excitation     
   85107.274757715742      ,  0.98000001907348633      ,   85106.294757696669      ,Excitation     
   85106.294757696669      ,   29.565594175321316      ,   85076.729163521348      ,Ionization     
   85076.729163521348      ,   25.100161568036128      ,   85051.629001953319      ,Ionization     
   85051.629001953319      ,   8.3999996185302734      ,   85043.229002334789      ,Excitation     
   85043.229002334789      ,   19.567916100692756      ,   85023.661086234089      ,Ionization     
   85023.661086234089      ,   28.760937395349714      ,   84994.900148838744      ,Ionization     
   84994.900148838744      ,   25.063449244138695      ,   84969.836699594598      ,Ionization     
   84969.836699594598      ,   19.049282959755832      ,   84950.787416634848      ,Ionization     
   84950.787416634848      ,   26.287232439223910      ,   84924.500184195625      ,Ionization     
   84924.500184195625      ,   4.5000000000000000      ,   84920.000184195625      ,Excitation     
   84920.000184195625      ,   44.424573701396810      ,   84875.575610494227      ,Ionization     
   84875.575610494227      ,   22.913826415987430      ,   84852.661784078242      ,Ionization     
   84852.661784078242      ,   1.6399999856948853      ,   84851.021784092547      ,Excitation     
   84851.021784092547      ,   24.126487309893236      ,   84826.895296782648      ,Ionization     
   84826.895296782648      ,   14.940534494168334      ,   84811.954762288486      ,Ionization     
   84811.954762288486      ,   28.843771177475517      ,   84783.110991111011      ,Ionization     
   84783.110991111011      ,   4.5000000000000000      ,   84778.610991111011      ,Excitation     
   84778.610991111011      ,   1.6399999856948853      ,   84776.970991125316      ,Excitation     
   84776.970991125316      ,   29.563968424995387      ,   84747.407022700325      ,Ionization     
   84747.407022700325      ,   47.383148185304378      ,   84700.023874515027      ,Ionization     
   84700.023874515027      ,   33.073349240328554      ,   84666.950525274704      ,Ionization     
   84666.950525274704      ,   17.185792331597874      ,   84649.764732943106      ,Ionization     
   84649.764732943106      ,   31.640706228139116      ,   84618.124026714970      ,Ionization     
   84618.124026714970      ,   1.6399999856948853      ,   84616.484026729275      ,Excitation     
   84616.484026729275      ,  0.98000001907348633      ,   84615.504026710201      ,Excitation     
   84615.504026710201      ,   9.8999996185302734      ,   84605.604027091671      ,Excitation     
   84605.604027091671      ,   27.258214360802935      ,   84578.345812730870      ,Ionization     
   84578.345812730870      ,   32.218174908289967      ,   84546.127637822574      ,Ionization     
   84546.127637822574      ,   26.861915186838793      ,   84519.265722635741      ,Ionization     
   84519.265722635741      ,   28.672149625547959      ,   84490.593573010192      ,Ionization     
   84490.593573010192      ,   31.427160202578072      ,   84459.166412807608      ,Ionization     
   84459.166412807608      ,   8.3999996185302734      ,   84450.766413189078      ,Excitation     
   84450.766413189078      ,   27.185263073238502      ,   84423.581150115846      ,Ionization     
   84423.581150115846      ,   17.681648591133964      ,   84405.899501524706      ,Ionization     
   84405.899501524706      ,   18.513178482125092      ,   84387.386323042578      ,Ionization     
   84387.386323042578      ,   30.766181984099738      ,   84356.620141058476      ,Ionization     
   84356.620141058476      ,   21.321579091026962      ,   84335.298561967444      ,Ionization     
   84335.298561967444      ,   19.411847724239571      ,   84315.886714243199      ,Ionization     
   84315.886714243199      ,   34.683983941299289      ,   84281.202730301899      ,Ionization     
   84281.202730301899      ,   26.879383721551989      ,   84254.323346580350      ,Ionization     
   84254.323346580350      ,   32.269643844998896      ,   84222.053702735357      ,Ionization     
   84222.053702735357      ,   15.338895502278628      ,   84206.714807233075      ,Ionization     
   84206.714807233075      ,  0.98000001907348633      ,   84205.734807214001      ,Excitation     
   84205.734807214001      ,   32.252038868063373      ,   84173.482768345944      ,Ionization     
   84173.482768345944      ,   35.245714435828496      ,   84138.237053910110      ,Ionization     
   84138.237053910110      ,   8.3999996185302734      ,   84129.837054291580      ,Excitation     
   84129.837054291580      ,   19.140156159123059      ,   84110.696898132461      ,Ionization     
   84110.696898132461      ,   30.870820763969213      ,   84079.826077368489      ,Ionization     
   84079.826077368489      ,   21.536974182762044      ,   84058.289103185729      ,Ionization     
   84058.289103185729      ,   29.529058923662483      ,   84028.760044262061      ,Ionization     
   84028.760044262061      ,   17.794695223075255      ,   84010.965349038990      ,Ionization     
   84010.965349038990      ,   23.810112536831301      ,   83987.155236502163      ,Ionization     
   83987.155236502163      ,   24.698500680056107      ,   83962.456735822110      ,Ionization     
   83962.456735822110      ,   32.831640062055051      ,   83929.625095760057      ,Ionization     
   83929.625095760057      ,   39.972768121072896      ,   83889.652327638978      ,Ionization     
   83889.652327638978      ,  0.98000001907348633      ,   83888.672327619905      ,Excitation     
   83888.672327619905      ,   44.309112517691965      ,   83844.363215102218      ,Ionization     
   83844.363215102218      ,   8.3999996185302734      ,   83835.963215483687      ,Excitation     
   83835.963215483687      ,   22.147298362159898      ,   83813.815917121523      ,Ionization     
   83813.815917121523      ,   22.956658132825922      ,   83790.859258988698      ,Ionization     
   83790.859258988698      ,   33.138365134878534      ,   83757.720893853824      ,Ionization     
   83757.720893853824      ,   8.3999996185302734      ,   83749.320894235294      ,Excitation     
   83749.320894235294      ,   19.678368706483564      ,   83729.642525528805      ,Ionization     
   83729.642525528805      ,   28.957745797763572      ,   83700.684779731047      ,Ionization     
   83700.684779731047      ,   21.256803103339664      ,   83679.427976627703      ,Ionization     
   83679.427976627703      ,   16.537008235497602      ,   83662.890968392210      ,Ionization     
   83662.890968392210      ,   1.6399999856948853      ,   83661.250968406515      ,Excitation     
   83661.250968406515      ,   4.5000000000000000      ,   83656.750968406515      ,Excitation     
   83656.750968406515      ,   21.857882837245597      ,   83634.893085569274      ,Ionization     
   83634.893085569274      ,   32.505385757177301      ,   83602.387699812098      ,Ionization     
   83602.387699812098      ,   20.512846598441403      ,   83581.874853213652      ,Ionization     
   83581.874853213652      ,   24.351600403512215      ,   83557.523252810133      ,Ionization     
   83557.523252810133      ,   29.740773060394076      ,   83527.782479749745      ,Ionization     
   83527.782479749745      ,   34.563192218673962      ,   83493.219287531072      ,Ionization     
   83493.219287531072      ,   18.546755130586924      ,   83474.672532400480      ,Ionization     
   83474.672532400480      ,   4.5000000000000000      ,   83470.172532400480      ,Excitation     
   83470.172532400480      ,   21.513165497702957      ,   83448.659366902779      ,Ionization     
   83448.659366902779      ,   16.462605295619447      ,   83432.196761607163      ,Ionization     
   83432.196761607163      ,   32.622358663408214      ,   83399.574402943748      ,Ionization     
   83399.574402943748      ,   21.712110803583563      ,   83377.862292140169      ,Ionization     
   83377.862292140169      ,   27.070666995006292      ,   83350.791625145168      ,Ionization     
   83350.791625145168      ,   20.039905625495148      ,   83330.751719519671      ,Ionization     
   83330.751719519671      ,   15.732919925935064      ,   83315.018799593730      ,Ionization     
   83315.018799593730      ,   8.3999996185302734      ,   83306.618799975200      ,Excitation     
   83306.618799975200      ,   24.473207501367781      ,   83282.145592473826      ,Ionization     
   83282.145592473826      ,   29.845055874490562      ,   83252.300536599330      ,Ionization     
   83252.300536599330      ,   29.173196584949721      ,   83223.127340014384      ,Ionization     
   83223.127340014384      ,   20.856320819528776      ,   83202.271019194857      ,Ionization     
   83202.271019194857      ,   30.619654195253489      ,   83171.651364999605      ,Ionization     
   83171.651364999605      ,   30.272990257177426      ,   83141.378374742431      ,Ionization     
   83141.378374742431      ,   43.631576316907918      ,   83097.746798425520      ,Ionization     
   83097.746798425520      ,   39.554268492904015      ,   83058.192529932610      ,Ionization     
   83058.192529932610      ,   17.193317901928538      ,   83040.999212030685      ,Ionization     
   83040.999212030685      ,   20.832037885178448      ,   83020.167174145507      ,Ionization     
   83020.167174145507      ,   29.178189918403945      ,   82990.988984227108      ,Ionization     
   82990.988984227108      ,   42.639677694265181      ,   82948.349306532837      ,Ionization     
   82948.349306532837      ,   36.629386015603394      ,   82911.719920517236      ,Ionization     
   82911.719920517236      ,   21.065765688764337      ,   82890.654154828473      ,Ionization     
   82890.654154828473      ,   17.763101388858846      ,   82872.891053439613      ,Ionization     
   82872.891053439613      ,   23.430998784885205      ,   82849.460054654730      ,Ionization     
   82849.460054654730      ,   24.211195603890403      ,   82825.248859050844      ,Ionization     
   82825.248859050844      ,   28.518610169491375      ,   82796.730248881358      ,Ionization     
   82796.730248881358      ,   18.749664552808003      ,   82777.980584328558      ,Ionization     
   82777.980584328558      ,   25.513923036881618      ,   82752.466661291677      ,Ionization     
   82752.466661291677      ,   25.715498351595208      ,   82726.751162940083      ,Ionization     
   82726.751162940083      ,   32.224342207847648      ,   82694.526820732237      ,Ionization     
   82694.526820732237      ,   21.755993295488096      ,   82672.770827436747      ,Ionization     
   82672.770827436747      ,   30.979172461388025      ,   82641.791654975357      ,Ionization     
   82641.791654975357      ,   1.6399999856948853      ,   82640.151654989662      ,Excitation     
   82640.151654989662      ,   15.817269767259944      ,   82624.334385222406      ,Ionization     
   82624.334385222406      ,   30.673402104008147      ,   82593.660983118403      ,Ionization     
   82593.660983118403      ,   23.428929437563397      ,   82570.232053680840      ,Ionization     
   82570.232053680840      ,   20.628318102997703      ,   82549.603735577839      ,Ionization     
   82549.603735577839      ,   36.018055169682725      ,   82513.585680408156      ,Ionization     
   82513.585680408156      ,   25.987940165044037      ,   82487.597740243116      ,Ionization     
   82487.597740243116      ,   21.962266156651360      ,   82465.635474086463      ,Ionization     
   82465.635474086463      ,   22.069203796461132      ,   82443.566270290001      ,Ionization     
   82443.566270290001      ,   27.760704985094577      ,   82415.805565304909      ,Ionization     
   82415.805565304909      ,   22.948637861040332      ,   82392.856927443863      ,Ionization     
   82392.856927443863      ,   25.708662576917824      ,   82367.148264866948      ,Ionization     
   82367.148264866948      ,   45.473066720779912      ,   82321.675198146171      ,Ionization     
   82321.675198146171      ,   33.894615609048664      ,   82287.780582537118      ,Ionization     
   82287.780582537118      ,   18.228463754770960      ,   82269.552118782347      ,Ionization     
   82269.552118782347      ,   8.3999996185302734      ,   82261.152119163817      ,Excitation     
   82261.152119163817      ,   32.944040658489975      ,   82228.208078505326      ,Ionization     
   82228.208078505326      ,   32.719982461640697      ,   82195.488096043686      ,Ionization     
   82195.488096043686      ,   30.141469123556988      ,   82165.346626920131      ,Ionization     
   82165.346626920131      ,   14.995881155553452      ,   82150.350745764576      ,Ionization     
   82150.350745764576      ,  0.98000001907348633      ,   82149.370745745502      ,Excitation     
   82149.370745745502      ,   29.516010856353823      ,   82119.854734889144      ,Ionization     
   82119.854734889144      ,   35.790129143459325      ,   82084.064605745691      ,Ionization     
   82084.064605745691      ,   19.518960348389200      ,   82064.545645397302      ,Ionization     
   82064.545645397302      ,   8.3999996185302734      ,   82056.145645778772      ,Excitation     
   82056.145645778772      ,   25.921433165988223      ,   82030.224212612782      ,Ionization     
   82030.224212612782      ,   25.675687538424370      ,   82004.548525074351      ,Ionization     
   82004.548525074351      ,   26.781557785704642      ,   81977.766967288640      ,Ionization     
   81977.766967288640      ,   37.703623132949581      ,   81940.063344155686      ,Ionization     
   81940.063344155686      ,   20.684689959313872      ,   81919.378654196378      ,Ionization     
   81919.378654196378      ,   34.135912198005187      ,   81885.242741998372      ,Ionization     
   81885.242741998372      ,   27.304336543960794      ,   81857.938405454406      ,Ionization     
   81857.938405454406      ,   21.898680619806157      ,   81836.039724834598      ,Ionization     
   81836.039724834598      ,   8.3999996185302734      ,   81827.639725216068      ,Excitation     
   81827.639725216068      ,   1.6399999856948853      ,   81825.999725230373      ,Excitation     
   81825.999725230373      ,  0.98000001907348633      ,   81825.019725211299      ,Excitation     
   81825.019725211299      ,   22.738601092228258      ,   81802.281124119065      ,Ionization     
   81802.281124119065      ,   25.111515514423331      ,   81777.169608604643      ,Ionization     
   81777.169608604643      ,   21.419726627220399      ,   81755.749881977419      ,Ionization     
   81755.749881977419      ,   24.987783211873765      ,   81730.762098765539      ,Ionization     
   81730.762098765539      ,   36.403953870742534      ,   81694.358144894795      ,Ionization     
   81694.358144894795      ,   23.246384021722385      ,   81671.111760873071      ,Ionization     
   81671.111760873071      ,   31.835221324709330      ,   81639.276539548358      ,Ionization     
   81639.276539548358      ,   36.617694381419376      ,   81602.658845166938      ,Ionization     
   81602.658845166938      ,   1.6399999856948853      ,   81601.018845181243      ,Excitation     
   81601.018845181243      ,   38.197695143524896      ,   81562.821150037722      ,Ionization     
   81562.821150037722      ,   19.617779968327962      ,   81543.203370069401      ,Ionization     
   81543.203370069401      ,   25.255708581397045      ,   81517.947661487997      ,Ionization     
   81517.947661487997      ,   19.582061280786089      ,   81498.365600207209      ,Ionization     
   81498.365600207209      ,   8.3999996185302734      ,   81489.965600588679      ,Excitation     
   81489.965600588679      ,   20.139739063988827      ,   81469.825861524689      ,Ionization     
   81469.825861524689      ,   33.214964389316819      ,   81436.610897135368      ,Ionization     
   81436.610897135368      ,   26.294846005171969      ,   81410.316051130198      ,Ionization     
   81410.316051130198      ,   19.513300489194322      ,   81390.802750641000      ,Ionization     
   81390.802750641000      ,   29.969502049592506      ,   81360.833248591414      ,Ionization     
   81360.833248591414      ,   20.778161020943951      ,   81340.055087570465      ,Ionization     
   81340.055087570465      ,   4.5000000000000000      ,   81335.555087570465      ,Excitation     
   81335.555087570465      ,   8.3999996185302734      ,   81327.155087951935      ,Excitation     
   81327.155087951935      ,   9.8999996185302734      ,   81317.255088333404      ,Excitation     
   81317.255088333404      ,   8.3999996185302734      ,   81308.855088714874      ,Excitation     
   81308.855088714874      ,   17.040935387985733      ,   81291.814153326894      ,Ionization     
   81291.814153326894      ,   1.6399999856948853      ,   81290.174153341199      ,Excitation     
   81290.174153341199      ,   26.979463735326441      ,   81263.194689605865      ,Ionization     
   81263.194689605865      ,   29.894276679049831      ,   81233.300412926808      ,Ionization     
   81233.300412926808      ,   33.328223620897624      ,   81199.972189305918      ,Ionization     
   81199.972189305918      ,   26.703418724654071      ,   81173.268770581257      ,Ionization     
   81173.268770581257      ,   21.955133259763407      ,   81151.313637321495      ,Ionization     
   81151.313637321495      ,   36.974890430937961      ,   81114.338746890557      ,Ionization     
   81114.338746890557      ,   29.961650558970767      ,   81084.377096331591      ,Ionization     
   81084.377096331591      ,   8.3999996185302734      ,   81075.977096713061      ,Excitation     
   81075.977096713061      ,   8.3999996185302734      ,   81067.577097094530      ,Excitation     
   81067.577097094530      ,   32.128869833009105      ,   81035.448227261528      ,Ionization     
   81035.448227261528      ,   19.825344654522368      ,   81015.622882607000      ,Ionization     
   81015.622882607000      ,   55.816645149074319      ,   80959.806237457931      ,Ionization     
   80959.806237457931      ,   1.6399999856948853      ,   80958.166237472236      ,Excitation     
   80958.166237472236      ,   25.344874447858896      ,   80932.821363024384      ,Ionization     
   80932.821363024384      ,   29.248921233170087      ,   80903.572441791213      ,Ionization     
   80903.572441791213      ,   21.215419289539476      ,   80882.357022501674      ,Ionization     
   80882.357022501674      ,   8.3999996185302734      ,   80873.957022883144      ,Excitation     
   80873.957022883144      ,   8.3999996185302734      ,   80865.557023264613      ,Excitation     
   80865.557023264613      ,   33.157375842881876      ,   80832.399647421727      ,Ionization     
   80832.399647421727      ,  0.98000001907348633      ,   80831.419647402654      ,Excitation     
   80831.419647402654      ,   25.849508281719391      ,   80805.570139120930      ,Ionization     
   80805.570139120930      ,   28.979417438125566      ,   80776.590721682805      ,Ionization     
   80776.590721682805      ,   31.601867951386296      ,   80744.988853731425      ,Ionization     
   80744.988853731425      ,   21.007451983673057      ,   80723.981401747747      ,Ionization     
   80723.981401747747      ,   30.128291516329966      ,   80693.853110231415      ,Ionization     
   80693.853110231415      ,   26.707120463778004      ,   80667.145989767640      ,Ionization     
   80667.145989767640      ,   8.3999996185302734      ,   80658.745990149109      ,Excitation     
   80658.745990149109      ,  0.98000001907348633      ,   80657.765990130036      ,Excitation     
   80657.765990130036      ,   24.720550738141952      ,   80633.045439391892      ,Ionization     
   80633.045439391892      ,   18.418585727969237      ,   80614.626853663925      ,Ionization     
   80614.626853663925      ,   17.569145760511596      ,   80597.057707903412      ,Ionization     
   80597.057707903412      ,   9.8999996185302734      ,   80587.157708284882      ,Excitation     
   80587.157708284882      ,   17.825375729848034      ,   80569.332332555030      ,Ionization     
   80569.332332555030      ,   32.148933391233783      ,   80537.183399163798      ,Ionization     
   80537.183399163798      ,   26.801162264048855      ,   80510.382236899750      ,Ionization     
   80510.382236899750      ,   16.923435449760987      ,   80493.458801449990      ,Ionization     
   80493.458801449990      ,   4.5000000000000000      ,   80488.958801449990      ,Excitation     
   80488.958801449990      ,   4.5000000000000000      ,   80484.458801449990      ,Excitation     
   80484.458801449990      ,   28.962596955095051      ,   80455.496204494892      ,Ionization     
   80455.496204494892      ,   31.493420524144184      ,   80424.002783970747      ,Ionization     
   80424.002783970747      ,   24.839358955302970      ,   80399.163425015446      ,Ionization     
   80399.163425015446      ,   43.348695908959634      ,   80355.814729106482      ,Ionization     
   80355.814729106482      ,   25.383374195012664      ,   80330.431354911474      ,Ionization     
   80330.431354911474      ,   36.329220613796146      ,   80294.102134297675      ,Ionization     
   80294.102134297675      ,   35.647922651760659      ,   80258.454211645920      ,Ionization     
   80258.454211645920      ,   17.197714145165158      ,   80241.256497500755      ,Ionization     
   80241.256497500755      ,   20.994954720080692      ,   80220.261542780674      ,Ionization     
   80220.261542780674      ,   22.288904481292526      ,   80197.972638299383      ,Ionization     
   80197.972638299383      ,   22.872694799119166      ,   80175.099943500260      ,Ionization     
   80175.099943500260      ,   33.672401414303117      ,   80141.427542085963      ,Ionization     
   80141.427542085963      ,   15.202544068245139      ,   80126.224998017715      ,Ionization     
   80126.224998017715      ,   21.276256375218704      ,   80104.948741642496      ,Ionization     
   80104.948741642496      ,   1.6399999856948853      ,   80103.308741656801      ,Excitation     
   80103.308741656801      ,   25.271499723366510      ,   80078.037241933431      ,Ionization     
   80078.037241933431      ,   45.059174421379225      ,   80032.978067512056      ,Ionization     
   80032.978067512056      ,   20.578387967152977      ,   80012.399679544906      ,Ionization     
   80012.399679544906      ,   35.233876805869016      ,   79977.165802739037      ,Ionization     
   79977.165802739037      ,   18.170328324005570      ,   79958.995474415031      ,Ionization     
   79958.995474415031      ,   33.247380845602628      ,   79925.748093569433      ,Ionization     
   79925.748093569433      ,   17.757320279627763      ,   79907.990773289799      ,Ionization     
   79907.990773289799      ,   25.130866098864210      ,   79882.859907190941      ,Ionization     
   79882.859907190941      ,   17.735227387007622      ,   79865.124679803936      ,Ionization     
   79865.124679803936      ,   35.308943868910667      ,   79829.815735935030      ,Ionization     
   79829.815735935030      ,   8.3999996185302734      ,   79821.415736316500      ,Excitation     
   79821.415736316500      ,   18.658848717958136      ,   79802.756887598545      ,Ionization     
   79802.756887598545      ,   27.626175012457018      ,   79775.130712586091      ,Ionization     
   79775.130712586091      ,  0.98000001907348633      ,   79774.150712567018      ,Excitation     
   79774.150712567018      ,   23.961709994734612      ,   79750.189002572282      ,Ionization     
   79750.189002572282      ,   28.124646238407415      ,   79722.064356333882      ,Ionization     
   79722.064356333882      ,   20.034179650614739      ,   79702.030176683271      ,Ionization     
   79702.030176683271      ,   9.8999996185302734      ,   79692.130177064741      ,Excitation     
   79692.130177064741      ,   17.212105064105842      ,   79674.918072000641      ,Ionization     
   79674.918072000641      ,   22.933739327499914      ,   79651.984332673135      ,Ionization     
   79651.984332673135      ,   27.064847427129642      ,   79624.919485246006      ,Ionization     
   79624.919485246006      ,   38.034626822495781      ,   79586.884858423509      ,Ionization     
   79586.884858423509      ,   8.3999996185302734      ,   79578.484858804979      ,Excitation     
   79578.484858804979      ,   24.472578307856587      ,   79554.012280497118      ,Ionization     
   79554.012280497118      ,   39.546412293990528      ,   79514.465868203130      ,Ionization     
   79514.465868203130      ,   23.881064621354518      ,   79490.584803581776      ,Ionization     
   79490.584803581776      ,   15.522088052607200      ,   79475.062715529173      ,Ionization     
   79475.062715529173      ,   26.234497037726658      ,   79448.828218491442      ,Ionization     
   79448.828218491442      ,   8.3999996185302734      ,   79440.428218872912      ,Excitation     
   79440.428218872912      ,   8.3999996185302734      ,   79432.028219254382      ,Excitation     
   79432.028219254382      ,   26.573573523193524      ,   79405.454645731195      ,Ionization     
   79405.454645731195      ,   18.200279277873804      ,   79387.254366453315      ,Ionization     
   79387.254366453315      ,   24.038703910668602      ,   79363.215662542643      ,Ionization     
   79363.215662542643      ,   20.018300999192096      ,   79343.197361543454      ,Ionization     
   79343.197361543454      ,   8.3999996185302734      ,   79334.797361924924      ,Excitation     
   79334.797361924924      ,   40.021090700368198      ,   79294.776271224560      ,Ionization     
   79294.776271224560      ,   33.835916953408187      ,   79260.940354271152      ,Ionization     
   79260.940354271152      ,   19.880696018392644      ,   79241.059658252765      ,Ionization     
   79241.059658252765      ,   21.253432345439371      ,   79219.806225907319      ,Ionization     
   79219.806225907319      ,   18.002040178726610      ,   79201.804185728586      ,Ionization     
   79201.804185728586      ,   32.395661556784518      ,   79169.408524171798      ,Ionization     
   79169.408524171798      ,   17.717070059322424      ,   79151.691454112472      ,Ionization     
   79151.691454112472      ,   19.694001391083376      ,   79131.997452721393      ,Ionization     
   79131.997452721393      ,   14.827787074724146      ,   79117.169665646667      ,Ionization     
   79117.169665646667      ,   33.891861933438861      ,   79083.277803713223      ,Ionization     
   79083.277803713223      ,   25.310878284004154      ,   79057.966925429224      ,Ionization     
   79057.966925429224      ,   16.255956146192737      ,   79041.710969283027      ,Ionization     
   79041.710969283027      ,   8.3999996185302734      ,   79033.310969664497      ,Excitation     
   79033.310969664497      ,   27.851948887657695      ,   79005.459020776834      ,Ionization     
   79005.459020776834      ,   30.288914462534798      ,   78975.170106314297      ,Ionization     
   78975.170106314297      ,   26.929111725397675      ,   78948.240994588894      ,Ionization     
   78948.240994588894      ,   21.215828269328370      ,   78927.025166319567      ,Ionization     
   78927.025166319567      ,   31.536786109718669      ,   78895.488380209848      ,Ionization     
   78895.488380209848      ,   26.033264868222453      ,   78869.455115341625      ,Ionization     
   78869.455115341625      ,   32.672702597741996      ,   78836.782412743880      ,Ionization     
   78836.782412743880      ,   25.324631048988380      ,   78811.457781694888      ,Ionization     
   78811.457781694888      ,   29.429763555227630      ,   78782.028018139667      ,Ionization     
   78782.028018139667      ,   8.3999996185302734      ,   78773.628018521136      ,Excitation     
   78773.628018521136      ,   31.125647374374680      ,   78742.502371146766      ,Ionization     
   78742.502371146766      ,   33.157719798531275      ,   78709.344651348234      ,Ionization     
   78709.344651348234      ,   9.8999996185302734      ,   78699.444651729704      ,Excitation     
   78699.444651729704      ,   44.243630729805190      ,   78655.201020999899      ,Ionization     
   78655.201020999899      ,   21.366290367824352      ,   78633.834730632079      ,Ionization     
   78633.834730632079      ,   9.8999996185302734      ,   78623.934731013549      ,Excitation     
   78623.934731013549      ,   1.6399999856948853      ,   78622.294731027854      ,Excitation     
   78622.294731027854      ,   29.912075691889157      ,   78592.382655335969      ,Ionization     
   78592.382655335969      ,   37.397072496492449      ,   78554.985582839479      ,Ionization     
   78554.985582839479      ,   4.5000000000000000      ,   78550.485582839479      ,Excitation     
   78550.485582839479      ,   18.346324033667340      ,   78532.139258805808      ,Ionization     
   78532.139258805808      ,   8.3999996185302734      ,   78523.739259187278      ,Excitation     
   78523.739259187278      ,   8.3999996185302734      ,   78515.339259568747      ,Excitation     
   78515.339259568747      ,   8.3999996185302734      ,   78506.939259950217      ,Excitation     
   78506.939259950217      ,   25.285192156518477      ,   78481.654067793701      ,Ionization     
   78481.654067793701      ,  0.98000001907348633      ,   78480.674067774627      ,Excitation     
   78480.674067774627      ,   29.885113018077540      ,   78450.788954756543      ,Ionization     
   78450.788954756543      ,   1.6399999856948853      ,   78449.148954770848      ,Excitation     
   78449.148954770848      ,   22.475099391880878      ,   78426.673855378962      ,Ionization     
   78426.673855378962      ,   26.344161498981105      ,   78400.329693879976      ,Ionization     
   78400.329693879976      ,   28.767779577901017      ,   78371.561914302074      ,Ionization     
   78371.561914302074      ,   27.664515108676174      ,   78343.897399193404      ,Ionization     
   78343.897399193404      ,   8.3999996185302734      ,   78335.497399574873      ,Excitation     
   78335.497399574873      ,   25.314367475030870      ,   78310.183032099842      ,Ionization     
   78310.183032099842      ,   8.3999996185302734      ,   78301.783032481311      ,Excitation     
   78301.783032481311      ,   27.874224010243850      ,   78273.908808471067      ,Ionization     
   78273.908808471067      ,   9.8999996185302734      ,   78264.008808852537      ,Excitation     
   78264.008808852537      ,   8.3999996185302734      ,   78255.608809234007      ,Excitation     
   78255.608809234007      ,   21.698212918250430      ,   78233.910596315764      ,Ionization     
   78233.910596315764      ,  0.98000001907348633      ,   78232.930596296690      ,Excitation     
   78232.930596296690      ,   29.314193950520384      ,   78203.616402346175      ,Ionization     
   78203.616402346175      ,   26.399037187887316      ,   78177.217365158285      ,Ionization     
   78177.217365158285      ,   18.522984561065257      ,   78158.694380597226      ,Ionization     
   78158.694380597226      ,   21.212150145594556      ,   78137.482230451627      ,Ionization     
   78137.482230451627      ,   20.202428804415817      ,   78117.279801647208      ,Ionization     
   78117.279801647208      ,   18.657387321594243      ,   78098.622414325611      ,Ionization     
   78098.622414325611      ,   9.8999996185302734      ,   78088.722414707081      ,Excitation     
   78088.722414707081      ,   17.690869677672886      ,   78071.031545029415      ,Ionization     
   78071.031545029415      ,   23.962071828134427      ,   78047.069473201278      ,Ionization     
   78047.069473201278      ,   8.3999996185302734      ,   78038.669473582748      ,Excitation     
   78038.669473582748      ,   21.235842822114741      ,   78017.433630760628      ,Ionization     
   78017.433630760628      ,   17.134708615687980      ,   78000.298922144939      ,Ionization     
   78000.298922144939      ,   8.3999996185302734      ,   77991.898922526409      ,Excitation     
   77991.898922526409      ,   9.8999996185302734      ,   77981.998922907878      ,Excitation     
   77981.998922907878      ,   33.853062886540158      ,   77948.145860021337      ,Ionization     
   77948.145860021337      ,   21.499027073674846      ,   77926.646832947663      ,Ionization     
   77926.646832947663      ,   1.6399999856948853      ,   77925.006832961968      ,Excitation     
   77925.006832961968      ,   4.5000000000000000      ,   77920.506832961968      ,Excitation     
   77920.506832961968      ,   8.3999996185302734      ,   77912.106833343438      ,Excitation     
   77912.106833343438      ,   35.649059015417023      ,   77876.457774328024      ,Ionization     
   77876.457774328024      ,   1.6399999856948853      ,   77874.817774342329      ,Excitation     
   77874.817774342329      ,   16.667009322293730      ,   77858.150765020036      ,Ionization     
   77858.150765020036      ,   32.040225945193697      ,   77826.110539074842      ,Ionization     
   77826.110539074842      ,   19.186820417334317      ,   77806.923718657505      ,Ionization     
   77806.923718657505      ,   38.198222915114847      ,   77768.725495742387      ,Ionization     
   77768.725495742387      ,   4.5000000000000000      ,   77764.225495742387      ,Excitation     
   77764.225495742387      ,   9.8999996185302734      ,   77754.325496123856      ,Excitation     
   77754.325496123856      ,   29.645891353898797      ,   77724.679604769961      ,Ionization     
   77724.679604769961      ,   25.683861683206018      ,   77698.995743086751      ,Ionization     
   77698.995743086751      ,   8.3999996185302734      ,   77690.595743468220      ,Excitation     
   77690.595743468220      ,   28.226914398131690      ,   77662.368829070096      ,Ionization     
   77662.368829070096      ,   25.305835855847008      ,   77637.062993214247      ,Ionization     
   77637.062993214247      ,   19.379416978185567      ,   77617.683576236057      ,Ionization     
   77617.683576236057      ,   1.6399999856948853      ,   77616.043576250362      ,Excitation     
   77616.043576250362      ,   20.702738120611983      ,   77595.340838129749      ,Ionization     
   77595.340838129749      ,   8.3999996185302734      ,   77586.940838511218      ,Excitation     
   77586.940838511218      ,   8.3999996185302734      ,   77578.540838892688      ,Excitation     
   77578.540838892688      ,   18.172250985425563      ,   77560.368587907258      ,Ionization     
   77560.368587907258      ,   31.589147939887603      ,   77528.779439967373      ,Ionization     
   77528.779439967373      ,   27.461478193570240      ,   77501.317961773806      ,Ionization     
   77501.317961773806      ,   22.751261971083913      ,   77478.566699802715      ,Ionization     
   77478.566699802715      ,   22.805789893494911      ,   77455.760909909222      ,Ionization     
   77455.760909909222      ,   34.148730230218881      ,   77421.612179679010      ,Ionization     
   77421.612179679010      ,   32.021580231608532      ,   77389.590599447401      ,Ionization     
   77389.590599447401      ,   29.713698290080913      ,   77359.876901157317      ,Ionization     
   77359.876901157317      ,   24.255109053729040      ,   77335.621792103586      ,Ionization     
   77335.621792103586      ,   24.065081195349357      ,   77311.556710908233      ,Ionization     
   77311.556710908233      ,  0.98000001907348633      ,   77310.576710889160      ,Excitation     
   77310.576710889160      ,   35.980548066599518      ,   77274.596162822563      ,Ionization     
   77274.596162822563      ,   16.176796865241585      ,   77258.419365957321      ,Ionization     
   77258.419365957321      ,   19.628115939239283      ,   77238.791250018083      ,Ionization     
   77238.791250018083      ,   8.3999996185302734      ,   77230.391250399553      ,Excitation     
   77230.391250399553      ,   21.206503218984388      ,   77209.184747180567      ,Ionization     
   77209.184747180567      ,   9.8999996185302734      ,   77199.284747562037      ,Excitation     
   77199.284747562037      ,   21.847436868601594      ,   77177.437310693436      ,Ionization     
   77177.437310693436      ,   20.604672474136787      ,   77156.832638219304      ,Ionization     
   77156.832638219304      ,   20.698827416570829      ,   77136.133810802727      ,Ionization     
   77136.133810802727      ,   27.679795847549869      ,   77108.454014955176      ,Ionization     
   77108.454014955176      ,   18.834326042724669      ,   77089.619688912455      ,Ionization     
   77089.619688912455      ,   21.349885855744816      ,   77068.269803056712      ,Ionization     
   77068.269803056712      ,   25.427888326705457      ,   77042.841914730001      ,Ionization     
   77042.841914730001      ,   23.636700451948322      ,   77019.205214278059      ,Ionization     
   77019.205214278059      ,   8.3999996185302734      ,   77010.805214659529      ,Excitation     
   77010.805214659529      ,   8.3999996185302734      ,   77002.405215040999      ,Excitation     
   77002.405215040999      ,   21.624773315105543      ,   76980.780441725889      ,Ionization     
   76980.780441725889      ,   19.437222245220404      ,   76961.343219480666      ,Ionization     
   76961.343219480666      ,   15.614540225822225      ,   76945.728679254840      ,Ionization     
   76945.728679254840      ,   28.792545147870548      ,   76916.936134106974      ,Ionization     
   76916.936134106974      ,   38.705403165232447      ,   76878.230730941737      ,Ionization     
   76878.230730941737      ,   40.499260710053548      ,   76837.731470231680      ,Ionization     
   76837.731470231680      ,   23.754562923215325      ,   76813.976907308461      ,Ionization     
   76813.976907308461      ,   23.891220146214458      ,   76790.085687162253      ,Ionization     
   76790.085687162253      ,   1.6399999856948853      ,   76788.445687176558      ,Excitation     
   76788.445687176558      ,   8.3999996185302734      ,   76780.045687558028      ,Excitation     
   76780.045687558028      ,   41.098144337549520      ,   76738.947543220478      ,Ionization     
   76738.947543220478      ,   26.063920259781156      ,   76712.883622960697      ,Ionization     
   76712.883622960697      ,   23.951659293895961      ,   76688.931963666808      ,Ionization     
   76688.931963666808      ,   23.136171720060140      ,   76665.795791946744      ,Ionization     
   76665.795791946744      ,   15.462638225381646      ,   76650.333153721367      ,Ionization     
   76650.333153721367      ,   1.6399999856948853      ,   76648.693153735672      ,Excitation     
   76648.693153735672      ,   24.965178392043427      ,   76623.727975343631      ,Ionization     
   76623.727975343631      ,  0.98000001907348633      ,   76622.747975324557      ,Excitation     
   76622.747975324557      ,   1.6399999856948853      ,   76621.107975338862      ,Excitation     
   76621.107975338862      ,   33.468396642791745      ,   76587.639578696064      ,Ionization     
   76587.639578696064      ,   8.3999996185302734      ,   76579.239579077534      ,Excitation     
   76579.239579077534      ,   39.991518107553830      ,   76539.248060969985      ,Ionization     
   76539.248060969985      ,   8.3999996185302734      ,   76530.848061351455      ,Excitation     
   76530.848061351455      ,   8.3999996185302734      ,   76522.448061732925      ,Excitation     
   76522.448061732925      ,   20.806218782278087      ,   76501.641842950645      ,Ionization     
   76501.641842950645      ,   19.735382199392987      ,   76481.906460751256      ,Ionization     
   76481.906460751256      ,   21.847741218210764      ,   76460.058719533044      ,Ionization     
   76460.058719533044      ,   27.778960967403840      ,   76432.279758565637      ,Ionization     
   76432.279758565637      ,   4.5000000000000000      ,   76427.779758565637      ,Excitation     
   76427.779758565637      ,   25.584432238043920      ,   76402.195326327594      ,Ionization     
   76402.195326327594      ,   29.546111264118601      ,   76372.649215063473      ,Ionization     
   76372.649215063473      ,   1.6399999856948853      ,   76371.009215077778      ,Excitation     
   76371.009215077778      ,   27.038219825210785      ,   76343.970995252574      ,Ionization     
   76343.970995252574      ,   15.705101990888165      ,   76328.265893261691      ,Ionization     
   76328.265893261691      ,   30.346696939962371      ,   76297.919196321731      ,Ionization     
   76297.919196321731      ,   25.542759644342610      ,   76272.376436677383      ,Ionization     
   76272.376436677383      ,   29.590141194696869      ,   76242.786295482685      ,Ionization     
   76242.786295482685      ,   18.800492939113905      ,   76223.985802543568      ,Ionization     
   76223.985802543568      ,   17.055084424251749      ,   76206.930718119314      ,Ionization     
   76206.930718119314      ,   4.5000000000000000      ,   76202.430718119314      ,Excitation     
   76202.430718119314      ,   28.971946396131941      ,   76173.458771723177      ,Ionization     
   76173.458771723177      ,   8.3999996185302734      ,   76165.058772104647      ,Excitation     
   76165.058772104647      ,   19.455056629229787      ,   76145.603715475416      ,Ionization     
   76145.603715475416      ,   44.234984364098239      ,   76101.368731111317      ,Ionization     
   76101.368731111317      ,   21.947532272138023      ,   76079.421198839176      ,Ionization     
   76079.421198839176      ,   1.6399999856948853      ,   76077.781198853481      ,Excitation     
   76077.781198853481      ,   26.819460305646366      ,   76050.961738547834      ,Ionization     
   76050.961738547834      ,   24.545249978549300      ,   76026.416488569288      ,Ionization     
   76026.416488569288      ,   33.854541119535810      ,   75992.561947449751      ,Ionization     
   75992.561947449751      ,   32.240470965033886      ,   75960.321476484722      ,Ionization     
   75960.321476484722      ,   20.284170469101355      ,   75940.037306015627      ,Ionization     
   75940.037306015627      ,   20.640201410723211      ,   75919.397104604897      ,Ionization     
   75919.397104604897      ,   26.341003100622469      ,   75893.056101504277      ,Ionization     
   75893.056101504277      ,   30.810652439263166      ,   75862.245449065013      ,Ionization     
   75862.245449065013      ,   8.3999996185302734      ,   75853.845449446482      ,Excitation     
   75853.845449446482      ,   32.133138848195600      ,   75821.712310598290      ,Ionization     
   75821.712310598290      ,   33.220373961675385      ,   75788.491936636608      ,Ionization     
   75788.491936636608      ,   8.3999996185302734      ,   75780.091937018078      ,Excitation     
   75780.091937018078      ,   22.579511711616874      ,   75757.512425306457      ,Ionization     
   75757.512425306457      ,   1.6399999856948853      ,   75755.872425320762      ,Excitation     
   75755.872425320762      ,   22.091772496270615      ,   75733.780652824498      ,Ionization     
   75733.780652824498      ,   16.639486460046292      ,   75717.141166364454      ,Ionization     
   75717.141166364454      ,   1.6399999856948853      ,   75715.501166378759      ,Excitation     
   75715.501166378759      ,   8.3999996185302734      ,   75707.101166760229      ,Excitation     
   75707.101166760229      ,   27.902051812954852      ,   75679.199114947274      ,Ionization     
   75679.199114947274      ,   2.8844689345319081E-005 ,   75679.199086102584      ,Elastic        
   75679.199086102584      ,   26.810409374906822      ,   75652.388676727671      ,Ionization     
   75652.388676727671      ,   4.5000000000000000      ,   75647.888676727671      ,Excitation     
   75647.888676727671      ,   21.092782932144942      ,   75626.795893795526      ,Ionization     
   75626.795893795526      ,   9.8999996185302734      ,   75616.895894176996      ,Excitation     
   75616.895894176996      ,   22.297127488008989      ,   75594.598766688985      ,Ionization     
   75594.598766688985      ,   31.271233275556824      ,   75563.327533413423      ,Ionization     
   75563.327533413423      ,   14.895225957477557      ,   75548.432307455951      ,Ionization     
   75548.432307455951      ,   45.721002623166918      ,   75502.711304832788      ,Ionization     
   75502.711304832788      ,   15.704506713671700      ,   75487.006798119110      ,Ionization     
   75487.006798119110      ,   16.938414033369799      ,   75470.068384085738      ,Ionization     
   75470.068384085738      ,   26.205171100024241      ,   75443.863212985714      ,Ionization     
   75443.863212985714      ,   16.152269929993267      ,   75427.710943055718      ,Ionization     
   75427.710943055718      ,   21.926063289458355      ,   75405.784879766259      ,Ionization     
   75405.784879766259      ,   8.3999996185302734      ,   75397.384880147729      ,Excitation     
   75397.384880147729      ,   8.3999996185302734      ,   75388.984880529199      ,Excitation     
   75388.984880529199      ,   21.074654423112754      ,   75367.910226106091      ,Ionization     
   75367.910226106091      ,   16.259855524056562      ,   75351.650370582036      ,Ionization     
   75351.650370582036      ,   8.3999996185302734      ,   75343.250370963506      ,Excitation     
   75343.250370963506      ,   18.548821327685562      ,   75324.701549635822      ,Ionization     
   75324.701549635822      ,   25.932496967703358      ,   75298.769052668125      ,Ionization     
   75298.769052668125      ,   8.3999996185302734      ,   75290.369053049595      ,Excitation     
   75290.369053049595      ,   20.644087236372293      ,   75269.724965813220      ,Ionization     
   75269.724965813220      ,   15.721992208493447      ,   75254.002973604729      ,Ionization     
   75254.002973604729      ,   26.208729920705181      ,   75227.794243684024      ,Ionization     
   75227.794243684024      ,   25.693222780435015      ,   75202.101020903589      ,Ionization     
   75202.101020903589      ,   33.343519203755484      ,   75168.757501699831      ,Ionization     
   75168.757501699831      ,   28.603546690822853      ,   75140.153955009009      ,Ionization     
   75140.153955009009      ,   27.041111251284651      ,   75113.112843757728      ,Ionization     
   75113.112843757728      ,   8.3999996185302734      ,   75104.712844139198      ,Excitation     
   75104.712844139198      ,   14.335153473306939      ,   75090.377690665890      ,Ionization     
   75090.377690665890      ,   9.8999996185302734      ,   75080.477691047359      ,Excitation     
   75080.477691047359      ,   32.345173595380885      ,   75048.132517451973      ,Ionization     
   75048.132517451973      ,   25.635136979602766      ,   75022.497380472370      ,Ionization     
   75022.497380472370      ,   35.285405637744489      ,   74987.211974834630      ,Ionization     
   74987.211974834630      ,   17.392349825294481      ,   74969.819625009332      ,Ionization     
   74969.819625009332      ,   32.393073673870184      ,   74937.426551335462      ,Ionization     
   74937.426551335462      ,   8.3999996185302734      ,   74929.026551716932      ,Excitation     
   74929.026551716932      ,   9.8999996185302734      ,   74919.126552098402      ,Excitation     
   74919.126552098402      ,   22.124533840840407      ,   74897.002018257568      ,Ionization     
   74897.002018257568      ,   35.897534813304510      ,   74861.104483444258      ,Ionization     
   74861.104483444258      ,   26.210375772836770      ,   74834.894107671425      ,Ionization     
   74834.894107671425      ,   1.6399999856948853      ,   74833.254107685731      ,Excitation     
   74833.254107685731      ,   30.511901507411821      ,   74802.742206178315      ,Ionization     
   74802.742206178315      ,   33.508293777940644      ,   74769.233912400377      ,Ionization     
   74769.233912400377      ,   18.508915557038975      ,   74750.724996843332      ,Ionization     
   74750.724996843332      ,   23.990248170831400      ,   74726.734748672505      ,Ionization     
   74726.734748672505      ,   17.857561715146314      ,   74708.877186957354      ,Ionization     
   74708.877186957354      ,   40.826745480265984      ,   74668.050441477084      ,Ionization     
   74668.050441477084      ,   31.361035296297338      ,   74636.689406180783      ,Ionization     
   74636.689406180783      ,   23.705208535058780      ,   74612.984197645725      ,Ionization     
   74612.984197645725      ,   1.6399999856948853      ,   74611.344197660030      ,Excitation     
   74611.344197660030      ,   27.585636697432669      ,   74583.758560962597      ,Ionization     
   74583.758560962597      ,   30.506433847287923      ,   74553.252127115309      ,Ionization     
   74553.252127115309      ,   29.266856630222364      ,   74523.985270485093      ,Ionization     
   74523.985270485093      ,   20.944366592852475      ,   74503.040903892237      ,Ionization     
   74503.040903892237      ,   1.6399999856948853      ,   74501.400903906542      ,Excitation     
   74501.400903906542      ,   21.057856524792527      ,   74480.343047381743      ,Ionization     
   74480.343047381743      ,   35.438390223977734      ,   74444.904657157764      ,Ionization     
   74444.904657157764      ,   27.323184669265668      ,   74417.581472488499      ,Ionization     
   74417.581472488499      ,   25.325408367509638      ,   74392.256064120986      ,Ionization     
   74392.256064120986      ,   8.3999996185302734      ,   74383.856064502455      ,Excitation     
   74383.856064502455      ,   15.825670900907348      ,   74368.030393601555      ,Ionization     
   74368.030393601555      ,   8.3999996185302734      ,   74359.630393983025      ,Excitation     
   74359.630393983025      ,   36.237179565307052      ,   74323.393214417723      ,Ionization     
   74323.393214417723      ,   21.168423859717485      ,   74302.224790558001      ,Ionization     
   74302.224790558001      ,   17.212507110210915      ,   74285.012283447795      ,Ionization     
   74285.012283447795      ,   27.918509990873730      ,   74257.093773456916      ,Ionization     
   74257.093773456916      ,   30.618034672328335      ,   74226.475738784589      ,Ionization     
   74226.475738784589      ,   29.808393317858119      ,   74196.667345466733      ,Ionization     
   74196.667345466733      ,   27.461242016194849      ,   74169.206103450531      ,Ionization     
   74169.206103450531      ,   36.168864154710519      ,   74133.037239295823      ,Ionization     
   74133.037239295823      ,   16.550061409543435      ,   74116.487177886287      ,Ionization     
   74116.487177886287      ,   26.769931669629209      ,   74089.717246216664      ,Ionization     
   74089.717246216664      ,  0.98000001907348633      ,   74088.737246197590      ,Excitation     
   74088.737246197590      ,   16.939718227145800      ,   74071.797527970441      ,Ionization     
   74071.797527970441      ,   9.8999996185302734      ,   74061.897528351910      ,Excitation     
   74061.897528351910      ,   16.631918382987372      ,   74045.265609968919      ,Ionization     
   74045.265609968919      ,   26.201939618424056      ,   74019.063670350501      ,Ionization     
   74019.063670350501      ,   8.3999996185302734      ,   74010.663670731970      ,Excitation     
   74010.663670731970      ,   20.936891446789673      ,   73989.726779285178      ,Ionization     
   73989.726779285178      ,   8.3999996185302734      ,   73981.326779666648      ,Excitation     
   73981.326779666648      ,   8.3999996185302734      ,   73972.926780048118      ,Excitation     
   73972.926780048118      ,   19.521490740298475      ,   73953.405289307819      ,Ionization     
   73953.405289307819      ,   23.867437285689864      ,   73929.537852022127      ,Ionization     
   73929.537852022127      ,   20.925055372438372      ,   73908.612796649686      ,Ionization     
   73908.612796649686      ,   21.551588472158482      ,   73887.061208177533      ,Ionization     
   73887.061208177533      ,   17.975165835801896      ,   73869.086042341733      ,Ionization     
   73869.086042341733      ,   8.3999996185302734      ,   73860.686042723202      ,Excitation     
   73860.686042723202      ,   21.907450385989975      ,   73838.778592337214      ,Ionization     
   73838.778592337214      ,   22.518172131009187      ,   73816.260420206207      ,Ionization     
   73816.260420206207      ,   23.473015085113953      ,   73792.787405121097      ,Ionization     
   73792.787405121097      ,   20.290342572841240      ,   73772.497062548253      ,Ionization     
   73772.497062548253      ,   8.3999996185302734      ,   73764.097062929723      ,Excitation     
   73764.097062929723      ,   4.5000000000000000      ,   73759.597062929723      ,Excitation     
   73759.597062929723      ,   4.5000000000000000      ,   73755.097062929723      ,Excitation     
   73755.097062929723      ,   22.925699021439051      ,   73732.171363908288      ,Ionization     
   73732.171363908288      ,   26.909736289581314      ,   73705.261627618704      ,Ionization     
   73705.261627618704      ,   37.762881200704925      ,   73667.498746418001      ,Ionization     
   73667.498746418001      ,   25.158444274328438      ,   73642.340302143668      ,Ionization     
   73642.340302143668      ,   1.6399999856948853      ,   73640.700302157973      ,Excitation     
   73640.700302157973      ,   15.140151514702488      ,   73625.560150643272      ,Ionization     
   73625.560150643272      ,   25.993490972843350      ,   73599.566659670425      ,Ionization     
   73599.566659670425      ,   29.239856413567693      ,   73570.326803256859      ,Ionization     
   73570.326803256859      ,   31.338388348626459      ,   73538.988414908235      ,Ionization     
   73538.988414908235      ,   8.3999996185302734      ,   73530.588415289705      ,Excitation     
   73530.588415289705      ,   18.783231110050735      ,   73511.805184179655      ,Ionization     
   73511.805184179655      ,   40.244116597867162      ,   73471.561067581788      ,Ionization     
   73471.561067581788      ,   8.3999996185302734      ,   73463.161067963258      ,Excitation     
   73463.161067963258      ,   19.337184513830437      ,   73443.823883449426      ,Ionization     
   73443.823883449426      ,   30.308744697292923      ,   73413.515138752133      ,Ionization     
   73413.515138752133      ,   24.860149761895038      ,   73388.654988990238      ,Ionization     
   73388.654988990238      ,   25.927147674504560      ,   73362.727841315733      ,Ionization     
   73362.727841315733      ,   45.766902208813399      ,   73316.960939106924      ,Ionization     
   73316.960939106924      ,   36.047696301020004      ,   73280.913242805909      ,Ionization     
   73280.913242805909      ,   23.269126782654492      ,   73257.644116023250      ,Ionization     
   73257.644116023250      ,   26.152926997516797      ,   73231.491189025735      ,Ionization     
   73231.491189025735      ,   4.5000000000000000      ,   73226.991189025735      ,Excitation     
   73226.991189025735      ,   30.265824080724244      ,   73196.725364945014      ,Ionization     
   73196.725364945014      ,   25.411586474081489      ,   73171.313778470940      ,Ionization     
   73171.313778470940      ,   39.799804813040282      ,   73131.513973657900      ,Ionization     
   73131.513973657900      ,   25.824516402822180      ,   73105.689457255081      ,Ionization     
   73105.689457255081      ,   29.720274954039539      ,   73075.969182301036      ,Ionization     
   73075.969182301036      ,   17.461112427367446      ,   73058.508069873671      ,Ionization     
   73058.508069873671      ,   17.082741996859124      ,   73041.425327876816      ,Ionization     
   73041.425327876816      ,   17.811303115615516      ,   73023.614024761206      ,Ionization     
   73023.614024761206      ,   21.286188133141067      ,   73002.327836628057      ,Ionization     
   73002.327836628057      ,   1.6399999856948853      ,   73000.687836642363      ,Excitation     
   73000.687836642363      ,   20.633210203264120      ,   72980.054626439101      ,Ionization     
   72980.054626439101      ,   34.516023760927922      ,   72945.538602678178      ,Ionization     
   72945.538602678178      ,   1.6399999856948853      ,   72943.898602692483      ,Excitation     
   72943.898602692483      ,   43.017901239655508      ,   72900.880701452828      ,Ionization     
   72900.880701452828      ,   35.349626638671666      ,   72865.531074814164      ,Ionization     
   72865.531074814164      ,   25.480215783451619      ,   72840.050859030714      ,Ionization     
   72840.050859030714      ,   29.334080958179548      ,   72810.716778072529      ,Ionization     
   72810.716778072529      ,   8.3999996185302734      ,   72802.316778453998      ,Excitation     
   72802.316778453998      ,   17.798132378219666      ,   72784.518646075783      ,Ionization     
   72784.518646075783      ,   32.917206172139913      ,   72751.601439903650      ,Ionization     
   72751.601439903650      ,   21.346772118312380      ,   72730.254667785339      ,Ionization     
   72730.254667785339      ,   22.733103699064976      ,   72707.521564086273      ,Ionization     
   72707.521564086273      ,   19.110982738309605      ,   72688.410581347969      ,Ionization     
   72688.410581347969      ,   30.076465587463090      ,   72658.334115760503      ,Ionization     
   72658.334115760503      ,   8.3999996185302734      ,   72649.934116141972      ,Excitation     
   72649.934116141972      ,   33.059814402993197      ,   72616.874301738979      ,Ionization     
   72616.874301738979      ,   14.973770535969210      ,   72601.900531203006      ,Ionization     
   72601.900531203006      ,   40.851976906136215      ,   72561.048554296867      ,Ionization     
   72561.048554296867      ,   24.671040323571138      ,   72536.377513973290      ,Ionization     
   72536.377513973290      ,   8.3999996185302734      ,   72527.977514354759      ,Excitation     
   72527.977514354759      ,   19.851802164234250      ,   72508.125712190522      ,Ionization     
   72508.125712190522      ,   1.6399999856948853      ,   72506.485712204827      ,Excitation     
   72506.485712204827      ,   18.508031350208419      ,   72487.977680854616      ,Ionization     
   72487.977680854616      ,   43.845479291778403      ,   72444.132201562839      ,Ionization     
   72444.132201562839      ,   32.123472854246295      ,   72412.008728708592      ,Ionization     
   72412.008728708592      ,   1.6399999856948853      ,   72410.368728722897      ,Excitation     
   72410.368728722897      ,   30.320018042019093      ,   72380.048710680872      ,Ionization     
   72380.048710680872      ,   18.484752943393588      ,   72361.563957737482      ,Ionization     
   72361.563957737482      ,   4.5000000000000000      ,   72357.063957737482      ,Excitation     
   72357.063957737482      ,   23.259177163781118      ,   72333.804780573701      ,Ionization     
   72333.804780573701      ,  0.98000001907348633      ,   72332.824780554627      ,Excitation     
   72332.824780554627      ,   8.3999996185302734      ,   72324.424780936097      ,Excitation     
   72324.424780936097      ,   37.133233815907239      ,   72287.291547120185      ,Ionization     
   72287.291547120185      ,   34.218029442883719      ,   72253.073517677301      ,Ionization     
   72253.073517677301      ,   23.827159669402018      ,   72229.246358007906      ,Ionization     
   72229.246358007906      ,   8.3999996185302734      ,   72220.846358389375      ,Excitation     
   72220.846358389375      ,   16.063059737734594      ,   72204.783298651644      ,Ionization     
   72204.783298651644      ,   8.3999996185302734      ,   72196.383299033114      ,Excitation     
   72196.383299033114      ,   21.743641679583426      ,   72174.639657353531      ,Ionization     
   72174.639657353531      ,   4.5000000000000000      ,   72170.139657353531      ,Excitation     
   72170.139657353531      ,   26.498650098332782      ,   72143.641007255195      ,Ionization     
   72143.641007255195      ,   4.5000000000000000      ,   72139.141007255195      ,Excitation     
   72139.141007255195      ,   45.982570151658024      ,   72093.158437103542      ,Ionization     
   72093.158437103542      ,   18.218499033362370      ,   72074.939938070180      ,Ionization     
   72074.939938070180      ,   35.425924948353170      ,   72039.514013121821      ,Ionization     
   72039.514013121821      ,   21.468018546883158      ,   72018.045994574932      ,Ionization     
   72018.045994574932      ,   8.3999996185302734      ,   72009.645994956401      ,Excitation     
   72009.645994956401      ,   20.448263238757111      ,   71989.197731717650      ,Ionization     
   71989.197731717650      ,   28.434006114444536      ,   71960.763725603203      ,Ionization     
   71960.763725603203      ,   34.614320989282902      ,   71926.149404613927      ,Ionization     
   71926.149404613927      ,   31.096191282351882      ,   71895.053213331572      ,Ionization     
   71895.053213331572      ,   29.374416911200768      ,   71865.678796420369      ,Ionization     
   71865.678796420369      ,   4.5000000000000000      ,   71861.178796420369      ,Excitation     
   71861.178796420369      ,   28.451249400929520      ,   71832.727547019444      ,Ionization     
   71832.727547019444      ,   19.991048533181736      ,   71812.736498486265      ,Ionization     
   71812.736498486265      ,   35.188523521331874      ,   71777.547974964938      ,Ionization     
   71777.547974964938      ,   19.539849836652191      ,   71758.008125128283      ,Ionization     
   71758.008125128283      ,   8.3999996185302734      ,   71749.608125509752      ,Excitation     
   71749.608125509752      ,   20.637831321723791      ,   71728.970294188024      ,Ionization     
   71728.970294188024      ,   22.719347336072268      ,   71706.250946851957      ,Ionization     
   71706.250946851957      ,   18.951456600853369      ,   71687.299490251098      ,Ionization     
   71687.299490251098      ,   48.747394258624105      ,   71638.552095992476      ,Ionization     
   71638.552095992476      ,   21.962943164501574      ,   71616.589152827975      ,Ionization     
   71616.589152827975      ,   33.042651581314892      ,   71583.546501246659      ,Ionization     
   71583.546501246659      ,   26.939176439708952      ,   71556.607324806944      ,Ionization     
   71556.607324806944      ,   8.3999996185302734      ,   71548.207325188414      ,Excitation     
   71548.207325188414      ,   16.281383317350723      ,   71531.925941871057      ,Ionization     
   71531.925941871057      ,   4.5000000000000000      ,   71527.425941871057      ,Excitation     
   71527.425941871057      ,   17.194713295514063      ,   71510.231228575547      ,Ionization     
   71510.231228575547      ,   18.641942795366187      ,   71491.589285780181      ,Ionization     
   71491.589285780181      ,   32.791363531327846      ,   71458.797922248850      ,Ionization     
   71458.797922248850      ,   8.3999996185302734      ,   71450.397922630320      ,Excitation     
   71450.397922630320      ,   28.158297942009540      ,   71422.239624688315      ,Ionization     
   71422.239624688315      ,   4.5000000000000000      ,   71417.739624688315      ,Excitation     
   71417.739624688315      ,   8.3999996185302734      ,   71409.339625069784      ,Excitation     
   71409.339625069784      ,   29.332362882533175      ,   71380.007262187253      ,Ionization     
   71380.007262187253      ,   27.283254833316533      ,   71352.724007353943      ,Ionization     
   71352.724007353943      ,   8.3999996185302734      ,   71344.324007735413      ,Excitation     
   71344.324007735413      ,   24.898505858746915      ,   71319.425501876671      ,Ionization     
   71319.425501876671      ,   33.308928319339117      ,   71286.116573557330      ,Ionization     
   71286.116573557330      ,   23.979733244616838      ,   71262.136840312713      ,Ionization     
   71262.136840312713      ,   64.235159257750510      ,   71197.901681054966      ,Ionization     
   71197.901681054966      ,   8.3999996185302734      ,   71189.501681436435      ,Excitation     
   71189.501681436435      ,   8.3999996185302734      ,   71181.101681817905      ,Excitation     
   71181.101681817905      ,   16.054496901570403      ,   71165.047184916330      ,Ionization     
   71165.047184916330      ,   18.297741996585451      ,   71146.749442919740      ,Ionization     
   71146.749442919740      ,   25.002381678107376      ,   71121.747061241636      ,Ionization     
   71121.747061241636      ,   32.023709835585706      ,   71089.723351406050      ,Ionization     
   71089.723351406050      ,   28.635744623954658      ,   71061.087606782094      ,Ionization     
   71061.087606782094      ,   20.803126368987890      ,   71040.284480413102      ,Ionization     
   71040.284480413102      ,   20.847199445450091      ,   71019.437280967657      ,Ionization     
   71019.437280967657      ,   8.3999996185302734      ,   71011.037281349127      ,Excitation     
   71011.037281349127      ,   15.442689936514039      ,   70995.594591412606      ,Ionization     
   70995.594591412606      ,   28.849992671663479      ,   70966.744598740945      ,Ionization     
   70966.744598740945      ,   27.039271002550556      ,   70939.705327738397      ,Ionization     
   70939.705327738397      ,   15.175065151484109      ,   70924.530262586908      ,Ionization     
   70924.530262586908      ,   1.6399999856948853      ,   70922.890262601213      ,Excitation     
   70922.890262601213      ,   28.491497167614440      ,   70894.398765433594      ,Ionization     
   70894.398765433594      ,   41.266671443172235      ,   70853.132093990425      ,Ionization     
   70853.132093990425      ,  0.98000001907348633      ,   70852.152093971352      ,Excitation     
   70852.152093971352      ,   29.858227296676084      ,   70822.293866674678      ,Ionization     
   70822.293866674678      ,   19.689237730647221      ,   70802.604628944027      ,Ionization     
   70802.604628944027      ,   35.289146827374068      ,   70767.315482116654      ,Ionization     
   70767.315482116654      ,   8.3999996185302734      ,   70758.915482498123      ,Excitation     
   70758.915482498123      ,   25.666539639144489      ,   70733.248942858976      ,Ionization     
   70733.248942858976      ,   18.181860100076683      ,   70715.067082758906      ,Ionization     
   70715.067082758906      ,   8.3999996185302734      ,   70706.667083140375      ,Excitation     
   70706.667083140375      ,   16.462698006604882      ,   70690.204385133766      ,Ionization     
   70690.204385133766      ,   41.117909143714328      ,   70649.086475990058      ,Ionization     
   70649.086475990058      ,   18.784448022418154      ,   70630.302027967642      ,Ionization     
   70630.302027967642      ,   31.272986860871953      ,   70599.029041106769      ,Ionization     
   70599.029041106769      ,   25.566195625002273      ,   70573.462845481772      ,Ionization     
   70573.462845481772      ,   31.801310426078068      ,   70541.661535055697      ,Ionization     
   70541.661535055697      ,   22.849488737412660      ,   70518.812046318286      ,Ionization     
   70518.812046318286      ,   37.784285163499476      ,   70481.027761154794      ,Ionization     
   70481.027761154794      ,  0.98000001907348633      ,   70480.047761135720      ,Excitation     
   70480.047761135720      ,   32.293166499991294      ,   70447.754594635728      ,Ionization     
   70447.754594635728      ,   4.5000000000000000      ,   70443.254594635728      ,Excitation     
   70443.254594635728      ,   1.6399999856948853      ,   70441.614594650033      ,Excitation     
   70441.614594650033      ,   23.061389953100480      ,   70418.553204696931      ,Ionization     
   70418.553204696931      ,   4.5000000000000000      ,   70414.053204696931      ,Excitation     
   70414.053204696931      ,   27.944558587902783      ,   70386.108646109031      ,Ionization     
   70386.108646109031      ,   27.149213683524081      ,   70358.959432425501      ,Ionization     
   70358.959432425501      ,   26.060405691318159      ,   70332.899026734187      ,Ionization     
   70332.899026734187      ,   29.123380960670232      ,   70303.775645773523      ,Ionization     
   70303.775645773523      ,   27.530950699646652      ,   70276.244695073881      ,Ionization     
   70276.244695073881      ,   4.5000000000000000      ,   70271.744695073881      ,Excitation     
   70271.744695073881      ,   22.425059991326034      ,   70249.319635082560      ,Ionization     
   70249.319635082560      ,   25.621100699698058      ,   70223.698534382856      ,Ionization     
   70223.698534382856      ,   31.993647769036897      ,   70191.704886613821      ,Ionization     
   70191.704886613821      ,   28.352796938624124      ,   70163.352089675202      ,Ionization     
   70163.352089675202      ,   1.6399999856948853      ,   70161.712089689507      ,Excitation     
   70161.712089689507      ,   19.007164022687672      ,   70142.704925666825      ,Ionization     
   70142.704925666825      ,   30.802441752010282      ,   70111.902483914819      ,Ionization     
   70111.902483914819      ,   29.106252282709384      ,   70082.796231632106      ,Ionization     
   70082.796231632106      ,   18.307332254519974      ,   70064.488899377582      ,Ionization     
   70064.488899377582      ,   52.223022763180850      ,   70012.265876614401      ,Ionization     
   70012.265876614401      ,   27.206320208862032      ,   69985.059556405540      ,Ionization     
   69985.059556405540      ,   8.3999996185302734      ,   69976.659556787010      ,Excitation     
   69976.659556787010      ,   19.595972920724641      ,   69957.063583866286      ,Ionization     
   69957.063583866286      ,   31.778558297458105      ,   69925.285025568824      ,Ionization     
   69925.285025568824      ,   13.326917602251411      ,   69911.958107966566      ,Ionization     
   69911.958107966566      ,   24.529210555603125      ,   69887.428897410966      ,Ionization     
   69887.428897410966      ,   38.842904915660895      ,   69848.585992495311      ,Ionization     
   69848.585992495311      ,   23.226289860934685      ,   69825.359702634378      ,Ionization     
   69825.359702634378      ,   29.847260506493015      ,   69795.512442127889      ,Ionization     
   69795.512442127889      ,   18.173815330526818      ,   69777.338626797369      ,Ionization     
   69777.338626797369      ,   16.724489140979898      ,   69760.614137656390      ,Ionization     
   69760.614137656390      ,   8.3999996185302734      ,   69752.214138037860      ,Excitation     
   69752.214138037860      ,   9.8999996185302734      ,   69742.314138419330      ,Excitation     
   69742.314138419330      ,   9.8999996185302734      ,   69732.414138800799      ,Excitation     
   69732.414138800799      ,   23.979634953797941      ,   69708.434503847006      ,Ionization     
   69708.434503847006      ,   22.254988729589989      ,   69686.179515117416      ,Ionization     
   69686.179515117416      ,   1.6399999856948853      ,   69684.539515131721      ,Excitation     
   69684.539515131721      ,   1.6399999856948853      ,   69682.899515146026      ,Excitation     
   69682.899515146026      ,   32.438894933840501      ,   69650.460620212179      ,Ionization     
   69650.460620212179      ,   20.431356224031127      ,   69630.029263988152      ,Ionization     
   69630.029263988152      ,   23.395389922913289      ,   69606.633874065243      ,Ionization     
   69606.633874065243      ,   4.5000000000000000      ,   69602.133874065243      ,Excitation     
   69602.133874065243      ,   28.784082418921201      ,   69573.349791646324      ,Ionization     
   69573.349791646324      ,   20.430093727442078      ,   69552.919697918886      ,Ionization     
   69552.919697918886      ,   21.204963462590918      ,   69531.714734456298      ,Ionization     
   69531.714734456298      ,   38.365606666581535      ,   69493.349127789712      ,Ionization     
   69493.349127789712      ,   20.346302375014993      ,   69473.002825414704      ,Ionization     
   69473.002825414704      ,   33.866408759031259      ,   69439.136416655674      ,Ionization     
   69439.136416655674      ,   17.746996384076969      ,   69421.389420271604      ,Ionization     
   69421.389420271604      ,   27.949831660371416      ,   69393.439588611232      ,Ionization     
   69393.439588611232      ,   24.344627397059675      ,   69369.094961214170      ,Ionization     
   69369.094961214170      ,   14.641092909968636      ,   69354.453868304205      ,Ionization     
   69354.453868304205      ,   29.346150286892779      ,   69325.107718017316      ,Ionization     
   69325.107718017316      ,   37.870569887448994      ,   69287.237148129861      ,Ionization     
   69287.237148129861      ,   17.691687591332830      ,   69269.545460538531      ,Ionization     
   69269.545460538531      ,   21.763014638596896      ,   69247.782445899938      ,Ionization     
   69247.782445899938      ,   8.3999996185302734      ,   69239.382446281408      ,Excitation     
   69239.382446281408      ,  0.98000001907348633      ,   69238.402446262335      ,Excitation     
   69238.402446262335      ,  0.98000001907348633      ,   69237.422446243261      ,Excitation     
   69237.422446243261      ,   48.239758919504759      ,   69189.182687323759      ,Ionization     
   69189.182687323759      ,   19.658373143504104      ,   69169.524314180249      ,Ionization     
   69169.524314180249      ,   25.710795280078582      ,   69143.813518900177      ,Ionization     
   69143.813518900177      ,   30.982584637192481      ,   69112.830934262980      ,Ionization     
   69112.830934262980      ,   8.3999996185302734      ,   69104.430934644450      ,Excitation     
   69104.430934644450      ,   19.848558861469563      ,   69084.582375782978      ,Ionization     
   69084.582375782978      ,   9.8999996185302734      ,   69074.682376164448      ,Excitation     
   69074.682376164448      ,   26.652061985065828      ,   69048.030314179385      ,Ionization     
   69048.030314179385      ,   23.892594203769264      ,   69024.137719975610      ,Ionization     
   69024.137719975610      ,   36.537164799450579      ,   68987.600555176163      ,Ionization     
   68987.600555176163      ,   15.603881074022446      ,   68971.996674102134      ,Ionization     
   68971.996674102134      ,   4.5000000000000000      ,   68967.496674102134      ,Excitation     
   68967.496674102134      ,   25.095779470271005      ,   68942.400894631865      ,Ionization     
   68942.400894631865      ,   8.3999996185302734      ,   68934.000895013334      ,Excitation     
   68934.000895013334      ,   8.3999996185302734      ,   68925.600895394804      ,Excitation     
   68925.600895394804      ,   21.746852815854130      ,   68903.854042578954      ,Ionization     
   68903.854042578954      ,   8.3999996185302734      ,   68895.454042960424      ,Excitation     
   68895.454042960424      ,  0.98000001907348633      ,   68894.474042941350      ,Excitation     
   68894.474042941350      ,   8.3999996185302734      ,   68886.074043322820      ,Excitation     
   68886.074043322820      ,   23.527777065980459      ,   68862.546266256846      ,Ionization     
   68862.546266256846      ,   23.233232837087421      ,   68839.313033419763      ,Ionization     
   68839.313033419763      ,   27.180769957808543      ,   68812.132263461957      ,Ionization     
   68812.132263461957      ,   9.8999996185302734      ,   68802.232263843427      ,Excitation     
   68802.232263843427      ,   22.562781824849534      ,   68779.669482018580      ,Ionization     
   68779.669482018580      ,   29.320552225023484      ,   68750.348929793559      ,Ionization     
   68750.348929793559      ,   42.960129096792365      ,   68707.388800696761      ,Ionization     
   68707.388800696761      ,   22.526256046889880      ,   68684.862544649877      ,Ionization     
   68684.862544649877      ,   25.321288969381666      ,   68659.541255680495      ,Ionization     
   68659.541255680495      ,   8.3999996185302734      ,   68651.141256061965      ,Excitation     
   68651.141256061965      ,   26.203236942708998      ,   68624.938019119261      ,Ionization     
   68624.938019119261      ,   24.927629960388817      ,   68600.010389158866      ,Ionization     
   68600.010389158866      ,   28.427853780305909      ,   68571.582535378562      ,Ionization     
   68571.582535378562      ,   21.866341046600404      ,   68549.716194331966      ,Ionization     
   68549.716194331966      ,   18.423343891523654      ,   68531.292850440441      ,Ionization     
   68531.292850440441      ,   24.003693054020786      ,   68507.289157386418      ,Ionization     
   68507.289157386418      ,   20.370103858306393      ,   68486.919053528109      ,Ionization     
   68486.919053528109      ,   33.038979681174474      ,   68453.880073846929      ,Ionization     
   68453.880073846929      ,   30.361387494452167      ,   68423.518686352472      ,Ionization     
   68423.518686352472      ,   27.827287420343957      ,   68395.691398932133      ,Ionization     
   68395.691398932133      ,   29.268418957554999      ,   68366.422979974581      ,Ionization     
   68366.422979974581      ,   41.988904908748914      ,   68324.434075065830      ,Ionization     
   68324.434075065830      ,   22.002802064548220      ,   68302.431273001275      ,Ionization     
   68302.431273001275      ,   22.399260567338111      ,   68280.032012433934      ,Ionization     
   68280.032012433934      ,   4.5000000000000000      ,   68275.532012433934      ,Excitation     
   68275.532012433934      ,   18.210116891270850      ,   68257.321895542656      ,Ionization     
   68257.321895542656      ,   1.6399999856948853      ,   68255.681895556962      ,Excitation     
   68255.681895556962      ,   25.416925182118767      ,   68230.264970374847      ,Ionization     
   68230.264970374847      ,   4.5000000000000000      ,   68225.764970374847      ,Excitation     
   68225.764970374847      ,   21.799332636376789      ,   68203.965637738467      ,Ionization     
   68203.965637738467      ,   9.8999996185302734      ,   68194.065638119937      ,Excitation     
   68194.065638119937      ,   25.885557056865014      ,   68168.180081063067      ,Ionization     
   68168.180081063067      ,   23.108882922855891      ,   68145.071198140213      ,Ionization     
   68145.071198140213      ,   9.8999996185302734      ,   68135.171198521683      ,Excitation     
   68135.171198521683      ,   15.457586189772528      ,   68119.713612331907      ,Ionization     
   68119.713612331907      ,   8.3999996185302734      ,   68111.313612713377      ,Excitation     
   68111.313612713377      ,   32.469134064334177      ,   68078.844478649044      ,Ionization     
   68078.844478649044      ,   8.3999996185302734      ,   68070.444479030513      ,Excitation     
   68070.444479030513      ,  0.98000001907348633      ,   68069.464479011440      ,Excitation     
   68069.464479011440      ,   1.6399999856948853      ,   68067.824479025745      ,Excitation     
   68067.824479025745      ,   25.464513957829514      ,   68042.359965067910      ,Ionization     
   68042.359965067910      ,   20.583579321513405      ,   68021.776385746402      ,Ionization     
   68021.776385746402      ,   24.676245066492754      ,   67997.100140679904      ,Ionization     
   67997.100140679904      ,   1.6399999856948853      ,   67995.460140694209      ,Excitation     
   67995.460140694209      ,   33.504228533858011      ,   67961.955912160352      ,Ionization     
   67961.955912160352      ,   24.994759052601651      ,   67936.961153107753      ,Ionization     
   67936.961153107753      ,   34.060192550781800      ,   67902.900960556974      ,Ionization     
   67902.900960556974      ,   4.5000000000000000      ,   67898.400960556974      ,Excitation     
   67898.400960556974      ,   41.055473561637633      ,   67857.345486995342      ,Ionization     
   67857.345486995342      ,   20.888840536308400      ,   67836.456646459032      ,Ionization     
   67836.456646459032      ,   38.586313109356382      ,   67797.870333349681      ,Ionization     
   67797.870333349681      ,   16.717088328099976      ,   67781.153245021575      ,Ionization     
   67781.153245021575      ,   28.613200715336568      ,   67752.540044306239      ,Ionization     
   67752.540044306239      ,   4.5000000000000000      ,   67748.040044306239      ,Excitation     
   67748.040044306239      ,   21.885215259059841      ,   67726.154829047184      ,Ionization     
   67726.154829047184      ,   17.924438123700625      ,   67708.230390923476      ,Ionization     
   67708.230390923476      ,   26.052974818945049      ,   67682.177416104532      ,Ionization     
   67682.177416104532      ,   25.670636550011874      ,   67656.506779554518      ,Ionization     
   67656.506779554518      ,   32.664668877392323      ,   67623.842110677127      ,Ionization     
   67623.842110677127      ,   30.751300143082723      ,   67593.090810534050      ,Ionization     
   67593.090810534050      ,   17.340481944454709      ,   67575.750328589595      ,Ionization     
   67575.750328589595      ,   8.3999996185302734      ,   67567.350328971064      ,Excitation     
   67567.350328971064      ,   24.084214291759082      ,   67543.266114679311      ,Ionization     
   67543.266114679311      ,   17.781197782813422      ,   67525.484916896501      ,Ionization     
   67525.484916896501      ,   17.408297190058232      ,   67508.076619706437      ,Ionization     
   67508.076619706437      ,   8.3999996185302734      ,   67499.676620087906      ,Excitation     
   67499.676620087906      ,   28.430865746717764      ,   67471.245754341187      ,Ionization     
   67471.245754341187      ,   30.821215212643899      ,   67440.424539128537      ,Ionization     
   67440.424539128537      ,   15.716329636723906      ,   67424.708209491815      ,Ionization     
   67424.708209491815      ,   9.8999996185302734      ,   67414.808209873285      ,Excitation     
   67414.808209873285      ,  0.98000001907348633      ,   67413.828209854211      ,Excitation     
   67413.828209854211      ,  0.98000001907348633      ,   67412.848209835138      ,Excitation     
   67412.848209835138      ,   17.090178996854664      ,   67395.758030838289      ,Ionization     
   67395.758030838289      ,   16.813730863452342      ,   67378.944299974843      ,Ionization     
   67378.944299974843      ,   37.090262086630915      ,   67341.854037888217      ,Ionization     
   67341.854037888217      ,   8.3999996185302734      ,   67333.454038269687      ,Excitation     
   67333.454038269687      ,   24.338775676017477      ,   67309.115262593667      ,Ionization     
   67309.115262593667      ,   19.185597455782936      ,   67289.929665137883      ,Ionization     
   67289.929665137883      ,   34.314133501657210      ,   67255.615531636227      ,Ionization     
   67255.615531636227      ,   34.002122503301784      ,   67221.613409132930      ,Ionization     
   67221.613409132930      ,   26.398017001849926      ,   67195.215392131082      ,Ionization     
   67195.215392131082      ,   38.691210710945356      ,   67156.524181420144      ,Ionization     
   67156.524181420144      ,   9.8999996185302734      ,   67146.624181801613      ,Excitation     
   67146.624181801613      ,   31.486730389288134      ,   67115.137451412331      ,Ionization     
   67115.137451412331      ,   17.557706688246288      ,   67097.579744724091      ,Ionization     
   67097.579744724091      ,   8.3999996185302734      ,   67089.179745105561      ,Excitation     
   67089.179745105561      ,   9.8999996185302734      ,   67079.279745487031      ,Excitation     
   67079.279745487031      ,   21.434208560569644      ,   67057.845536926456      ,Ionization     
   67057.845536926456      ,   15.857790764840132      ,   67041.987746161612      ,Ionization     
   67041.987746161612      ,   25.581051834393428      ,   67016.406694327219      ,Ionization     
   67016.406694327219      ,   25.556620254156311      ,   66990.850074073067      ,Ionization     
   66990.850074073067      ,   20.732914065000525      ,   66970.117160008071      ,Ionization     
   66970.117160008071      ,   1.6399999856948853      ,   66968.477160022376      ,Excitation     
   66968.477160022376      ,   18.331891084135840      ,   66950.145268938242      ,Ionization     
   66950.145268938242      ,   30.649746981990482      ,   66919.495521956254      ,Ionization     
   66919.495521956254      ,   21.151646489290627      ,   66898.343875466962      ,Ionization     
   66898.343875466962      ,   31.163614122953540      ,   66867.180261344009      ,Ionization     
   66867.180261344009      ,   8.3999996185302734      ,   66858.780261725478      ,Excitation     
   66858.780261725478      ,   31.986540656899606      ,   66826.793721068578      ,Ionization     
   66826.793721068578      ,   36.710952490923233      ,   66790.082768577660      ,Ionization     
   66790.082768577660      ,   4.5000000000000000      ,   66785.582768577660      ,Excitation     
   66785.582768577660      ,   28.615199395169221      ,   66756.967569182496      ,Ionization     
   66756.967569182496      ,  0.98000001907348633      ,   66755.987569163422      ,Excitation     
   66755.987569163422      ,   29.250554392100426      ,   66726.737014771323      ,Ionization     
   66726.737014771323      ,   1.6399999856948853      ,   66725.097014785628      ,Excitation     
   66725.097014785628      ,   32.206362867711732      ,   66692.890651917915      ,Ionization     
   66692.890651917915      ,   24.878841230551778      ,   66668.011810687356      ,Ionization     
   66668.011810687356      ,   27.148122752103177      ,   66640.863687935256      ,Ionization     
   66640.863687935256      ,   25.217288039522675      ,   66615.646399895733      ,Ionization     
   66615.646399895733      ,   24.095695293691421      ,   66591.550704602036      ,Ionization     
   66591.550704602036      ,   32.388916733554922      ,   66559.161787868477      ,Ionization     
   66559.161787868477      ,   8.3999996185302734      ,   66550.761788249947      ,Excitation     
   66550.761788249947      ,   26.338288647521509      ,   66524.423499602432      ,Ionization     
   66524.423499602432      ,   31.740098011155816      ,   66492.683401591275      ,Ionization     
   66492.683401591275      ,   8.3999996185302734      ,   66484.283401972745      ,Excitation     
   66484.283401972745      ,   33.955871371585516      ,   66450.327530601164      ,Ionization     
   66450.327530601164      ,   25.572012607869397      ,   66424.755517993297      ,Ionization     
   66424.755517993297      ,   21.132067732705302      ,   66403.623450260595      ,Ionization     
   66403.623450260595      ,   17.376504171092208      ,   66386.246946089508      ,Ionization     
   66386.246946089508      ,   30.448553951256997      ,   66355.798392138255      ,Ionization     
   66355.798392138255      ,   35.613651713341277      ,   66320.184740424913      ,Ionization     
   66320.184740424913      ,   29.507922594215877      ,   66290.676817830696      ,Ionization     
   66290.676817830696      ,   30.431137000248675      ,   66260.245680830441      ,Ionization     
   66260.245680830441      ,   27.454484657197280      ,   66232.791196173246      ,Ionization     
   66232.791196173246      ,   21.551510109810913      ,   66211.239686063433      ,Ionization     
   66211.239686063433      ,   38.905271965128925      ,   66172.334414098310      ,Ionization     
   66172.334414098310      ,   18.239308388284535      ,   66154.095105710032      ,Ionization     
   66154.095105710032      ,   26.210955454400320      ,   66127.884150255632      ,Ionization     
   66127.884150255632      ,   16.831612989537131      ,   66111.052537266092      ,Ionization     
   66111.052537266092      ,   19.320499164972944      ,   66091.732038101123      ,Ionization     
   66091.732038101123      ,   43.552168476652724      ,   66048.179869624466      ,Ionization     
   66048.179869624466      ,   22.008469284418492      ,   66026.171400340041      ,Ionization     
   66026.171400340041      ,   8.3999996185302734      ,   66017.771400721511      ,Excitation     
   66017.771400721511      ,   35.775609209555618      ,   65981.995791511959      ,Ionization     
   65981.995791511959      ,   8.3999996185302734      ,   65973.595791893429      ,Excitation     
   65973.595791893429      ,   21.814772002530649      ,   65951.781019890899      ,Ionization     
   65951.781019890899      ,   17.807838613224636      ,   65933.973181277674      ,Ionization     
   65933.973181277674      ,   16.818088567785548      ,   65917.155092709887      ,Ionization     
   65917.155092709887      ,   30.697903642494481      ,   65886.457189067398      ,Ionization     
   65886.457189067398      ,   32.158278022279667      ,   65854.298911045116      ,Ionization     
   65854.298911045116      ,   29.311822421536917      ,   65824.987088623573      ,Ionization     
   65824.987088623573      ,   35.877162424718577      ,   65789.109926198857      ,Ionization     
   65789.109926198857      ,   8.3999996185302734      ,   65780.709926580326      ,Excitation     
   65780.709926580326      ,   27.194411260259791      ,   65753.515515320061      ,Ionization     
   65753.515515320061      ,   23.918986372681502      ,   65729.596528947382      ,Ionization     
   65729.596528947382      ,   8.3999996185302734      ,   65721.196529328852      ,Excitation     
   65721.196529328852      ,   24.096141585614081      ,   65697.100387743238      ,Ionization     
   65697.100387743238      ,   33.393587590328821      ,   65663.706800152911      ,Ionization     
   65663.706800152911      ,   4.5000000000000000      ,   65659.206800152911      ,Excitation     
   65659.206800152911      ,   26.312187331370261      ,   65632.894612821547      ,Ionization     
   65632.894612821547      ,   25.566821395043043      ,   65607.327791426505      ,Ionization     
   65607.327791426505      ,   39.751035526320429      ,   65567.576755900183      ,Ionization     
   65567.576755900183      ,   34.653950013338630      ,   65532.922805886847      ,Ionization     
   65532.922805886847      ,   21.132699788356710      ,   65511.790106098488      ,Ionization     
   65511.790106098488      ,   25.441413126757439      ,   65486.348692971733      ,Ionization     
   65486.348692971733      ,   1.6399999856948853      ,   65484.708692986038      ,Excitation     
   65484.708692986038      ,   52.845700998992150      ,   65431.862991987044      ,Ionization     
   65431.862991987044      ,   35.135193837672666      ,   65396.727798149368      ,Ionization     
   65396.727798149368      ,   20.488888384343596      ,   65376.238909765023      ,Ionization     
   65376.238909765023      ,   35.116969161415334      ,   65341.121940603611      ,Ionization     
   65341.121940603611      ,   25.257446467662056      ,   65315.864494135945      ,Ionization     
   65315.864494135945      ,   8.3999996185302734      ,   65307.464494517415      ,Excitation     
   65307.464494517415      ,   29.013119454628779      ,   65278.451375062788      ,Ionization     
   65278.451375062788      ,   25.730730660670147      ,   65252.720644402121      ,Ionization     
   65252.720644402121      ,   25.072088460827217      ,   65227.648555941298      ,Ionization     
   65227.648555941298      ,   9.8999996185302734      ,   65217.748556322767      ,Excitation     
   65217.748556322767      ,   42.780658583054738      ,   65174.967897739712      ,Ionization     
   65174.967897739712      ,   16.621693986175661      ,   65158.346203753536      ,Ionization     
   65158.346203753536      ,   38.716966059239567      ,   65119.629237694295      ,Ionization     
   65119.629237694295      ,   17.265641053113992      ,   65102.363596641182      ,Ionization     
   65102.363596641182      ,   23.954528984019124      ,   65078.409067657165      ,Ionization     
   65078.409067657165      ,   9.8999996185302734      ,   65068.509068038635      ,Excitation     
   65068.509068038635      ,   28.215655410926786      ,   65040.293412627710      ,Ionization     
   65040.293412627710      ,   26.751312527576104      ,   65013.542100100138      ,Ionization     
   65013.542100100138      ,   24.038799186479856      ,   64989.503300913660      ,Ionization     
   64989.503300913660      ,   15.825585513385359      ,   64973.677715400278      ,Ionization     
   64973.677715400278      ,   23.159635407987636      ,   64950.518079992289      ,Ionization     
   64950.518079992289      ,   40.410508079649254      ,   64910.107571912638      ,Ionization     
   64910.107571912638      ,   27.474967946752525      ,   64882.632603965889      ,Ionization     
   64882.632603965889      ,   32.518568696940932      ,   64850.114035268947      ,Ionization     
   64850.114035268947      ,   15.169329929851401      ,   64834.944705339098      ,Ionization     
   64834.944705339098      ,   8.3999996185302734      ,   64826.544705720567      ,Excitation     
   64826.544705720567      ,   25.949910916967220      ,   64800.594794803597      ,Ionization     
   64800.594794803597      ,   19.977626264845910      ,   64780.617168538753      ,Ionization     
   64780.617168538753      ,   17.611177334179935      ,   64763.005991204576      ,Ionization     
   64763.005991204576      ,   28.614139651186257      ,   64734.391851553388      ,Ionization     
   64734.391851553388      ,   22.355414707633173      ,   64712.036436845752      ,Ionization     
   64712.036436845752      ,   8.3999996185302734      ,   64703.636437227222      ,Excitation     
   64703.636437227222      ,   23.411701487748722      ,   64680.224735739474      ,Ionization     
   64680.224735739474      ,   8.3999996185302734      ,   64671.824736120943      ,Excitation     
   64671.824736120943      ,   27.991811118924026      ,   64643.832925002018      ,Ionization     
   64643.832925002018      ,   22.818500242291893      ,   64621.014424759727      ,Ionization     
   64621.014424759727      ,   19.993782667496468      ,   64601.020642092233      ,Ionization     
   64601.020642092233      ,   43.019700120015678      ,   64558.000941972219      ,Ionization     
   64558.000941972219      ,   22.739806660311764      ,   64535.261135311906      ,Ionization     
   64535.261135311906      ,   36.996347473658055      ,   64498.264787838249      ,Ionization     
   64498.264787838249      ,   22.238305116803261      ,   64476.026482721449      ,Ionization     
   64476.026482721449      ,   32.741661286718639      ,   64443.284821434732      ,Ionization     
   64443.284821434732      ,   37.869595256669015      ,   64405.415226178062      ,Ionization     
   64405.415226178062      ,   22.270217610696797      ,   64383.145008567364      ,Ionization     
   64383.145008567364      ,   18.510589911242974      ,   64364.634418656118      ,Ionization     
   64364.634418656118      ,   19.388611329411670      ,   64345.245807326704      ,Ionization     
   64345.245807326704      ,   30.808894466679163      ,   64314.436912860023      ,Ionization     
   64314.436912860023      ,   16.608180633563162      ,   64297.828732226459      ,Ionization     
   64297.828732226459      ,   1.6399999856948853      ,   64296.188732240764      ,Excitation     
   64296.188732240764      ,   24.954525691640818      ,   64271.234206549125      ,Ionization     
   64271.234206549125      ,   31.855267401643530      ,   64239.378939147478      ,Ionization     
   64239.378939147478      ,   15.928591780930718      ,   64223.450347366546      ,Ionization     
   64223.450347366546      ,   15.177692076346535      ,   64208.272655290202      ,Ionization     
   64208.272655290202      ,   4.5000000000000000      ,   64203.772655290202      ,Excitation     
   64203.772655290202      ,   23.093702090838946      ,   64180.678953199364      ,Ionization     
   64180.678953199364      ,   20.872473911379622      ,   64159.806479287981      ,Ionization     
   64159.806479287981      ,   9.8999996185302734      ,   64149.906479669451      ,Excitation     
   64149.906479669451      ,   23.855945775414980      ,   64126.050533894035      ,Ionization     
   64126.050533894035      ,   50.010423452965973      ,   64076.040110441070      ,Ionization     
   64076.040110441070      ,   19.584163890128284      ,   64056.455946550945      ,Ionization     
   64056.455946550945      ,   29.401993029000479      ,   64027.053953521943      ,Ionization     
   64027.053953521943      ,   15.763494202797366      ,   64011.290459319149      ,Ionization     
   64011.290459319149      ,   27.453070744301328      ,   63983.837388574844      ,Ionization     
   63983.837388574844      ,   21.542345371143284      ,   63962.295043203703      ,Ionization     
   63962.295043203703      ,   1.6399999856948853      ,   63960.655043218008      ,Excitation     
   63960.655043218008      ,   8.3999996185302734      ,   63952.255043599478      ,Excitation     
   63952.255043599478      ,   20.513717501059404      ,   63931.741326098418      ,Ionization     
   63931.741326098418      ,   26.065037533646858      ,   63905.676288564769      ,Ionization     
   63905.676288564769      ,   19.463461105331163      ,   63886.212827459436      ,Ionization     
   63886.212827459436      ,   28.420230293655607      ,   63857.792597165782      ,Ionization     
   63857.792597165782      ,   23.138232562027522      ,   63834.654364603753      ,Ionization     
   63834.654364603753      ,   21.090064827637871      ,   63813.564299776117      ,Ionization     
   63813.564299776117      ,   19.402503627325210      ,   63794.161796148794      ,Ionization     
   63794.161796148794      ,   20.804169385077458      ,   63773.357626763718      ,Ionization     
   63773.357626763718      ,   28.797069671351252      ,   63744.560557092365      ,Ionization     
   63744.560557092365      ,   1.6399999856948853      ,   63742.920557106670      ,Excitation     
   63742.920557106670      ,   17.301824723746080      ,   63725.618732382922      ,Ionization     
   63725.618732382922      ,   23.145640164224112      ,   63702.473092218701      ,Ionization     
   63702.473092218701      ,   28.774122272752727      ,   63673.698969945945      ,Ionization     
   63673.698969945945      ,   9.8999996185302734      ,   63663.798970327414      ,Excitation     
   63663.798970327414      ,   20.176340776474731      ,   63643.622629550940      ,Ionization     
   63643.622629550940      ,   19.524216655538581      ,   63624.098412895401      ,Ionization     
   63624.098412895401      ,   1.6399999856948853      ,   63622.458412909706      ,Excitation     
   63622.458412909706      ,   9.8999996185302734      ,   63612.558413291175      ,Excitation     
   63612.558413291175      ,   4.5000000000000000      ,   63608.058413291175      ,Excitation     
   63608.058413291175      ,  0.98000001907348633      ,   63607.078413272102      ,Excitation     
   63607.078413272102      ,   26.385459615013861      ,   63580.692953657090      ,Ionization     
   63580.692953657090      ,   25.892715033117462      ,   63554.800238623975      ,Ionization     
   63554.800238623975      ,   36.344455489864465      ,   63518.455783134108      ,Ionization     
   63518.455783134108      ,   8.3999996185302734      ,   63510.055783515578      ,Excitation     
   63510.055783515578      ,   23.690250603774693      ,   63486.365532911805      ,Ionization     
   63486.365532911805      ,   9.8999996185302734      ,   63476.465533293274      ,Excitation     
   63476.465533293274      ,   30.354977096522333      ,   63446.110556196749      ,Ionization     
   63446.110556196749      ,   19.934792373269310      ,   63426.175763823478      ,Ionization     
   63426.175763823478      ,   27.122620138268637      ,   63399.053143685211      ,Ionization     
   63399.053143685211      ,   4.5000000000000000      ,   63394.553143685211      ,Excitation     
   63394.553143685211      ,   8.3999996185302734      ,   63386.153144066680      ,Excitation     
   63386.153144066680      ,   36.430459988150545      ,   63349.722684078530      ,Ionization     
   63349.722684078530      ,   23.724378084177943      ,   63325.998305994355      ,Ionization     
   63325.998305994355      ,   9.8999996185302734      ,   63316.098306375825      ,Excitation     
   63316.098306375825      ,   20.133444560245721      ,   63295.964861815577      ,Ionization     
   63295.964861815577      ,   29.923496979445559      ,   63266.041364836128      ,Ionization     
   63266.041364836128      ,   23.973763049857780      ,   63242.067601786272      ,Ionization     
   63242.067601786272      ,   37.306229477737382      ,   63204.761372308531      ,Ionization     
   63204.761372308531      ,   15.154550682188916      ,   63189.606821626345      ,Ionization     
   63189.606821626345      ,   22.540092152273253      ,   63167.066729474071      ,Ionization     
   63167.066729474071      ,   29.304919798487667      ,   63137.761809675583      ,Ionization     
   63137.761809675583      ,   42.281707076750536      ,   63095.480102598834      ,Ionization     
   63095.480102598834      ,  0.98000001907348633      ,   63094.500102579761      ,Excitation     
   63094.500102579761      ,   18.492198571489190      ,   63076.007904008271      ,Ionization     
   63076.007904008271      ,   33.314664633183433      ,   63042.693239375090      ,Ionization     
   63042.693239375090      ,   34.147551863474810      ,   63008.545687511614      ,Ionization     
   63008.545687511614      ,   1.6399999856948853      ,   63006.905687525919      ,Excitation     
   63006.905687525919      ,   15.824436358714733      ,   62991.081251167205      ,Ionization     
   62991.081251167205      ,   25.612953113217067      ,   62965.468298053987      ,Ionization     
   62965.468298053987      ,   1.6399999856948853      ,   62963.828298068292      ,Excitation     
   62963.828298068292      ,   42.297498744179002      ,   62921.530799324115      ,Ionization     
   62921.530799324115      ,   23.835440192288587      ,   62897.695359131823      ,Ionization     
   62897.695359131823      ,   4.5000000000000000      ,   62893.195359131823      ,Excitation     
   62893.195359131823      ,   9.8999996185302734      ,   62883.295359513293      ,Excitation     
   62883.295359513293      ,   20.626384593130162      ,   62862.668974920161      ,Ionization     
   62862.668974920161      ,   39.418657157316275      ,   62823.250317762846      ,Ionization     
   62823.250317762846      ,   21.652123854855937      ,   62801.598193907987      ,Ionization     
   62801.598193907987      ,   27.463015472129999      ,   62774.135178435856      ,Ionization     
   62774.135178435856      ,   18.452210980858904      ,   62755.682967454995      ,Ionization     
   62755.682967454995      ,   17.638389465163247      ,   62738.044577989829      ,Ionization     
   62738.044577989829      ,   19.574806644438603      ,   62718.469771345393      ,Ionization     
   62718.469771345393      ,   28.213642520711623      ,   62690.256128824680      ,Ionization     
   62690.256128824680      ,   15.025166592798762      ,   62675.230962231879      ,Ionization     
   62675.230962231879      ,   26.088244231545460      ,   62649.142718000330      ,Ionization     
   62649.142718000330      ,   28.542783263627733      ,   62620.599934736703      ,Ionization     
   62620.599934736703      ,   20.542480215974841      ,   62600.057454520727      ,Ionization     
   62600.057454520727      ,   8.3999996185302734      ,   62591.657454902197      ,Excitation     
   62591.657454902197      ,   8.3999996185302734      ,   62583.257455283667      ,Excitation     
   62583.257455283667      ,   30.791106783232046      ,   62552.466348500435      ,Ionization     
   62552.466348500435      ,   25.044531447794789      ,   62527.421817052636      ,Ionization     
   62527.421817052636      ,   33.262013554450071      ,   62494.159803498187      ,Ionization     
   62494.159803498187      ,   23.320339116887617      ,   62470.839464381301      ,Ionization     
   62470.839464381301      ,   23.950919130750769      ,   62446.888545250549      ,Ionization     
   62446.888545250549      ,   25.355235668070179      ,   62421.533309582483      ,Ionization     
   62421.533309582483      ,   19.593504161975289      ,   62401.939805420508      ,Ionization     
   62401.939805420508      ,   27.526770949140214      ,   62374.413034471370      ,Ionization     
   62374.413034471370      ,   22.118519773021525      ,   62352.294514698347      ,Ionization     
   62352.294514698347      ,   37.323796697380949      ,   62314.970718000965      ,Ionization     
   62314.970718000965      ,   27.785377147932078      ,   62287.185340853030      ,Ionization     
   62287.185340853030      ,   21.342624484701403      ,   62265.842716368330      ,Ionization     
   62265.842716368330      ,   8.3999996185302734      ,   62257.442716749800      ,Excitation     
   62257.442716749800      ,   8.3999996185302734      ,   62249.042717131269      ,Excitation     
   62249.042717131269      ,   27.979507706399321      ,   62221.063209424872      ,Ionization     
   62221.063209424872      ,   22.685858407524552      ,   62198.377351017349      ,Ionization     
   62198.377351017349      ,   33.748957812572066      ,   62164.628393204774      ,Ionization     
   62164.628393204774      ,  0.98000001907348633      ,   62163.648393185700      ,Excitation     
   62163.648393185700      ,   18.763359464079521      ,   62144.885033721621      ,Ionization     
   62144.885033721621      ,   34.175096913224962      ,   62110.709936808395      ,Ionization     
   62110.709936808395      ,   35.784392074440966      ,   62074.925544733953      ,Ionization     
   62074.925544733953      ,   8.3999996185302734      ,   62066.525545115423      ,Excitation     
   62066.525545115423      ,   27.335905830593280      ,   62039.189639284828      ,Ionization     
   62039.189639284828      ,   20.527200711837885      ,   62018.662438572988      ,Ionization     
   62018.662438572988      ,   28.203179316005446      ,   61990.459259256982      ,Ionization     
   61990.459259256982      ,   4.5000000000000000      ,   61985.959259256982      ,Excitation     
   61985.959259256982      ,   25.099676963473680      ,   61960.859582293509      ,Ionization     
   61960.859582293509      ,   8.3999996185302734      ,   61952.459582674979      ,Excitation     
   61952.459582674979      ,   4.5000000000000000      ,   61947.959582674979      ,Excitation     
   61947.959582674979      ,   28.663549811901589      ,   61919.296032863080      ,Ionization     
   61919.296032863080      ,   25.573181058282209      ,   61893.722851804800      ,Ionization     
   61893.722851804800      ,   35.827694218136507      ,   61857.895157586659      ,Ionization     
   61857.895157586659      ,   9.8999996185302734      ,   61847.995157968129      ,Excitation     
   61847.995157968129      ,   8.3999996185302734      ,   61839.595158349599      ,Excitation     
   61839.595158349599      ,   25.495750070486395      ,   61814.099408279115      ,Ionization     
   61814.099408279115      ,   20.445574204797296      ,   61793.653834074321      ,Ionization     
   61793.653834074321      ,   27.784868644802664      ,   61765.868965429516      ,Ionization     
   61765.868965429516      ,   1.6399999856948853      ,   61764.228965443821      ,Excitation     
   61764.228965443821      ,   26.888968430661343      ,   61737.339997013158      ,Ionization     
   61737.339997013158      ,   8.3999996185302734      ,   61728.939997394627      ,Excitation     
   61728.939997394627      ,  0.98000001907348633      ,   61727.959997375554      ,Excitation     
   61727.959997375554      ,   27.155819944886261      ,   61700.804177430669      ,Ionization     
   61700.804177430669      ,   30.977612499330014      ,   61669.826564931340      ,Ionization     
   61669.826564931340      ,  0.98000001907348633      ,   61668.846564912266      ,Excitation     
   61668.846564912266      ,   26.496056842555774      ,   61642.350508069714      ,Ionization     
   61642.350508069714      ,   22.167637791470959      ,   61620.182870278244      ,Ionization     
   61620.182870278244      ,   37.665569757717059      ,   61582.517300520529      ,Ionization     
   61582.517300520529      ,   8.3999996185302734      ,   61574.117300901999      ,Excitation     
   61574.117300901999      ,   8.3999996185302734      ,   61565.717301283468      ,Excitation     
   61565.717301283468      ,   4.5000000000000000      ,   61561.217301283468      ,Excitation     
   61561.217301283468      ,   17.004250726610479      ,   61544.213050556857      ,Ionization     
   61544.213050556857      ,   21.408984557650452      ,   61522.804065999204      ,Ionization     
   61522.804065999204      ,   25.011228430449371      ,   61497.792837568755      ,Ionization     
   61497.792837568755      ,   21.548889014565681      ,   61476.243948554191      ,Ionization     
   61476.243948554191      ,   19.777260210870157      ,   61456.466688343324      ,Ionization     
   61456.466688343324      ,   8.3999996185302734      ,   61448.066688724793      ,Excitation     
   61448.066688724793      ,   8.3999996185302734      ,   61439.666689106263      ,Excitation     
   61439.666689106263      ,   8.3999996185302734      ,   61431.266689487733      ,Excitation     
   61431.266689487733      ,   24.131486552318485      ,   61407.135202935417      ,Ionization     
   61407.135202935417      ,   27.130666285115929      ,   61380.004536650304      ,Ionization     
   61380.004536650304      ,   38.844218744995985      ,   61341.160317905305      ,Ionization     
   61341.160317905305      ,   8.3999996185302734      ,   61332.760318286775      ,Excitation     
   61332.760318286775      ,   9.8999996185302734      ,   61322.860318668245      ,Excitation     
   61322.860318668245      ,   23.118060166466634      ,   61299.742258501778      ,Ionization     
   61299.742258501778      ,   15.971167723549119      ,   61283.771090778231      ,Ionization     
   61283.771090778231      ,  0.98000001907348633      ,   61282.791090759158      ,Excitation     
   61282.791090759158      ,   4.5000000000000000      ,   61278.291090759158      ,Excitation     
   61278.291090759158      ,   38.082378407129291      ,   61240.208712352025      ,Ionization     
   61240.208712352025      ,   9.8999996185302734      ,   61230.308712733495      ,Excitation     
   61230.308712733495      ,   23.472353435274346      ,   61206.836359298220      ,Ionization     
   61206.836359298220      ,   30.127932999032872      ,   61176.708426299185      ,Ionization     
   61176.708426299185      ,   30.949410134755738      ,   61145.759016164426      ,Ionization     
   61145.759016164426      ,   18.636758612591205      ,   61127.122257551833      ,Ionization     
   61127.122257551833      ,  0.98000001907348633      ,   61126.142257532760      ,Excitation     
   61126.142257532760      ,   31.255355604506185      ,   61094.886901928250      ,Ionization     
   61094.886901928250      ,   27.357119791344040      ,   61067.529782136909      ,Ionization     
   61067.529782136909      ,   41.517574266359638      ,   61026.012207870546      ,Ionization     
   61026.012207870546      ,   26.078585083214605      ,   60999.933622787328      ,Ionization     
   60999.933622787328      ,   1.6399999856948853      ,   60998.293622801633      ,Excitation     
   60998.293622801633      ,   8.3999996185302734      ,   60989.893623183103      ,Excitation     
   60989.893623183103      ,   22.452050780741708      ,   60967.441572402364      ,Ionization     
   60967.441572402364      ,   16.103368934379098      ,   60951.338203467982      ,Ionization     
   60951.338203467982      ,   8.3999996185302734      ,   60942.938203849451      ,Excitation     
   60942.938203849451      ,   8.3999996185302734      ,   60934.538204230921      ,Excitation     
   60934.538204230921      ,   1.6399999856948853      ,   60932.898204245226      ,Excitation     
   60932.898204245226      ,   21.342604120860106      ,   60911.555600124368      ,Ionization     
   60911.555600124368      ,   9.8999996185302734      ,   60901.655600505837      ,Excitation     
   60901.655600505837      ,   16.503185593838936      ,   60885.152414912001      ,Ionization     
   60885.152414912001      ,   16.809047407141794      ,   60868.343367504858      ,Ionization     
   60868.343367504858      ,   31.304383678410872      ,   60837.038983826445      ,Ionization     
   60837.038983826445      ,  0.98000001907348633      ,   60836.058983807372      ,Excitation     
   60836.058983807372      ,   8.3999996185302734      ,   60827.658984188842      ,Excitation     
   60827.658984188842      ,   28.271760112212078      ,   60799.387224076629      ,Ionization     
   60799.387224076629      ,   18.685972326011594      ,   60780.701251750615      ,Ionization     
   60780.701251750615      ,   33.959099447057390      ,   60746.742152303559      ,Ionization     
   60746.742152303559      ,   8.3999996185302734      ,   60738.342152685029      ,Excitation     
   60738.342152685029      ,   22.159996936250018      ,   60716.182155748778      ,Ionization     
   60716.182155748778      ,   24.166162297186510      ,   60692.015993451590      ,Ionization     
   60692.015993451590      ,   31.215880449307122      ,   60660.800113002282      ,Ionization     
   60660.800113002282      ,   1.6399999856948853      ,   60659.160113016587      ,Excitation     
   60659.160113016587      ,   9.8999996185302734      ,   60649.260113398057      ,Excitation     
   60649.260113398057      ,   28.512516515986626      ,   60620.747596882073      ,Ionization     
   60620.747596882073      ,   8.3999996185302734      ,   60612.347597263542      ,Excitation     
   60612.347597263542      ,   1.6399999856948853      ,   60610.707597277848      ,Excitation     
   60610.707597277848      ,   1.6399999856948853      ,   60609.067597292153      ,Excitation     
   60609.067597292153      ,   25.977553078419305      ,   60583.090044213735      ,Ionization     
   60583.090044213735      ,   35.651774452112946      ,   60547.438269761624      ,Ionization     
   60547.438269761624      ,   32.359754277768054      ,   60515.078515483852      ,Ionization     
   60515.078515483852      ,   32.766129850585621      ,   60482.312385633268      ,Ionization     
   60482.312385633268      ,   32.753123430260658      ,   60449.559262203009      ,Ionization     
   60449.559262203009      ,   32.937873360098578      ,   60416.621388842912      ,Ionization     
   60416.621388842912      ,   21.175420232626053      ,   60395.445968610285      ,Ionization     
   60395.445968610285      ,   24.201407035010362      ,   60371.244561575273      ,Ionization     
   60371.244561575273      ,   26.476232102492471      ,   60344.768329472783      ,Ionization     
   60344.768329472783      ,   17.889141225431541      ,   60326.879188247352      ,Ionization     
   60326.879188247352      ,   4.5000000000000000      ,   60322.379188247352      ,Excitation     
   60322.379188247352      ,   8.3999996185302734      ,   60313.979188628822      ,Excitation     
   60313.979188628822      ,   16.715336580838535      ,   60297.263852047981      ,Ionization     
   60297.263852047981      ,   29.134178554930649      ,   60268.129673493051      ,Ionization     
   60268.129673493051      ,  0.98000001907348633      ,   60267.149673473978      ,Excitation     
   60267.149673473978      ,   40.699510347587847      ,   60226.450163126392      ,Ionization     
   60226.450163126392      ,   15.103462252300883      ,   60211.346700874092      ,Ionization     
   60211.346700874092      ,   31.897049300259070      ,   60179.449651573836      ,Ionization     
   60179.449651573836      ,   9.8999996185302734      ,   60169.549651955305      ,Excitation     
   60169.549651955305      ,   36.199662017250020      ,   60133.349989938055      ,Ionization     
   60133.349989938055      ,   28.485494280849856      ,   60104.864495657202      ,Ionization     
   60104.864495657202      ,   20.853156862926916      ,   60084.011338794277      ,Ionization     
   60084.011338794277      ,   24.046910350854017      ,   60059.964428443425      ,Ionization     
   60059.964428443425      ,   4.5000000000000000      ,   60055.464428443425      ,Excitation     
   60055.464428443425      ,   8.3999996185302734      ,   60047.064428824895      ,Excitation     
   60047.064428824895      ,   22.589174055332201      ,   60024.475254769561      ,Ionization     
   60024.475254769561      ,   18.947658710405729      ,   60005.527596059153      ,Ionization     
   60005.527596059153      ,   21.647361293962909      ,   59983.880234765187      ,Ionization     
   59983.880234765187      ,   4.5000000000000000      ,   59979.380234765187      ,Excitation     
   59979.380234765187      ,   25.725431524603884      ,   59953.654803240584      ,Ionization     
   59953.654803240584      ,   26.202018686379894      ,   59927.452784554203      ,Ionization     
   59927.452784554203      ,   27.672105350191909      ,   59899.780679204014      ,Ionization     
   59899.780679204014      ,   24.878483787967333      ,   59874.902195416049      ,Ionization     
   59874.902195416049      ,   21.723580622261437      ,   59853.178614793789      ,Ionization     
   59853.178614793789      ,   1.6399999856948853      ,   59851.538614808094      ,Excitation     
   59851.538614808094      ,   4.5000000000000000      ,   59847.038614808094      ,Excitation     
   59847.038614808094      ,   1.6399999856948853      ,   59845.398614822399      ,Excitation     
   59845.398614822399      ,   4.5000000000000000      ,   59840.898614822399      ,Excitation     
   59840.898614822399      ,   8.3999996185302734      ,   59832.498615203869      ,Excitation     
   59832.498615203869      ,  0.98000001907348633      ,   59831.518615184796      ,Excitation     
   59831.518615184796      ,   24.262279605145757      ,   59807.256335579652      ,Ionization     
   59807.256335579652      ,   8.3999996185302734      ,   59798.856335961122      ,Excitation     
   59798.856335961122      ,   1.6399999856948853      ,   59797.216335975427      ,Excitation     
   59797.216335975427      ,   15.404380149524327      ,   59781.811955825906      ,Ionization     
   59781.811955825906      ,   8.3999996185302734      ,   59773.411956207376      ,Excitation     
   59773.411956207376      ,   17.137379716103933      ,   59756.274576491269      ,Ionization     
   59756.274576491269      ,   31.819117226095152      ,   59724.455459265177      ,Ionization     
   59724.455459265177      ,   38.727506415976265      ,   59685.727952849200      ,Ionization     
   59685.727952849200      ,   22.721156470750550      ,   59663.006796378446      ,Ionization     
   59663.006796378446      ,   18.771143291358413      ,   59644.235653087089      ,Ionization     
   59644.235653087089      ,   24.813499269303364      ,   59619.422153817788      ,Ionization     
   59619.422153817788      ,   8.3999996185302734      ,   59611.022154199258      ,Excitation     
   59611.022154199258      ,   9.8999996185302734      ,   59601.122154580728      ,Excitation     
   59601.122154580728      ,   32.803437801141776      ,   59568.318716779584      ,Ionization     
   59568.318716779584      ,   30.252361868219246      ,   59538.066354911367      ,Ionization     
   59538.066354911367      ,   4.5000000000000000      ,   59533.566354911367      ,Excitation     
   59533.566354911367      ,   18.909629612243492      ,   59514.656725299123      ,Ionization     
   59514.656725299123      ,   8.3999996185302734      ,   59506.256725680592      ,Excitation     
   59506.256725680592      ,   24.926373942464679      ,   59481.330351738128      ,Ionization     
   59481.330351738128      ,   23.393518039084217      ,   59457.936833699045      ,Ionization     
   59457.936833699045      ,   15.782309929941732      ,   59442.154523769103      ,Ionization     
   59442.154523769103      ,   20.387546849906798      ,   59421.766976919193      ,Ionization     
   59421.766976919193      ,   15.418804879572100      ,   59406.348172039623      ,Ionization     
   59406.348172039623      ,   28.548399968058582      ,   59377.799772071565      ,Ionization     
   59377.799772071565      ,   29.540647469999762      ,   59348.259124601565      ,Ionization     
   59348.259124601565      ,   9.8999996185302734      ,   59338.359124983035      ,Excitation     
   59338.359124983035      ,   22.676442342920950      ,   59315.682682640116      ,Ionization     
   59315.682682640116      ,   23.647756893600572      ,   59292.034925746513      ,Ionization     
   59292.034925746513      ,   34.620702973411134      ,   59257.414222773099      ,Ionization     
   59257.414222773099      ,   26.176858203128091      ,   59231.237364569970      ,Ionization     
   59231.237364569970      ,   26.286506079682368      ,   59204.950858490287      ,Ionization     
   59204.950858490287      ,   21.465793744344076      ,   59183.485064745946      ,Ionization     
   59183.485064745946      ,   28.707834537480487      ,   59154.777230208463      ,Ionization     
   59154.777230208463      ,   8.3999996185302734      ,   59146.377230589933      ,Excitation     
   59146.377230589933      ,   9.8999996185302734      ,   59136.477230971403      ,Excitation     
   59136.477230971403      ,   47.971457369350631      ,   59088.505773602054      ,Ionization     
   59088.505773602054      ,   29.364982938310682      ,   59059.140790663740      ,Ionization     
   59059.140790663740      ,   24.041031834445654      ,   59035.099758829296      ,Ionization     
   59035.099758829296      ,   26.488615076062064      ,   59008.611143753231      ,Ionization     
   59008.611143753231      ,   27.721055183591393      ,   58980.890088569642      ,Ionization     
   58980.890088569642      ,   33.163511656015487      ,   58947.726576913628      ,Ionization     
   58947.726576913628      ,   14.966312457244040      ,   58932.760264456381      ,Ionization     
   58932.760264456381      ,   29.465893597557297      ,   58903.294370858821      ,Ionization     
   58903.294370858821      ,   28.438786240753032      ,   58874.855584618068      ,Ionization     
   58874.855584618068      ,   21.721974550511963      ,   58853.133610067554      ,Ionization     
   58853.133610067554      ,   18.046253650153634      ,   58835.087356417403      ,Ionization     
   58835.087356417403      ,   22.915169606642841      ,   58812.172186810763      ,Ionization     
   58812.172186810763      ,   25.678968880428449      ,   58786.493217930336      ,Ionization     
   58786.493217930336      ,   8.3999996185302734      ,   58778.093218311806      ,Excitation     
   58778.093218311806      ,   19.603978089068669      ,   58758.489240222734      ,Ionization     
   58758.489240222734      ,   4.5000000000000000      ,   58753.989240222734      ,Excitation     
   58753.989240222734      ,   4.5000000000000000      ,   58749.489240222734      ,Excitation     
   58749.489240222734      ,   8.3999996185302734      ,   58741.089240604204      ,Excitation     
   58741.089240604204      ,   28.006820038342362      ,   58713.082420565865      ,Ionization     
   58713.082420565865      ,   34.624424112579383      ,   58678.457996453282      ,Ionization     
   58678.457996453282      ,   25.976900281280052      ,   58652.481096172000      ,Ionization     
   58652.481096172000      ,   20.508706690785147      ,   58631.972389481212      ,Ionization     
   58631.972389481212      ,   4.5000000000000000      ,   58627.472389481212      ,Excitation     
   58627.472389481212      ,   39.413631752579413      ,   58588.058757728635      ,Ionization     
   58588.058757728635      ,   25.185616490215804      ,   58562.873141238422      ,Ionization     
   58562.873141238422      ,   19.928640725928773      ,   58542.944500512494      ,Ionization     
   58542.944500512494      ,   32.334430330264098      ,   58510.610070182229      ,Ionization     
   58510.610070182229      ,   27.097851352096406      ,   58483.512218830132      ,Ionization     
   58483.512218830132      ,   1.6399999856948853      ,   58481.872218844437      ,Excitation     
   58481.872218844437      ,   18.955808975495231      ,   58462.916409868943      ,Ionization     
   58462.916409868943      ,   31.350209358826859      ,   58431.566200510119      ,Ionization     
   58431.566200510119      ,   25.585367165020116      ,   58405.980833345100      ,Ionization     
   58405.980833345100      ,   15.979056699958857      ,   58390.001776645142      ,Ionization     
   58390.001776645142      ,   19.390876253140469      ,   58370.610900391999      ,Ionization     
   58370.610900391999      ,   22.394837678677860      ,   58348.216062713320      ,Ionization     
   58348.216062713320      ,   15.985417457500120      ,   58332.230645255819      ,Ionization     
   58332.230645255819      ,   4.5000000000000000      ,   58327.730645255819      ,Excitation     
   58327.730645255819      ,   31.533952858872965      ,   58296.196692396945      ,Ionization     
   58296.196692396945      ,   24.408164974570624      ,   58271.788527422374      ,Ionization     
   58271.788527422374      ,   20.939102331920871      ,   58250.849425090455      ,Ionization     
   58250.849425090455      ,   23.256563477478174      ,   58227.592861612975      ,Ionization     
   58227.592861612975      ,   35.882540191642683      ,   58191.710321421335      ,Ionization     
   58191.710321421335      ,   31.077943904876200      ,   58160.632377516456      ,Ionization     
   58160.632377516456      ,   4.5000000000000000      ,   58156.132377516456      ,Excitation     
   58156.132377516456      ,   20.425589225354003      ,   58135.706788291100      ,Ionization     
   58135.706788291100      ,   33.654315017926841      ,   58102.052473273172      ,Ionization     
   58102.052473273172      ,   32.768507571175910      ,   58069.283965701994      ,Ionization     
   58069.283965701994      ,   4.5000000000000000      ,   58064.783965701994      ,Excitation     
   58064.783965701994      ,   25.913265682773783      ,   58038.870700019223      ,Ionization     
   58038.870700019223      ,   27.170378608159787      ,   58011.700321411066      ,Ionization     
   58011.700321411066      ,   23.111315541079321      ,   57988.589005869988      ,Ionization     
   57988.589005869988      ,   21.320695943420553      ,   57967.268309926571      ,Ionization     
   57967.268309926571      ,   22.568206671209829      ,   57944.700103255360      ,Ionization     
   57944.700103255360      ,   8.3999996185302734      ,   57936.300103636830      ,Excitation     
   57936.300103636830      ,   1.6399999856948853      ,   57934.660103651135      ,Excitation     
   57934.660103651135      ,   21.033936773265324      ,   57913.626166877868      ,Ionization     
   57913.626166877868      ,   8.3999996185302734      ,   57905.226167259338      ,Excitation     
   57905.226167259338      ,   9.8999996185302734      ,   57895.326167640807      ,Excitation     
   57895.326167640807      ,   43.103296315820927      ,   57852.222871324986      ,Ionization     
   57852.222871324986      ,   18.831872759497326      ,   57833.390998565490      ,Ionization     
   57833.390998565490      ,   27.171637508186876      ,   57806.219361057301      ,Ionization     
   57806.219361057301      ,   4.5000000000000000      ,   57801.719361057301      ,Excitation     
   57801.719361057301      ,   29.900605199238228      ,   57771.818755858061      ,Ionization     
   57771.818755858061      ,   26.595444014763153      ,   57745.223311843300      ,Ionization     
   57745.223311843300      ,   21.506872266389927      ,   57723.716439576907      ,Ionization     
   57723.716439576907      ,   17.426149199521561      ,   57706.290290377387      ,Ionization     
   57706.290290377387      ,   1.6399999856948853      ,   57704.650290391692      ,Excitation     
   57704.650290391692      ,   26.961109017601238      ,   57677.689181374088      ,Ionization     
   57677.689181374088      ,   18.999548055429106      ,   57658.689633318660      ,Ionization     
   57658.689633318660      ,   9.8999996185302734      ,   57648.789633700129      ,Excitation     
   57648.789633700129      ,   18.636560809907166      ,   57630.153072890222      ,Ionization     
   57630.153072890222      ,   16.224581593157119      ,   57613.928491297062      ,Ionization     
   57613.928491297062      ,   31.576333535918465      ,   57582.352157761146      ,Ionization     
   57582.352157761146      ,   8.3999996185302734      ,   57573.952158142616      ,Excitation     
   57573.952158142616      ,   22.289894628128735      ,   57551.662263514489      ,Ionization     
   57551.662263514489      ,   24.909721758519776      ,   57526.752541755966      ,Ionization     
   57526.752541755966      ,   23.898255275737021      ,   57502.854286480229      ,Ionization     
   57502.854286480229      ,   28.275335927392042      ,   57474.578950552837      ,Ionization     
   57474.578950552837      ,   20.365595299165676      ,   57454.213355253669      ,Ionization     
   57454.213355253669      ,   36.355672119082698      ,   57417.857683134585      ,Ionization     
   57417.857683134585      ,   19.564486989414874      ,   57398.293196145169      ,Ionization     
   57398.293196145169      ,   1.6399999856948853      ,   57396.653196159474      ,Excitation     
   57396.653196159474      ,   41.111648029897466      ,   57355.541548129579      ,Ionization     
   57355.541548129579      ,   1.6399999856948853      ,   57353.901548143884      ,Excitation     
   57353.901548143884      ,   9.8999996185302734      ,   57344.001548525353      ,Excitation     
   57344.001548525353      ,   4.5000000000000000      ,   57339.501548525353      ,Excitation     
   57339.501548525353      ,   25.191532292974053      ,   57314.310016232383      ,Ionization     
   57314.310016232383      ,   1.6399999856948853      ,   57312.670016246688      ,Excitation     
   57312.670016246688      ,   16.148940992118241      ,   57296.521075254568      ,Ionization     
   57296.521075254568      ,   24.748084158802293      ,   57271.772991095764      ,Ionization     
   57271.772991095764      ,   27.228101916731486      ,   57244.544889179029      ,Ionization     
   57244.544889179029      ,   8.3999996185302734      ,   57236.144889560499      ,Excitation     
   57236.144889560499      ,   27.579339765863217      ,   57208.565549794635      ,Ionization     
   57208.565549794635      ,   8.3999996185302734      ,   57200.165550176105      ,Excitation     
   57200.165550176105      ,   31.756390306651113      ,   57168.409159869458      ,Ionization     
   57168.409159869458      ,   30.891162737805018      ,   57137.517997131654      ,Ionization     
   57137.517997131654      ,   21.315664577924050      ,   57116.202332553730      ,Ionization     
   57116.202332553730      ,   32.480816350788217      ,   57083.721516202939      ,Ionization     
   57083.721516202939      ,   21.464516018114210      ,   57062.257000184822      ,Ionization     
   57062.257000184822      ,   24.038391937282206      ,   57038.218608247538      ,Ionization     
   57038.218608247538      ,   25.920318701977084      ,   57012.298289545564      ,Ionization     
   57012.298289545564      ,   23.287459218371531      ,   56989.010830327192      ,Ionization     
   56989.010830327192      ,  0.98000001907348633      ,   56988.030830308118      ,Excitation     
   56988.030830308118      ,   8.3999996185302734      ,   56979.630830689588      ,Excitation     
   56979.630830689588      ,   22.866290339990996      ,   56956.764540349599      ,Ionization     
   56956.764540349599      ,   18.342134212165156      ,   56938.422406137433      ,Ionization     
   56938.422406137433      ,   32.509068642525463      ,   56905.913337494909      ,Ionization     
   56905.913337494909      ,   31.127667601351803      ,   56874.785669893557      ,Ionization     
   56874.785669893557      ,   41.671656628492755      ,   56833.114013265062      ,Ionization     
   56833.114013265062      ,   8.3999996185302734      ,   56824.714013646531      ,Excitation     
   56824.714013646531      ,   29.522554542517810      ,   56795.191459104011      ,Ionization     
   56795.191459104011      ,   29.223271662776092      ,   56765.968187441234      ,Ionization     
   56765.968187441234      ,   24.456956625348042      ,   56741.511230815886      ,Ionization     
   56741.511230815886      ,   22.058073968086358      ,   56719.453156847798      ,Ionization     
   56719.453156847798      ,   22.211539367572094      ,   56697.241617480227      ,Ionization     
   56697.241617480227      ,   29.269280713079048      ,   56667.972336767147      ,Ionization     
   56667.972336767147      ,   19.706084396762215      ,   56648.266252370384      ,Ionization     
   56648.266252370384      ,   15.959378845258280      ,   56632.306873525129      ,Ionization     
   56632.306873525129      ,   17.610753750525031      ,   56614.696119774606      ,Ionization     
   56614.696119774606      ,   27.065675788838789      ,   56587.630443985770      ,Ionization     
   56587.630443985770      ,   29.178103264133419      ,   56558.452340721640      ,Ionization     
   56558.452340721640      ,   28.564319137708253      ,   56529.888021583931      ,Ionization     
   56529.888021583931      ,   8.3999996185302734      ,   56521.488021965401      ,Excitation     
   56521.488021965401      ,   28.497115024974299      ,   56492.990906940424      ,Ionization     
   56492.990906940424      ,   20.147116332133891      ,   56472.843790608291      ,Ionization     
   56472.843790608291      ,   36.728542575784736      ,   56436.115248032504      ,Ionization     
   56436.115248032504      ,   15.044519946036981      ,   56421.070728086466      ,Ionization     
   56421.070728086466      ,   33.990196882045069      ,   56387.080531204418      ,Ionization     
   56387.080531204418      ,   24.816727681569411      ,   56362.263803522845      ,Ionization     
   56362.263803522845      ,   20.795943965744250      ,   56341.467859557102      ,Ionization     
   56341.467859557102      ,   30.495972511863258      ,   56310.971887045242      ,Ionization     
   56310.971887045242      ,   26.523545552713358      ,   56284.448341492527      ,Ionization     
   56284.448341492527      ,   15.498906850118917      ,   56268.949434642411      ,Ionization     
   56268.949434642411      ,   8.3999996185302734      ,   56260.549435023881      ,Excitation     
   56260.549435023881      ,   18.413392678616258      ,   56242.136042345264      ,Ionization     
   56242.136042345264      ,   8.3999996185302734      ,   56233.736042726734      ,Excitation     
   56233.736042726734      ,   32.882948660832426      ,   56200.853094065904      ,Ionization     
   56200.853094065904      ,   4.5000000000000000      ,   56196.353094065904      ,Excitation     
   56196.353094065904      ,   16.885333291837156      ,   56179.467760774067      ,Ionization     
   56179.467760774067      ,   29.241091557102571      ,   56150.226669216965      ,Ionization     
   56150.226669216965      ,   17.570840746415744      ,   56132.655828470546      ,Ionization     
   56132.655828470546      ,   1.6399999856948853      ,   56131.015828484851      ,Excitation     
   56131.015828484851      ,   25.604235786145541      ,   56105.411592698707      ,Ionization     
   56105.411592698707      ,   32.107676954963310      ,   56073.303915743745      ,Ionization     
   56073.303915743745      ,   17.779093971892276      ,   56055.524821771854      ,Ionization     
   56055.524821771854      ,   42.136076174657298      ,   56013.388745597200      ,Ionization     
   56013.388745597200      ,   22.159150121573681      ,   55991.229595475626      ,Ionization     
   55991.229595475626      ,   18.961899502453065      ,   55972.267695973176      ,Ionization     
   55972.267695973176      ,   48.070517782587082      ,   55924.197178190589      ,Ionization     
   55924.197178190589      ,   27.454737757428340      ,   55896.742440433161      ,Ionization     
   55896.742440433161      ,   43.259613706854118      ,   55853.482826726307      ,Ionization     
   55853.482826726307      ,   47.892126568161622      ,   55805.590700158144      ,Ionization     
   55805.590700158144      ,   28.406650660227847      ,   55777.184049497919      ,Ionization     
   55777.184049497919      ,   23.781035258291613      ,   55753.403014239630      ,Ionization     
   55753.403014239630      ,   17.288182851860739      ,   55736.114831387771      ,Ionization     
   55736.114831387771      ,   31.190751102247432      ,   55704.924080285520      ,Ionization     
   55704.924080285520      ,   17.088340960208352      ,   55687.835739325310      ,Ionization     
   55687.835739325310      ,   18.130187634816874      ,   55669.705551690495      ,Ionization     
   55669.705551690495      ,   9.8999996185302734      ,   55659.805552071964      ,Excitation     
   55659.805552071964      ,   27.280118549208844      ,   55632.525433522758      ,Ionization     
   55632.525433522758      ,   8.3999996185302734      ,   55624.125433904228      ,Excitation     
   55624.125433904228      ,   39.098113480179599      ,   55585.027320424051      ,Ionization     
   55585.027320424051      ,   21.536955685042308      ,   55563.490364739009      ,Ionization     
   55563.490364739009      ,   22.181931708578226      ,   55541.308433030434      ,Ionization     
   55541.308433030434      ,   4.5000000000000000      ,   55536.808433030434      ,Excitation     
   55536.808433030434      ,   29.325362078130887      ,   55507.483070952301      ,Ionization     
   55507.483070952301      ,   13.206722719077922      ,   55494.276348233223      ,Ionization     
   55494.276348233223      ,   19.486348844575808      ,   55474.789999388646      ,Ionization     
   55474.789999388646      ,   25.054398237187119      ,   55449.735601151457      ,Ionization     
   55449.735601151457      ,   9.8999996185302734      ,   55439.835601532926      ,Excitation     
   55439.835601532926      ,  0.98000001907348633      ,   55438.855601513853      ,Excitation     
   55438.855601513853      ,   34.672324176377998      ,   55404.183277337477      ,Ionization     
   55404.183277337477      ,   24.800282743025541      ,   55379.382994594453      ,Ionization     
   55379.382994594453      ,   26.904545670408258      ,   55352.478448924041      ,Ionization     
   55352.478448924041      ,   1.6399999856948853      ,   55350.838448938346      ,Excitation     
   55350.838448938346      ,   21.800977852335752      ,   55329.037471086012      ,Ionization     
   55329.037471086012      ,   29.189951059720862      ,   55299.847520026291      ,Ionization     
   55299.847520026291      ,   28.049218963829368      ,   55271.798301062459      ,Ionization     
   55271.798301062459      ,   25.878693240537057      ,   55245.919607821925      ,Ionization     
   55245.919607821925      ,   28.200400427853282      ,   55217.719207394075      ,Ionization     
   55217.719207394075      ,   4.5000000000000000      ,   55213.219207394075      ,Excitation     
   55213.219207394075      ,   4.5000000000000000      ,   55208.719207394075      ,Excitation     
   55208.719207394075      ,   8.3999996185302734      ,   55200.319207775545      ,Excitation     
   55200.319207775545      ,   1.6399999856948853      ,   55198.679207789850      ,Excitation     
   55198.679207789850      ,   26.242102436567414      ,   55172.437105353281      ,Ionization     
   55172.437105353281      ,   19.354149063323746      ,   55153.082956289960      ,Ionization     
   55153.082956289960      ,   46.242514807854171      ,   55106.840441482105      ,Ionization     
   55106.840441482105      ,   16.997009938674275      ,   55089.843431543428      ,Ionization     
   55089.843431543428      ,   20.305440146579127      ,   55069.537991396850      ,Ionization     
   55069.537991396850      ,   18.950408409225609      ,   55050.587582987624      ,Ionization     
   55050.587582987624      ,   16.843551163680171      ,   55033.744031823946      ,Ionization     
   55033.744031823946      ,   37.295037433028661      ,   54996.448994390914      ,Ionization     
   54996.448994390914      ,   31.670363269485740      ,   54964.778631121429      ,Ionization     
   54964.778631121429      ,   27.426512227340744      ,   54937.352118894087      ,Ionization     
   54937.352118894087      ,   31.432149424943923      ,   54905.919969469142      ,Ionization     
   54905.919969469142      ,   22.573022196066567      ,   54883.346947273072      ,Ionization     
   54883.346947273072      ,   28.938862656745265      ,   54854.408084616327      ,Ionization     
   54854.408084616327      ,   24.701020272816024      ,   54829.707064343515      ,Ionization     
   54829.707064343515      ,   8.3999996185302734      ,   54821.307064724984      ,Excitation     
   54821.307064724984      ,   44.066270766708001      ,   54777.240793958277      ,Ionization     
   54777.240793958277      ,   16.670745892797022      ,   54760.570048065478      ,Ionization     
   54760.570048065478      ,   29.684750000227908      ,   54730.885298065252      ,Ionization     
   54730.885298065252      ,   16.355051152497197      ,   54714.530246912756      ,Ionization     
   54714.530246912756      ,   29.383368944700585      ,   54685.146877968058      ,Ionization     
   54685.146877968058      ,   8.3999996185302734      ,   54676.746878349528      ,Excitation     
   54676.746878349528      ,   29.139485439191901      ,   54647.607392910337      ,Ionization     
   54647.607392910337      ,   25.473761825953510      ,   54622.133631084384      ,Ionization     
   54622.133631084384      ,   4.5000000000000000      ,   54617.633631084384      ,Excitation     
   54617.633631084384      ,   21.248764028278181      ,   54596.384867056106      ,Ionization     
   54596.384867056106      ,   24.252496856410520      ,   54572.132370199695      ,Ionization     
   54572.132370199695      ,   29.083399199861312      ,   54543.048970999836      ,Ionization     
   54543.048970999836      ,   8.3999996185302734      ,   54534.648971381306      ,Excitation     
   54534.648971381306      ,   1.6399999856948853      ,   54533.008971395611      ,Excitation     
   54533.008971395611      ,   24.531631921466385      ,   54508.477339474142      ,Ionization     
   54508.477339474142      ,   23.708185644264532      ,   54484.769153829875      ,Ionization     
   54484.769153829875      ,   22.818950227940860      ,   54461.950203601933      ,Ionization     
   54461.950203601933      ,   4.5000000000000000      ,   54457.450203601933      ,Excitation     
   54457.450203601933      ,   26.420861338890177      ,   54431.029342263042      ,Ionization     
   54431.029342263042      ,   1.6399999856948853      ,   54429.389342277347      ,Excitation     
   54429.389342277347      ,   24.140511977125435      ,   54405.248830300225      ,Ionization     
   54405.248830300225      ,   35.123996983744178      ,   54370.124833316484      ,Ionization     
   54370.124833316484      ,   8.3999996185302734      ,   54361.724833697954      ,Excitation     
   54361.724833697954      ,   8.3999996185302734      ,   54353.324834079423      ,Excitation     
   54353.324834079423      ,   15.306742295483645      ,   54338.018091783939      ,Ionization     
   54338.018091783939      ,   23.720832807374613      ,   54314.297258976563      ,Ionization     
   54314.297258976563      ,   17.902355451341720      ,   54296.394903525223      ,Ionization     
   54296.394903525223      ,   8.3999996185302734      ,   54287.994903906692      ,Excitation     
   54287.994903906692      ,   19.068116539595106      ,   54268.926787367098      ,Ionization     
   54268.926787367098      ,   22.562098411511037      ,   54246.364688955589      ,Ionization     
   54246.364688955589      ,   28.336985890393301      ,   54218.027703065200      ,Ionization     
   54218.027703065200      ,   9.8999996185302734      ,   54208.127703446669      ,Excitation     
   54208.127703446669      ,   25.400121329150302      ,   54182.727582117521      ,Ionization     
   54182.727582117521      ,   20.329914826084071      ,   54162.397667291436      ,Ionization     
   54162.397667291436      ,   8.3999996185302734      ,   54153.997667672906      ,Excitation     
   54153.997667672906      ,   19.676843070717648      ,   54134.320824602190      ,Ionization     
   54134.320824602190      ,   19.828179996755537      ,   54114.492644605431      ,Ionization     
   54114.492644605431      ,   25.896588072371742      ,   54088.596056533061      ,Ionization     
   54088.596056533061      ,   24.327232481360891      ,   54064.268824051702      ,Ionization     
   54064.268824051702      ,   22.608857247370366      ,   54041.659966804335      ,Ionization     
   54041.659966804335      ,  0.98000001907348633      ,   54040.679966785261      ,Excitation     
   54040.679966785261      ,   35.805774050602672      ,   54004.874192734656      ,Ionization     
   54004.874192734656      ,   35.472414898945154      ,   53969.401777835708      ,Ionization     
   53969.401777835708      ,   19.205575509133713      ,   53950.196202326573      ,Ionization     
   53950.196202326573      ,   27.166447652563456      ,   53923.029754674011      ,Ionization     
   53923.029754674011      ,   21.759342656475265      ,   53901.270412017533      ,Ionization     
   53901.270412017533      ,   36.957100518322299      ,   53864.313311499209      ,Ionization     
   53864.313311499209      ,   26.404703282628894      ,   53837.908608216581      ,Ionization     
   53837.908608216581      ,   29.778942613555323      ,   53808.129665603024      ,Ionization     
   53808.129665603024      ,   26.789474283714153      ,   53781.340191319308      ,Ionization     
   53781.340191319308      ,   33.496343655039055      ,   53747.843847664270      ,Ionization     
   53747.843847664270      ,   44.429175783308132      ,   53703.414671880964      ,Ionization     
   53703.414671880964      ,   32.426694962175446      ,   53670.987976918790      ,Ionization     
   53670.987976918790      ,   21.765254689554979      ,   53649.222722229235      ,Ionization     
   53649.222722229235      ,   8.3999996185302734      ,   53640.822722610705      ,Excitation     
   53640.822722610705      ,   8.3999996185302734      ,   53632.422722992174      ,Excitation     
   53632.422722992174      ,   17.217581770431231      ,   53615.205141221741      ,Ionization     
   53615.205141221741      ,   26.001197850275496      ,   53589.203943371467      ,Ionization     
   53589.203943371467      ,   1.6399999856948853      ,   53587.563943385772      ,Excitation     
   53587.563943385772      ,   27.326432027355253      ,   53560.237511358420      ,Ionization     
   53560.237511358420      ,   24.037364137774006      ,   53536.200147220647      ,Ionization     
   53536.200147220647      ,   8.3999996185302734      ,   53527.800147602116      ,Excitation     
   53527.800147602116      ,   19.811846897298285      ,   53507.988300704819      ,Ionization     
   53507.988300704819      ,   25.849520976515592      ,   53482.138779728302      ,Ionization     
   53482.138779728302      ,   28.744268487687854      ,   53453.394511240615      ,Ionization     
   53453.394511240615      ,   31.722539179920688      ,   53421.671972060692      ,Ionization     
   53421.671972060692      ,   19.668169754509051      ,   53402.003802306186      ,Ionization     
   53402.003802306186      ,   9.8999996185302734      ,   53392.103802687656      ,Excitation     
   53392.103802687656      ,   37.108502115861263      ,   53354.995300571798      ,Ionization     
   53354.995300571798      ,   21.641301471520052      ,   53333.353999100276      ,Ionization     
   53333.353999100276      ,   30.223054145637583      ,   53303.130944954639      ,Ionization     
   53303.130944954639      ,   34.839718445037782      ,   53268.291226509602      ,Ionization     
   53268.291226509602      ,   9.8999996185302734      ,   53258.391226891072      ,Excitation     
   53258.391226891072      ,   44.514543115183535      ,   53213.876683775889      ,Ionization     
   53213.876683775889      ,   29.717904493677068      ,   53184.158779282210      ,Ionization     
   53184.158779282210      ,   31.550454437304950      ,   53152.608324844907      ,Ionization     
   53152.608324844907      ,   40.765044032706463      ,   53111.843280812202      ,Ionization     
   53111.843280812202      ,   26.137989392942078      ,   53085.705291419261      ,Ionization     
   53085.705291419261      ,   23.171725218665976      ,   53062.533566200596      ,Ionization     
   53062.533566200596      ,   20.805651330493969      ,   53041.727914870105      ,Ionization     
   53041.727914870105      ,   18.447471665088511      ,   53023.280443205018      ,Ionization     
   53023.280443205018      ,   8.3999996185302734      ,   53014.880443586488      ,Excitation     
   53014.880443586488      ,   23.524783960523706      ,   52991.355659625966      ,Ionization     
   52991.355659625966      ,   26.514721629902876      ,   52964.840937996065      ,Ionization     
   52964.840937996065      ,   16.658170073831847      ,   52948.182767922233      ,Ionization     
   52948.182767922233      ,   1.6399999856948853      ,   52946.542767936538      ,Excitation     
   52946.542767936538      ,   43.852066000149762      ,   52902.690701936386      ,Ionization     
   52902.690701936386      ,   24.986790421463787      ,   52877.703911514924      ,Ionization     
   52877.703911514924      ,   1.6399999856948853      ,   52876.063911529229      ,Excitation     
   52876.063911529229      ,   4.5000000000000000      ,   52871.563911529229      ,Excitation     
   52871.563911529229      ,   29.422308257704501      ,   52842.141603271528      ,Ionization     
   52842.141603271528      ,   29.120272518229015      ,   52813.021330753298      ,Ionization     
   52813.021330753298      ,   1.6399999856948853      ,   52811.381330767603      ,Excitation     
   52811.381330767603      ,   19.852544265817933      ,   52791.528786501782      ,Ionization     
   52791.528786501782      ,   27.298629045746303      ,   52764.230157456033      ,Ionization     
   52764.230157456033      ,   17.821250936929040      ,   52746.408906519107      ,Ionization     
   52746.408906519107      ,   28.784837685227288      ,   52717.624068833880      ,Ionization     
   52717.624068833880      ,   32.220812697693525      ,   52685.403256136189      ,Ionization     
   52685.403256136189      ,   28.606194876061679      ,   52656.797061260128      ,Ionization     
   52656.797061260128      ,   22.862718042834661      ,   52633.934343217290      ,Ionization     
   52633.934343217290      ,   9.8999996185302734      ,   52624.034343598760      ,Excitation     
   52624.034343598760      ,   21.391108441836202      ,   52602.643235156924      ,Ionization     
   52602.643235156924      ,   19.987131033777192      ,   52582.656104123147      ,Ionization     
   52582.656104123147      ,   33.425803779600827      ,   52549.230300343545      ,Ionization     
   52549.230300343545      ,   8.3999996185302734      ,   52540.830300725014      ,Excitation     
   52540.830300725014      ,   27.750021448325381      ,   52513.080279276692      ,Ionization     
   52513.080279276692      ,   4.5000000000000000      ,   52508.580279276692      ,Excitation     
   52508.580279276692      ,   31.302485529169395      ,   52477.277793747526      ,Ionization     
   52477.277793747526      ,   19.053978799713111      ,   52458.223814947814      ,Ionization     
   52458.223814947814      ,   17.784693335882046      ,   52440.439121611933      ,Ionization     
   52440.439121611933      ,   34.681410767445662      ,   52405.757710844489      ,Ionization     
   52405.757710844489      ,  0.98000001907348633      ,   52404.777710825416      ,Excitation     
   52404.777710825416      ,   27.194373097662101      ,   52377.583337727752      ,Ionization     
   52377.583337727752      ,   32.836109098902632      ,   52344.747228628847      ,Ionization     
   52344.747228628847      ,   17.732061776034296      ,   52327.015166852812      ,Ionization     
   52327.015166852812      ,   4.5000000000000000      ,   52322.515166852812      ,Excitation     
   52322.515166852812      ,   27.581371357573552      ,   52294.933795495235      ,Ionization     
   52294.933795495235      ,   27.348991424783872      ,   52267.584804070451      ,Ionization     
   52267.584804070451      ,   23.314303012262521      ,   52244.270501058192      ,Ionization     
   52244.270501058192      ,   24.618799793771288      ,   52219.651701264418      ,Ionization     
   52219.651701264418      ,   17.895482576809918      ,   52201.756218687609      ,Ionization     
   52201.756218687609      ,   23.576026400790518      ,   52178.180192286818      ,Ionization     
   52178.180192286818      ,   36.649595376940212      ,   52141.530596909877      ,Ionization     
   52141.530596909877      ,   17.124390293919372      ,   52124.406206615960      ,Ionization     
   52124.406206615960      ,   20.041419474420060      ,   52104.364787141538      ,Ionization     
   52104.364787141538      ,   24.035693750470749      ,   52080.329093391068      ,Ionization     
   52080.329093391068      ,   28.747005713405002      ,   52051.582087677663      ,Ionization     
   52051.582087677663      ,   9.8999996185302734      ,   52041.682088059133      ,Excitation     
   52041.682088059133      ,   19.079843335038486      ,   52022.602244724098      ,Ionization     
   52022.602244724098      ,   8.3999996185302734      ,   52014.202245105567      ,Excitation     
   52014.202245105567      ,   26.687754751886409      ,   51987.514490353678      ,Ionization     
   51987.514490353678      ,   33.985116002727153      ,   51953.529374350954      ,Ionization     
   51953.529374350954      ,   8.3999996185302734      ,   51945.129374732423      ,Excitation     
   51945.129374732423      ,   8.3999996185302734      ,   51936.729375113893      ,Excitation     
   51936.729375113893      ,   22.097739269492035      ,   51914.631635844402      ,Ionization     
   51914.631635844402      ,   18.585605866326610      ,   51896.046029978075      ,Ionization     
   51896.046029978075      ,   31.466633660266027      ,   51864.579396317808      ,Ionization     
   51864.579396317808      ,   26.059526540193104      ,   51838.519869777614      ,Ionization     
   51838.519869777614      ,   36.405566820767746      ,   51802.114302956848      ,Ionization     
   51802.114302956848      ,   17.394071049842104      ,   51784.720231907006      ,Ionization     
   51784.720231907006      ,   8.3999996185302734      ,   51776.320232288475      ,Excitation     
   51776.320232288475      ,   44.321283674997211      ,   51731.998948613480      ,Ionization     
   51731.998948613480      ,   26.208657787902254      ,   51705.790290825578      ,Ionization     
   51705.790290825578      ,   26.069459719880438      ,   51679.720831105697      ,Ionization     
   51679.720831105697      ,   38.769044336209937      ,   51640.951786769489      ,Ionization     
   51640.951786769489      ,   8.3999996185302734      ,   51632.551787150958      ,Excitation     
   51632.551787150958      ,   4.5000000000000000      ,   51628.051787150958      ,Excitation     
   51628.051787150958      ,   24.771179955752899      ,   51603.280607195207      ,Ionization     
   51603.280607195207      ,   26.776179447614062      ,   51576.504427747590      ,Ionization     
   51576.504427747590      ,   29.631386045047691      ,   51546.873041702544      ,Ionization     
   51546.873041702544      ,   22.680876915209225      ,   51524.192164787331      ,Ionization     
   51524.192164787331      ,   8.3999996185302734      ,   51515.792165168801      ,Excitation     
   51515.792165168801      ,   21.209826647398224      ,   51494.582338521403      ,Ionization     
   51494.582338521403      ,   25.012813789627693      ,   51469.569524731778      ,Ionization     
   51469.569524731778      ,   39.721630686303214      ,   51429.847894045473      ,Ionization     
   51429.847894045473      ,   36.836268980987320      ,   51393.011625064486      ,Ionization     
   51393.011625064486      ,   27.449182660023236      ,   51365.562442404465      ,Ionization     
   51365.562442404465      ,   4.5000000000000000      ,   51361.062442404465      ,Excitation     
   51361.062442404465      ,   1.6399999856948853      ,   51359.422442418771      ,Excitation     
   51359.422442418771      ,   8.3999996185302734      ,   51351.022442800240      ,Excitation     
   51351.022442800240      ,   30.777488631266948      ,   51320.244954168971      ,Ionization     
   51320.244954168971      ,   43.496504596347876      ,   51276.748449572624      ,Ionization     
   51276.748449572624      ,   25.598215086293692      ,   51251.150234486333      ,Ionization     
   51251.150234486333      ,   36.481646050357476      ,   51214.668588435976      ,Ionization     
   51214.668588435976      ,   2.7885153259177021E-004 ,   51214.668309584442      ,Elastic        
   51214.668309584442      ,   21.931290504238206      ,   51192.737019080203      ,Ionization     
   51192.737019080203      ,   24.696975587760008      ,   51168.040043492445      ,Ionization     
   51168.040043492445      ,   17.084507942768461      ,   51150.955535549678      ,Ionization     
   51150.955535549678      ,   35.941074019191056      ,   51115.014461530489      ,Ionization     
   51115.014461530489      ,   9.8999996185302734      ,   51105.114461911959      ,Excitation     
   51105.114461911959      ,   22.450819486374236      ,   51082.663642425585      ,Ionization     
   51082.663642425585      ,   27.240947156839219      ,   51055.422695268746      ,Ionization     
   51055.422695268746      ,   19.708630826621576      ,   51035.714064442123      ,Ionization     
   51035.714064442123      ,   26.495650417971802      ,   51009.218414024152      ,Ionization     
   51009.218414024152      ,   39.567046652913540      ,   50969.651367371240      ,Ionization     
   50969.651367371240      ,   8.3999996185302734      ,   50961.251367752709      ,Excitation     
   50961.251367752709      ,   30.259545250054259      ,   50930.991822502656      ,Ionization     
   50930.991822502656      ,   26.605061772990446      ,   50904.386760729663      ,Ionization     
   50904.386760729663      ,   18.557327770293174      ,   50885.829432959370      ,Ionization     
   50885.829432959370      ,   32.776631278302155      ,   50853.052801681071      ,Ionization     
   50853.052801681071      ,   19.789683765306389      ,   50833.263117915762      ,Ionization     
   50833.263117915762      ,   30.366433905097914      ,   50802.896684010666      ,Ionization     
   50802.896684010666      ,   8.3999996185302734      ,   50794.496684392136      ,Excitation     
   50794.496684392136      ,   26.121697952440456      ,   50768.374986439696      ,Ionization     
   50768.374986439696      ,   28.948458719010127      ,   50739.426527720687      ,Ionization     
   50739.426527720687      ,   22.149522184179624      ,   50717.277005536511      ,Ionization     
   50717.277005536511      ,   39.590636183909815      ,   50677.686369352603      ,Ionization     
   50677.686369352603      ,   41.582083274981670      ,   50636.104286077622      ,Ionization     
   50636.104286077622      ,   8.3999996185302734      ,   50627.704286459091      ,Excitation     
   50627.704286459091      ,   32.248918127075861      ,   50595.455368332012      ,Ionization     
   50595.455368332012      ,   8.3999996185302734      ,   50587.055368713482      ,Excitation     
   50587.055368713482      ,   4.5000000000000000      ,   50582.555368713482      ,Excitation     
   50582.555368713482      ,   32.937271480863487      ,   50549.618097232618      ,Ionization     
   50549.618097232618      ,   31.847670606201568      ,   50517.770426626419      ,Ionization     
   50517.770426626419      ,   19.647232679329417      ,   50498.123193947089      ,Ionization     
   50498.123193947089      ,   34.006309781816022      ,   50464.116884165276      ,Ionization     
   50464.116884165276      ,   26.073230954240906      ,   50438.043653211033      ,Ionization     
   50438.043653211033      ,   35.117018409937067      ,   50402.926634801093      ,Ionization     
   50402.926634801093      ,   17.753612021005907      ,   50385.173022780087      ,Ionization     
   50385.173022780087      ,  0.98000001907348633      ,   50384.193022761014      ,Excitation     
   50384.193022761014      ,   25.608849127929886      ,   50358.584173633084      ,Ionization     
   50358.584173633084      ,   26.937073390671266      ,   50331.647100242415      ,Ionization     
   50331.647100242415      ,   23.905937930375075      ,   50307.741162312042      ,Ionization     
   50307.741162312042      ,   22.914550974004623      ,   50284.826611338038      ,Ionization     
   50284.826611338038      ,   8.3999996185302734      ,   50276.426611719507      ,Excitation     
   50276.426611719507      ,   28.514016255779246      ,   50247.912595463727      ,Ionization     
   50247.912595463727      ,   4.5000000000000000      ,   50243.412595463727      ,Excitation     
   50243.412595463727      ,   28.886039564389506      ,   50214.526555899341      ,Ionization     
   50214.526555899341      ,   33.723658682948418      ,   50180.802897216396      ,Ionization     
   50180.802897216396      ,   30.465672947619545      ,   50150.337224268776      ,Ionization     
   50150.337224268776      ,   26.323965985752992      ,   50124.013258283027      ,Ionization     
   50124.013258283027      ,   34.330708707385313      ,   50089.682549575642      ,Ionization     
   50089.682549575642      ,   29.362672223351041      ,   50060.319877352289      ,Ionization     
   50060.319877352289      ,   22.066863624888921      ,   50038.253013727401      ,Ionization     
   50038.253013727401      ,   24.475017445453290      ,   50013.777996281948      ,Ionization     
   50013.777996281948      ,   9.8999996185302734      ,   50003.877996663417      ,Excitation     
   50003.877996663417      ,   8.3999996185302734      ,   49995.477997044887      ,Excitation     
   49995.477997044887      ,   22.843972358269831      ,   49972.634024686617      ,Ionization     
   49972.634024686617      ,   8.3999996185302734      ,   49964.234025068086      ,Excitation     
   49964.234025068086      ,   8.3999996185302734      ,   49955.834025449556      ,Excitation     
   49955.834025449556      ,   23.124089885159080      ,   49932.709935564395      ,Ionization     
   49932.709935564395      ,   1.6399999856948853      ,   49931.069935578700      ,Excitation     
   49931.069935578700      ,   4.5000000000000000      ,   49926.569935578700      ,Excitation     
   49926.569935578700      ,   24.089363433433402      ,   49902.480572145265      ,Ionization     
   49902.480572145265      ,   18.732764437315083      ,   49883.747807707950      ,Ionization     
   49883.747807707950      ,   28.753321457562024      ,   49854.994486250391      ,Ionization     
   49854.994486250391      ,  0.98000001907348633      ,   49854.014486231317      ,Excitation     
   49854.014486231317      ,   38.517097816802874      ,   49815.497388414515      ,Ionization     
   49815.497388414515      ,   23.272135135550140      ,   49792.225253278964      ,Ionization     
   49792.225253278964      ,   22.056577893358607      ,   49770.168675385605      ,Ionization     
   49770.168675385605      ,   25.106267308622883      ,   49745.062408076985      ,Ionization     
   49745.062408076985      ,   18.161175239702416      ,   49726.901232837285      ,Ionization     
   49726.901232837285      ,   17.982700000162765      ,   49708.918532837124      ,Ionization     
   49708.918532837124      ,   28.426699640500011      ,   49680.491833196626      ,Ionization     
   49680.491833196626      ,   25.459255748276931      ,   49655.032577448350      ,Ionization     
   49655.032577448350      ,   29.427068181620072      ,   49625.605509266730      ,Ionization     
   49625.605509266730      ,   20.350636272812299      ,   49605.254872993915      ,Ionization     
   49605.254872993915      ,   1.6399999856948853      ,   49603.614873008220      ,Excitation     
   49603.614873008220      ,   29.927335537712658      ,   49573.687537470505      ,Ionization     
   49573.687537470505      ,   1.6399999856948853      ,   49572.047537484810      ,Excitation     
   49572.047537484810      ,   28.032506972560853      ,   49544.015030512252      ,Ionization     
   49544.015030512252      ,   4.5000000000000000      ,   49539.515030512252      ,Excitation     
   49539.515030512252      ,   33.408139021732211      ,   49506.106891490519      ,Ionization     
   49506.106891490519      ,   1.6399999856948853      ,   49504.466891504824      ,Excitation     
   49504.466891504824      ,   4.5000000000000000      ,   49499.966891504824      ,Excitation     
   49499.966891504824      ,   17.116221772809421      ,   49482.850669732012      ,Ionization     
   49482.850669732012      ,   9.8999996185302734      ,   49472.950670113481      ,Excitation     
   49472.950670113481      ,   33.746377439448892      ,   49439.204292674032      ,Ionization     
   49439.204292674032      ,   15.742714209815516      ,   49423.461578464216      ,Ionization     
   49423.461578464216      ,   21.631462853869895      ,   49401.830115610348      ,Ionization     
   49401.830115610348      ,   24.438223994808560      ,   49377.391891615538      ,Ionization     
   49377.391891615538      ,   25.180003022125977      ,   49352.211888593411      ,Ionization     
   49352.211888593411      ,   28.752096669825171      ,   49323.459791923582      ,Ionization     
   49323.459791923582      ,   36.034888450487820      ,   49287.424903473096      ,Ionization     
   49287.424903473096      ,   30.595581550638776      ,   49256.829321922458      ,Ionization     
   49256.829321922458      ,   17.361292294118787      ,   49239.468029628340      ,Ionization     
   49239.468029628340      ,   25.806402941622189      ,   49213.661626686720      ,Ionization     
   49213.661626686720      ,   37.563714244700655      ,   49176.097912442019      ,Ionization     
   49176.097912442019      ,   8.3999996185302734      ,   49167.697912823489      ,Excitation     
   49167.697912823489      ,   20.055660307982485      ,   49147.642252515507      ,Ionization     
   49147.642252515507      ,   21.218805813317072      ,   49126.423446702189      ,Ionization     
   49126.423446702189      ,   22.569822571984247      ,   49103.853624130206      ,Ionization     
   49103.853624130206      ,   8.3999996185302734      ,   49095.453624511676      ,Excitation     
   49095.453624511676      ,   8.3999996185302734      ,   49087.053624893146      ,Excitation     
   49087.053624893146      ,   27.152666999026660      ,   49059.900957894119      ,Ionization     
   49059.900957894119      ,   28.530374298512818      ,   49031.370583595606      ,Ionization     
   49031.370583595606      ,   20.841064324338330      ,   49010.529519271266      ,Ionization     
   49010.529519271266      ,   20.042718060207346      ,   48990.486801211060      ,Ionization     
   48990.486801211060      ,   22.895334362802874      ,   48967.591466848258      ,Ionization     
   48967.591466848258      ,   17.616771537327217      ,   48949.974695310928      ,Ionization     
   48949.974695310928      ,   38.541295797307242      ,   48911.433399513618      ,Ionization     
   48911.433399513618      ,   32.393310289379315      ,   48879.040089224240      ,Ionization     
   48879.040089224240      ,   27.265546965394236      ,   48851.774542258849      ,Ionization     
   48851.774542258849      ,   44.417206857462240      ,   48807.357335401386      ,Ionization     
   48807.357335401386      ,   4.5000000000000000      ,   48802.857335401386      ,Excitation     
   48802.857335401386      ,   20.308695374737940      ,   48782.548640026645      ,Ionization     
   48782.548640026645      ,   34.299002097405719      ,   48748.249637929242      ,Ionization     
   48748.249637929242      ,   25.346375689860004      ,   48722.903262239379      ,Ionization     
   48722.903262239379      ,   4.5000000000000000      ,   48718.403262239379      ,Excitation     
   48718.403262239379      ,   34.244277949309804      ,   48684.158984290072      ,Ionization     
   48684.158984290072      ,   8.3999996185302734      ,   48675.758984671542      ,Excitation     
   48675.758984671542      ,   8.3999996185302734      ,   48667.358985053012      ,Excitation     
   48667.358985053012      ,   21.881586813449342      ,   48645.477398239564      ,Ionization     
   48645.477398239564      ,   8.3999996185302734      ,   48637.077398621033      ,Excitation     
   48637.077398621033      ,   34.238453848339866      ,   48602.838944772695      ,Ionization     
   48602.838944772695      ,   52.212642349769290      ,   48550.626302422927      ,Ionization     
   48550.626302422927      ,   20.883969514124516      ,   48529.742332908805      ,Ionization     
   48529.742332908805      ,   27.515020328667966      ,   48502.227312580137      ,Ionization     
   48502.227312580137      ,   8.3999996185302734      ,   48493.827312961606      ,Excitation     
   48493.827312961606      ,   31.118672389714696      ,   48462.708640571895      ,Ionization     
   48462.708640571895      ,   45.175749654303452      ,   48417.532890917588      ,Ionization     
   48417.532890917588      ,   8.3999996185302734      ,   48409.132891299058      ,Excitation     
   48409.132891299058      ,   28.746445423643721      ,   48380.386445875411      ,Ionization     
   48380.386445875411      ,   19.408931685811034      ,   48360.977514189603      ,Ionization     
   48360.977514189603      ,   35.750711007587931      ,   48325.226803182013      ,Ionization     
   48325.226803182013      ,   20.595313549115453      ,   48304.631489632899      ,Ionization     
   48304.631489632899      ,   1.6399999856948853      ,   48302.991489647204      ,Excitation     
   48302.991489647204      ,   21.526235872102546      ,   48281.465253775103      ,Ionization     
   48281.465253775103      ,   9.8999996185302734      ,   48271.565254156572      ,Excitation     
   48271.565254156572      ,   21.814783471564827      ,   48249.750470685009      ,Ionization     
   48249.750470685009      ,   24.440684107947039      ,   48225.309786577061      ,Ionization     
   48225.309786577061      ,   25.819933613528857      ,   48199.489852963532      ,Ionization     
   48199.489852963532      ,   20.577024054472737      ,   48178.912828909059      ,Ionization     
   48178.912828909059      ,   20.420674443898580      ,   48158.492154465159      ,Ionization     
   48158.492154465159      ,   4.5000000000000000      ,   48153.992154465159      ,Excitation     
   48153.992154465159      ,   28.752394136525261      ,   48125.239760328630      ,Ionization     
   48125.239760328630      ,   16.469149182201832      ,   48108.770611146429      ,Ionization     
   48108.770611146429      ,   4.5000000000000000      ,   48104.270611146429      ,Excitation     
   48104.270611146429      ,   1.6399999856948853      ,   48102.630611160734      ,Excitation     
   48102.630611160734      ,   23.057064936720725      ,   48079.573546224012      ,Ionization     
   48079.573546224012      ,   35.979605227755307      ,   48043.593940996259      ,Ionization     
   48043.593940996259      ,   8.3999996185302734      ,   48035.193941377729      ,Excitation     
   48035.193941377729      ,   33.701466395912114      ,   48001.492474981816      ,Ionization     
   48001.492474981816      ,   32.895955929495273      ,   47968.596519052320      ,Ionization     
