   1.5979847105014524E+026         331          33          69           4           1
   9.8445673619923992E+026         331          34          68           4           1
   1.0190644979268702E+026         409          33          69           4           1
   3.1184107307446346E+026         409          34          70           4           1
   2.6808122486936919E+025         464          33          69           4           1
   3.6490413466573572E+026         464          32          70           4           1
   6.1391694769279276E+026         565          33          69           4           1
   2.9291558987512196E+026         565          34          70           4           1
   1.0075160317800326E+026         619          33          69           4           1
   1.3761337511253742E+026         619          32          70           4           1
   3.9166391734513614E+025        1039          33          69           4           1
   6.9877824730425267E+025        1039          32          70           4           1
   2.7168306531386413E+026           5          69          63           4           1
   2.7577684855590438E+027           5          70          62           4           1
   2.0273232018688965E+026         168          69          63           4           1
   1.5458882740362527E+026         168          70          62           4           1
   4.5985752214509406E+026         352          69          63           4           1
   2.4596392473064036E+026         352          68          64           4           1
   1.5800427658442631E+025         737          69          63           4           1
   2.6867165642939009E+026         737          68          62           4           1
   6.9382630450694641E+026        1017          69          63           4           1
   1.0909478888286298E+026        1016          69          63           4           1
   3.3977402670771924E+026         360         105          33           4           1
   6.4212474711988211E+025         360         106          32           4           1
   3.6693781836726325E+026         388         105          33           4           1
   5.5365616060281720E+026         388         104          34           4           1
   3.0996983392365423E+026         759          91          11           4           1
   1.3343941591831501E+026         759          90          10           4           1
   1.3681992884430503E+026         748          43          45           4           1
   3.2138874493946557E+026         748          42          44           4           1
   9.9303763682552837E+025         223          95         105           4           1
   4.3095240154669813E+026         223          94         106           4           1
   1.5434538764104558E+026         235          95         105           4           1
   4.4459432363654172E+026         235          94         106           4           1
   1.2169494333069637E+025         358          95         105           4           1
   5.1946093402858874E+026         358          94         104           4           1
   3.1622222136097903E+025         446          95         105           4           1
   3.3336639635948413E+026         445          95         105           4           1
   1.3432945190273243E+025         734          95         105           4           1
   5.5020363082343293E+026         734          94         106           4           1
   7.8074781181342474E+025         916          95         105           4           1
   2.1235313189808543E+026         916          94         106           4           1
   7.3940934794139294E+026         999          95         105           4           1
   7.5220517818237911E+025         999          94         106           4           1
   2.9364478911806322E+026        1237          95         105           4           1
   3.9152202575634324E+026        1237          96         104           4           1
   1.0635077563964079E+026         124          81          27           4           1
   4.7255460771654981E+026         124          82          28           4           1
   3.9341503767849643E+026         440          81          27           4           1
   1.3833775944331278E+026         440          82          26           4           1
   1.1459385513468319E+026        1131          81          27           4           1
   8.4017390771334269E+025        1131          82          28           4           1
   1.8586101437680799E+026         286         119          55           4           1
   1.5612528949706102E+026         286         118          54           4           1
   2.7090449674617635E+025         351         119          55           4           1
   6.9611234454458505E+026         351         118          56           4           1
   1.0549664863559322E+024         926         119          55           4           1
   5.5711300498418795E+025         926         120          54           4           1
   2.7469127350871230E+026         211          49          59           4           1
   2.1041501087919404E+026         211          48          58           4           1
   1.5877214128670357E+026         359          49          59           4           1
   3.0347668371923208E+026         594          17          51           4           1
   1.3568795641747195E+026        1183          49          59           4           1
   5.5418748774941060E+025         981          50          58           4           1
   3.4243690294986100E+026         412          51           9           4           1
   5.3143168027046244E+025         412          50           8           4           1
   2.5039439368402823E+026         498          51           9           4           1
   1.2196750145486111E+026         498          52          10           4           1
   3.2624619588713254E+026         466          99          95           4           1
   4.9284182997352993E+026         466         100          94           4           1
   2.7820608937683011E+026         650          99          95           4           1
   5.0071768419730124E+026         673          99          95           4           1
   7.5339458174534301E+026         673         100          94           4           1
   4.2096197010716623E+025         471           1          33           4           1
   3.0115671127266617E+026         471           2          32           4           1
   8.7448241273461479E+025         686           1          33           4           1
   5.3955400240738065E+025         686           2          34           4           1
   3.8747022180668498E+026         790           1          33           4           1
   1.1784545813531344E+026         178           2          36           4           1
   8.2840953161369660E+025         791           1          33           4           1
   2.7099157645775888E+026         791           2          34           4           1
   1.1338170871450602E+027        1011           1          33           4           1
   4.3155275225114664E+026        1011           2          34           4           1
   3.5986957718143321E+026         212          39         101           4           1
   2.8823534542984185E+026         212          40         102           4           1
   2.3432720023589775E+026         362          79          99           4           1
   4.2085926282744897E+026         362          78          98           4           1
   4.9290944156335670E+025         423          79          99           4           1
   4.8185563824401544E+026         423          78          98           4           1
   4.8783116729788877E+026          17         112         108           4           1
   5.3385043857646681E+026          70          69          61           4           1
   2.3128656297254181E+026          70          69          63           4           1
   4.0703553158154635E+026          81          69          61           4           1
   2.9547224084669227E+025          81          69          63           4           1
   9.2830123470088991E+023         108          69          61           4           1
   7.3569115229627590E+026         107          69          61           4           1
   3.2812201180995197E+026         424          69          61           4           1
   2.6117533569228018E+026         424          68          62           4           1
   6.5254241117269431E+026         765          69          61           4           1
   1.3736305338154519E+026         765          70          62           4           1
   4.6089423319505061E+025         874          69          61           4           1
   3.4441835886676239E+026         874          68          60           4           1
   5.0256303542739645E+025        1079          69          61           4           1
   2.0010244309268076E+026        1079          68          60           4           1
   2.5020195818546556E+026         140          53          85           4           1
   5.7990333400163028E+025         140          54          84           4           1
   1.6733000319819714E+026         304          53          85           4           1
   2.7905369564682893E+026         304          54          84           4           1
   6.8405657209815658E+026        1174          53          85           4           1
   1.3977144799095067E+027        1174          52          86           4           1
   8.4903996783459586E+025         367          59          97           4           1
   3.9342322171639069E+026         367          58          96           4           1
   2.6022671980634413E+026         384          59          97           4           1
   3.0571085071950592E+026         383          59          97           4           1
   3.6687094319583283E+026         700          59          97           4           1
   2.4542840954969715E+026         700          60          96           4           1
   2.3584442220185146E+026          26         135         105           4           1
   3.7826168493812463E+026          26         134         106           4           1
   4.2630666800797691E+026        1062         135         105           4           1
   2.5690347554672873E+026        1062         134         104           4           1
   5.2876817139697369E+026         426          33          47           4           1
   1.0546619734735958E+027          49          33          49           4           1
   1.5234780072068875E+026         431          79          43           4           1
   1.1369912151041310E+025         431          80          42           4           1
   3.5315991157245811E+026         995          79          43           4           1
   1.3000524037699026E+026         995          78          42           4           1
   5.1514603846007457E+025        1087         129          19           4           1
   3.3057912636646521E+024        1087         128          18           4           1
   1.9667231440168601E+026        1151         129          19           4           1
   1.2858439947960782E+026        1151         128          20           4           1
   2.9047163049703906E+026         771          21          47           4           1
   2.6379817759454540E+026         771          22          48           4           1
   9.5596452652374331E+025        1004          21          47           4           1
   2.5014216981596107E+026        1004          22          48           4           1
   3.1856781876099600E+026          56         123           7           4           1
   2.6626636439531069E+026          56         122           8           4           1
   6.4704906147428039E+026         150         123           7           4           1
   1.5226466330246683E+027         150         124           8           4           1
   3.4844130507458105E+026         525         123           7           4           1
   2.0353963486103014E+026         525         122           6           4           1
   9.6708176408384819E+024         742          49          13           4           1
   1.9429524587543178E+026         742          48          14           4           1
   1.2962618183586065E+026         187          47          91           4           1
   5.6756177095834390E+025         187          48          92           4           1
   7.3404101121105856E+026         558          47          91           4           1
   7.7236134858633413E+026         558          48          92           4           1
   5.2181794863868474E+024         194         139          37           4           1
   9.3445227204000566E+025         194         140          38           4           1
   1.4207135910832811E+026         198         139          37           4           1
   1.9081088628271497E+025         198         138          38           4           1
   8.2756695692304521E+026         228         139          37           4           1
   3.5576306475544373E+026         228         140          38           4           1
   1.8647446406309817E+026         305          17          17           4           1
   1.2850606127457066E+026         305          16          18           4           1
   3.0797083220130757E+026         431          17          17           4           1
   3.0780329681429254E+025         431          16          18           4           1
   3.2739999362606057E+026         590          17          17           4           1
   7.4718190212625705E+024         590          18          18           4           1
   5.3437795246832416E+026         930          17          17           4           1
   3.9421010707554024E+025         930          18          18           4           1
   8.3767890220263527E+025        1164          17          17           4           1
   1.0405113094115121E+025        1074         112          30           4           1
   2.3866953268605288E+026         377          15          65           4           1
   1.7371996813750170E+025         377          16          64           4           1
   1.6932877534744734E+026        1026          15          65           4           1
   4.1232582831320150E+026        1026          16          64           4           1
   2.8412962599418869E+026        1237          15          65           4           1
   2.7311234085995263E+026        1147          20          12           4           1
   4.2179158217158548E+026          14         135          21           4           1
   1.4302606491671141E+026          14         134          20           4           1
   1.1775392607721498E+026         313         135          21           4           1
   3.8603954059350913E+026         313         134          22           4           1
   4.0794241564322633E+026         347         135          21           4           1
   1.4689865957298095E+026         347         136          20           4           1
   4.9004393769275107E+026         603         135          21           4           1
   2.5943209152158774E+026         603         136          22           4           1
   1.8928260780589381E+026         893         135          21           4           1
   8.7819425788651662E+025         893         134          20           4           1
   1.6467088692876092E+026        1040         141           7           4           1
   2.2632314946111662E+026        1040         142           6           4           1
   6.1999397314036723E+025        1153          31          27           4           1
   7.6268790129823696E+025        1154          31          27           4           1
   5.6870079175082630E+026         808          71          25           4           1
   4.3390262034808277E+025         808          70          24           4           1
   1.6025740252186637E+026         879          71          25           4           1
   3.8937738232652459E+025         879          70          24           4           1
   2.7975847532841679E+026        1003          71          25           4           1
   1.0380726305894990E+026        1003          72          24           4           1
   1.2754397732153208E+025        1093          71          25           4           1
   1.1883018147540066E+026         493           2          70           4           1
   2.5032242474784968E+026        1106          71          25           4           1
   2.2065759703386961E+026        1106          70          26           4           1
   1.5965279220361990E+026         757          45          35           4           1
   1.8880402103286795E+026         757          44          36           4           1
   4.7904828078745725E+025         977          46          36           4           1
   8.2042870151824198E+026        1088          45          35           4           1
   4.7359086930266285E+026         527         121          21           4           1
   5.7118403143431053E+026         527         122          20           4           1
   4.7582657727270717E+026         657         121          21           4           1
   2.9218941231864451E+026         657         122          22           4           1
   1.8875310750965355E+026         835         121          21           4           1
   4.5768840815133432E+026         834         121          21           4           1
   1.9772492414757334E+025         997         121          21           4           1
   9.5056791243235982E+025         997         122          22           4           1
   2.2654035771402587E+026        1149         121          21           4           1
   5.3508316828734836E+025        1149         122          20           4           1
   1.7886213917696560E+026         249          27         105           4           1
   4.3676284768478619E+026         249          28         106           4           1
   1.4906560896235988E+026        1159          27         105           4           1
   2.5107442058572212E+026         219          28         102           4           1
   2.0397000081469439E+026         443          39          87           4           1
   3.5354492320675024E+026         443          38          88           4           1
   2.7204405678185117E+026         607          39          87           4           1
   1.6751096726751876E+026         607          38          88           4           1
   5.5505601940710472E+026        1123          39          87           4           1
   1.7981842625367975E+026        1123          38          88           4           1
   2.7757672208785946E+026         626          97          19           4           1
   2.2361178209873744E+026         626          98          20           4           1
   8.9125356461226731E+025         930          97          19           4           1
   5.4478132052168623E+025         877          96          16           4           1
   3.1324485472094674E+026         528          21           7           4           1
   5.1598209348950258E+025         528          22           6           4           1
   6.4091260921150757E+026         810          21           7           4           1
   8.0723978111490856E+026         810          20           6           4           1
   1.1212681145983167E+026        1034          21           7           4           1
   5.3462695280864037E+025        1034          22           8           4           1
   2.7170839829575152E+026          24         114         108           4           1
   1.9485763500161232E+026         250          27          75           4           1
   5.8748761760565240E+026         250          28          74           4           1
   1.6347523534623740E+026         986          27          75           4           1
   1.5400570660629598E+026         986          26          74           4           1
   4.1000678916603157E+026         622          50          62           4           1
   1.0259548203233477E+026         622          51          63           4           1
   1.5079203743063699E+026         276          73          79           4           1
   4.2559977782041344E+026         276          74          80           4           1
   3.3176631029208088E+026         430          73          79           4           1
   1.4112492344767096E+026         430          72          80           4           1
   9.5065850523476317E+024         566          73          79           4           1
   1.6752418740211901E+026         566          74          78           4           1
   1.3897027667842338E+026        1172          73          79           4           1
   2.7259211328316684E+026        1172          72          78           4           1
   5.2965207344399678E+025        1238         132          70           4           1
   6.8408687726187548E+025          95          87          37           4           1
   2.8151902996309409E+026          95          86          36           4           1
   7.5356993967247275E+026         552          87          37           4           1
   1.3292924685391924E+026         552          88          36           4           1
   3.0381720057210786E+026         931          87          37           4           1
   1.1888754785061241E+026         931          86          36           4           1
   1.6140309441764225E+026         518         133          27           4           1
   2.0724561953066739E+026         518         132          26           4           1
   4.4789714533658092E+026         869         133          27           4           1
   3.9391717438689527E+026         869         134          26           4           1
   2.5362273002292345E+026         279          21          71           4           1
   4.0682231088173272E+025         279          22          70           4           1
   1.0794768999955235E+026         605          21          71           4           1
   2.3292521584856978E+026         605          20          72           4           1
   8.3510650518008001E+025          65          43          95           4           1
   1.2857627351194269E+026          65          44          96           4           1
   1.4124329510304261E+026         113          43          95           4           1
   1.9554304482981728E+026        1019          86          60           4           1
   2.2608610366570845E+026         635          43          95           4           1
   3.2912569773396069E+026         268          40          96           4           1
   3.6045734812967429E+026         746          43          95           4           1
   3.8273156693301672E+026         746          42          96           4           1
   5.4140107539754567E+026         742          17          69           4           1
   6.5827546933029278E+026         742          16          68           4           1
   7.8772374438026359E+025         923          17          69           4           1
   2.0398263869379641E+025         171          18          68           4           1
   6.5163223377070648E+026         171          17          69           4           1
   3.6316321599441867E+025        1137          17          69           4           1
   3.1606800684381226E+025         260         105          87           4           1
   8.6486029741671262E+025         260         106          86           4           1
   5.1696379090235248E+026         420         105          87           4           1
   3.0156862955476471E+026         420         104          86           4           1
   1.8138023527469910E+025         421         105          87           4           1
   1.0114705340507109E+026         421         106          86           4           1
   3.6697155476320981E+026         992         105          87           4           1
   2.4516522693956094E+026         991         105          87           4           1
   1.7074733163613373E+026          24         145         105           4           1
   3.9485097981519056E+026          24         144         106           4           1
   2.7469450352431254E+026         829         145         105           4           1
   1.4805011430263007E+026         829         146         104           4           1
   1.1022158445927188E+027        1073         145         105           4           1
   1.7438248151407603E+026        1073         144         106           4           1
   3.1914965778018305E+026        1081         145         105           4           1
   2.6803243946266568E+026        1081         144         106           4           1
   6.3037824241710561E+026         785          21          67           4           1
   2.4542242638040121E+026         785          20          66           4           1
   1.2320568140071792E+026         432         111          89           4           1
   1.0591411941725483E+027         432         110          88           4           1
   1.4145622595595798E+026          68          79          37           4           1
   4.9580908128309365E+025          68          78          36           4           1
   4.0064122863670710E+025         254          79          37           4           1
   2.7345830406493448E+026         254          78          38           4           1
   3.8498782359834336E+026         362          79          37           4           1
   8.5995605531001294E+024        1118          18          66           4           1
   2.4200096748550970E+026         402          79          37           4           1
   5.9568160111836010E+026         402          78          38           4           1
   1.9653915346802846E+025         412          79          37           4           1
   2.3376504688034239E+026         412          78          36           4           1
   5.0197303080660771E+025         430          79          37           4           1
   1.7622387925345915E+026         370          80          40           4           1
   4.5048070712710156E+026         886          79          37           4           1
   4.8274800001119482E+026         885          79          37           4           1
   4.8019253664252727E+026        1040          79          37           4           1
   3.2775718044816579E+026        1040          78          36           4           1
   1.1495930800732928E+026          13          80         108           4           1
   1.6047332468421576E+026         213          11          37           4           1
   6.2366516640248126E+025         213          10          38           4           1
   2.7400484198691669E+026         358          11          37           4           1
   1.1702943878496566E+026         358          12          36           4           1
   4.3520687118677480E+026         493          11          37           4           1
   2.9619446892078682E+026        1189          80          48           4           1
   2.7015842252061530E+026         193         119          91           4           1
   2.7386302630161253E+026         193         118          90           4           1
   7.6066235500989668E+026         688         119          91           4           1
   2.0589135828644393E+026         688         118          92           4           1
   2.4405833907115675E+026         196          55          41           4           1
   3.2853551244430862E+026         196          56          42           4           1
   2.6971137944422616E+026         672          55          41           4           1
   3.0361655768897792E+025         672          56          40           4           1
   2.9664557239483597E+026         711          55          41           4           1
   6.2844294976047029E+026         711          56          42           4           1
   2.2716643832564773E+026         117          91          87           4           1
   6.2274973377812005E+026         117          90          88           4           1
   1.8333989945572090E+026         146          91          87           4           1
   1.5890149440009061E+026         146          90          86           4           1
   4.1012993364147689E+026         312          41          61           4           1
   3.9478521060314476E+026         312          40          60           4           1
   7.7718217297718334E+025         890          41          61           4           1
   1.3465028745585396E+026         889          41          61           4           1
   5.8660682462708882E+026         437          89          33           4           1
   3.8195468954759157E+026         437          90          34           4           1
   8.3399364983056194E+026         580          89          33           4           1
   4.6522977889439562E+026         580          88          34           4           1
   1.3461466486577298E+026         925          89          33           4           1
   4.3764157570766405E+026         924          89          33           4           1
   5.9828486799281457E+025         956         149          87           4           1
   1.1286072777360931E+026         956         148          88           4           1
   1.2283209112200808E+027        1117         149          87           4           1
   2.3482137935167667E+025        1117         148          88           4           1
   2.6028512611319505E+026          10         149          47           4           1
   9.1737465098570078E+025          10         148          48           4           1
   1.9089197584563495E+026         173         149          47           4           1
   1.1044548653940590E+027         173         148          48           4           1
   6.1810487934918481E+026           7         145          61           4           1
   4.4529963881141303E+026           7         144          62           4           1
   6.3127449148966153E+025         250         145          61           4           1
   1.3545457593261373E+026         250         146          62           4           1
   2.6313145299986088E+026         399          59           5           4           1
   3.3518476592648571E+026         399          60           4           4           1
   9.2060949005202814E+025         416          59           5           4           1
   7.4350935074081826E+026         416          58           6           4           1
   1.7308193572163493E+026         453          59           5           4           1
   2.1425710559251541E+026         453          58           6           4           1
   2.2624397763970863E+026        1013          59           5           4           1
   3.1109477683375124E+026        1013          60           4           4           1
   6.1505241067985824E+026         462          21          41           4           1
   2.2334500940512186E+026         461          21          41           4           1
   1.9812726285902108E+026         750          21          41           4           1
   3.6641954857111069E+026         750          20          42           4           1
   1.8725039769825210E+025        1206          21          41           4           1
   4.1078075312517125E+025        1206          22          42           4           1
   9.4653627489193953E+025         913          49          87           4           1
   1.0874655319047525E+027         913          48          86           4           1
   5.5317926229729471E+026         280         131          89           4           1
   5.1824271190032497E+026         280         132          88           4           1
   3.2076304374163535E+026         283         131          89           4           1
   9.6025697501629941E+025         283         130          88           4           1
   1.2632123475272351E+026         751         131          89           4           1
   1.2165169810631121E+026         857         131          89           4           1
   9.1862111514882886E+026         857         130          88           4           1
   2.9650362354872719E+026         529          83          13           4           1
   5.1027789417381175E+025         926          19          17           4           1
   1.8033234227466456E+025         618          83          13           4           1
   4.5818441817570759E+026         618          82          14           4           1
   1.1231745874750961E+026          93         105          89           4           1
   1.1307615059116957E+027          93         104          88           4           1
   1.4071193637952346E+026         152         105          89           4           1
   6.1571091905862842E+026         152         106          90           4           1
   4.3267528588681023E+026         331         105          89           4           1
   2.6813723028088831E+026        1134         122          74           4           1
   7.5582801391119869E+025         173          11          91           4           1
   1.0874524295943711E+026         173          12          92           4           1
   2.0666784921646590E+026         608          11          91           4           1
   3.5835278109169546E+026         333          14          90           4           1
   1.1871921793431203E+026         865          11          91           4           1
   9.3868068062196526E+025         865          10          90           4           1
   5.4093476417026511E+025         531         115          41           4           1
   2.1178782546274979E+026         531         116          42           4           1
   7.1596156546262743E+025         846         115          41           4           1
   2.2618677906104569E+025         846         114          42           4           1
   5.1148054423390742E+025         867         115          41           4           1
   2.1519139857324557E+026         867         116          42           4           1
   4.0507607427977206E+026          87           1          63           4           1
   2.8799435884951366E+025          87           2          64           4           1
   5.8810719586592838E+025           3          76         108           4           1
   1.4729768464329289E+026        1157          16          54           4           1
   2.1255375912252337E+023        1157          15          55           4           1
   8.5604160829288179E+026         533          33          77           4           1
   3.9195186139132350E+026         533          32          76           4           1
   9.7884579868012812E+025         570          33          77           4           1
   2.6976392183010599E+025         570          32          76           4           1
   2.9931513264362797E+026         901          33          77           4           1
   4.8748171665613241E+026         901          34          76           4           1
   1.1127693762496102E+027         550         105          91           4           1
   5.2170750752733526E+026         873         106          90           4           1
   6.0323360965907907E+026        1163         107          91           4           1
   1.0443545848512277E+025        1163         108          90           4           1
   6517358172426674.0                1         143           7           4           1
   3561878214948269.0                1         144           8           4           1
   8.1858253179865703E+025         166         143           7           4           1
   2.2040713684200261E+025        1059          34          58           4           1
   8.3272471433165769E+026          36         148          70           4           1
   4.1753746027388572E+026         822         147          69           4           1
   8.7660456918367131E+025        1059          35          59           4           1
   4.2692874801748711E+025         833         147          69           4           1
   3.3190341666057482E+024         833         146          68           4           1
   7.4510776290779107E+025         936         147          69           4           1
   5.4934899712661041E+026         308         145          37           4           1
   4.1771834642599825E+026         308         146          38           4           1
   1.3222485706235019E+026        1177         145          37           4           1
   3.2948112554751549E+025        1177         144          38           4           1
   1.6976858379751665E+025         969          75           5           4           1
   2.5931754477124026E+026         969          76           4           4           1
   8.7675064702690312E+026         987          75           5           4           1
   1.2459370862504392E+026         987          74           4           4           1
   2.1017401485227545E+026        1130          75           5           4           1
   1.5762097363409780E+025        1130          74           6           4           1
   1.9952410622149765E+026         588          35          59           4           1
   4.7206075410904376E+025         588          34          60           4           1
   6.0959492428129186E+026        1138         145          69           4           1
   9.6303665581604144E+025        1138         144          70           4           1
   4.1369807437477577E+026         185          31          39           4           1
   7.5792979412141299E+025         185          30          38           4           1
   1.9045869568599585E+026         658          31          39           4           1
   7.1099115442298161E+026         658          30          38           4           1
   1.6833230293064064E+026         100           1          31           4           1
   5.0591967591565868E+026         100           2          30           4           1
   2.7675661510848617E+026         664           1          31           4           1
   5.7300519178775826E+026         664           2          30           4           1
   3.3022232943112747E+026         758           1          31           4           1
   6.5228989218567979E+024         758           2          30           4           1
   5.7473425245762273E+026         926           1          31           4           1
   5.2701887702185456E+025         925           1          31           4           1
   6.6812595846707614E+026         424         145          89           4           1
   1.1754287691609404E+025         424         144          88           4           1
   8.7093986146482942E+025         886         145          89           4           1
   3.6427560760963538E+026         885         145          89           4           1
   1.3697397991571026E+026        1111         145          89           4           1
   3.3480547688631074E+025        1110         145          89           4           1
   436957910955967.94                1          41          37           4           1
   6530873637444025.0                1          42          36           4           1
   2.7037153145914023E+026         829          41          37           4           1
   7.9756034776246001E+026         829          42          38           4           1
   9.4698187674204908E+025         151          33          85           4           1
   1.5385576235072859E+026         151          32          86           4           1
   1.7567495618787165E+026         254          33          85           4           1
   3.5506560115191756E+026         253          33          85           4           1
   4.6032602987807653E+025         537          33          85           4           1
   2.8871798247536457E+026         536          33          85           4           1
   6.7423500529463376E+026         945          33          85           4           1
   4.3658345958842440E+026         945          32          84           4           1
   4.0838008585193244E+026        1068          33          85           4           1
   3.3714255504725571E+026        1068          32          84           4           1
   1.7090532628957187E+026         892          57         101           4           1
   2.6946220724714617E+026         892          56         100           4           1
   1.1943105460642043E+026         158           7          49           4           1
   1.1840020023768362E+026         158           6          50           4           1
   1.2118455082767090E+026         608           7          49           4           1
   1.7959819691970780E+026         608           6          50           4           1
   3.2721723681416005E+026        1033           7          49           4           1
   2.0887217120696000E+026        1033           6          50           4           1
   9.6784184997102365E+025         715          59          67           4           1
   3.6898743625380931E+025         715          58          66           4           1
   3.4187879865712355E+026         402          43          37           4           1
   4.5031447524826567E+025         402          44          36           4           1
   2.0291493485825791E+026         782          33          49           4           1
   2.8561406703396111E+026         781          33          49           4           1
   1.4061710197306381E+026         822          33          49           4           1
   1.9539916683231392E+026         822          32          48           4           1
   5.6934538323431236E+025        1088          33          49           4           1
   3.1678014861293752E+026        1088          34          48           4           1
   3.0232322619064248E+026          55         127          45           4           1
   1.1776578091244065E+027          55         128          44           4           1
   2.0145168971453337E+026         482         127          45           4           1
   2.8383452414068635E+025         482         128          44           4           1
   1.0836035278871053E+027        1141         127          45           4           1
   2.9003883843612621E+026        1140         127          45           4           1
   2.6459841966881585E+026         373          57          45           4           1
   1.9041808786817544E+026         373          56          44           4           1
   2.3580486633852156E+025         454          54          44           4           1
   2.7905849999177118E+026         138          58          48           4           1
   1.9014402280103514E+025        1099          57          45           4           1
   2.9685373459796437E+026        1099          58          46           4           1
   31738219676978044.                1          17          37           4           1
   9998594250998582.0                1          16          36           4           1
   8.8002314847864089E+025         302          17          37           4           1
   1.9198791251158908E+026         302          16          38           4           1
   7.0525012600855963E+026         836         129         105           4           1
   4.9485398236375700E+026         836         128         104           4           1
   1.0786247760084809E+026         858         129         105           4           1
   5.7634887572982351E+026         858         128         104           4           1
   3.2206746046711302E+026         904         129         105           4           1
   1.5331963905125208E+026         904         130         104           4           1
   6.8035166462601412E+026         180          47          53           4           1
   5.0243264154858515E+025         707          58         102           4           1
   2.8022014246326636E+026         461          47          53           4           1
   5.6151121867064658E+025         461          48          54           4           1
   4.4687625815982905E+026        1155          47          53           4           1
   3.6729616626778333E+025        1155          48          54           4           1
   1.2711259058246758E+027        1219          47          53           4           1
   4.7720585984687679E+026        1219          48          52           4           1
   2.7936848916692388E+026          23          83          53           4           1
   6.4010999559189576E+025          23          82          52           4           1
   1.2337895886176536E+026         475          83          53           4           1
   3.7684696652124718E+025         475          82          54           4           1
   5.6474896720445136E+025         848          83          53           4           1
   3.1928414086530501E+026         848          82          52           4           1
   8.4922878201087723E+026          25          61          63           4           1
   2.0814291753274110E+026          25          60          64           4           1
   1.5466457624734100E+025          41          61          63           4           1
   7.3242663824133220E+025          41          62          64           4           1
   5.7630374519848869E+025         494          61          63           4           1
   6.5671809175397003E+026         494          62          64           4           1
   3.7770528777645379E+026        1085          61          63           4           1
   4.7785433956008366E+026        1085          62          64           4           1
   5.3159177590256229E+024         849         103          73           4           1
   2.0874900549611438E+026         848         103          73           4           1
   7.7926582364909946E+026         951         103          73           4           1
   1.3583928248682733E+027         951         102          72           4           1
   9.2536224280733019E+025         404           5          47           4           1
   3.6269395558345942E+025         404           6          46           4           1
   4.1954505846894129E+026         914           5          47           4           1
   9.3246801051965156E+023         291          93          33           4           1
   1.2223687355647140E+026         291          94          32           4           1
   4.4976583869294609E+025         797          13          97           4           1
   7.8114329876681104E+025         797          14          96           4           1
   6.6727916334018844E+026         308         149          87           4           1
   5.1539586777401948E+025         309         149          87           4           1
   6.9190990299386653E+025         423         149          87           4           1
   7.1939923240314700E+025         423         148          88           4           1
   3.7765070438439533E+025         650         149          87           4           1
   1.5167452898930184E+026         650         148          88           4           1
   2.8937091945658648E+026        1092         149          87           4           1
   1.9860901825346095E+026        1091         149          87           4           1
   2.4035384598752569E+026          30          37          21           4           1
   1.6409162086721511E+026          30          36          22           4           1
   2.8555894942205914E+026         305          37          21           4           1
   3.5155372786505363E+026        1118         148          58           4           1
   9.7243089906839680E+025         439          37          21           4           1
   2.0161468145840985E+025         439          38          20           4           1
   1.4281300664019437E+026         514          37          21           4           1
   1.2033240589857593E+026         514          36          22           4           1
   1.8809700701567372E+026         838          37          21           4           1
   6.7390095676657595E+026         838          38          22           4           1
   4.2744120931136999E+026         886          37          21           4           1
   1.7606533680644598E+026         886          38          20           4           1
   6.3170840346229779E+025         222          47         105           4           1
   3.2025594514587860E+026         222          46         106           4           1
   9.9557516182439198E+024         241          47         105           4           1
   3.0548259472728536E+024         241          48         104           4           1
   2.0412356744442044E+026        1180          47         105           4           1
   3.3688143459952057E+026        1180          46         104           4           1
   1.2549700446101912E+027        1192          47         105           4           1
   3.8912577560738870E+026        1192          48         106           4           1
   9.6695547817380146E+025         686          51          69           4           1
   1.7368715551735525E+026         625          52          66           4           1
   2.5643906514590551E+026         143          49          33           4           1
   1.6128657669306245E+024         143          50          34           4           1
   3.6902123918956243E+026         328          49          33           4           1
   8.2855302000269502E+025         328          48          34           4           1
   3.5427495810021424E+026        1163          49          33           4           1
   3.1788811045404807E+026        1163          48          32           4           1
   2.7261945958634876E+026          51          19          63           4           1
   2.2628589404836183E+024          51          20          62           4           1
   4.1816776731778882E+025         428          19          63           4           1
   4.6800866172198026E+026         428          20          64           4           1
   3.8207978689047221E+026          54          18          62           4           1
   2.4720783593435728E+026         673          19          63           4           1
   8.2343795363358987E+026         246         131          89           4           1
   7.9034934321954703E+026         246         132          88           4           1
   4.7179238158661132E+026        1156         131          89           4           1
   1.2700794784287707E+026        1157         131          89           4           1
   6.9624340502900137E+025        1054         143          19           4           1
   3.4839393256337475E+026        1054         144          18           4           1
   4.5750662352604263E+025          98         147           3           4           1
   7.9969878715354581E+025          98         148           2           4           1
   6.1705952815707597E+026        1151         147           3           4           1
   1.3356989611839434E+026        1150         147           3           4           1
   3.8648698317820679E+025         785         119         101           4           1
   5.7415149632499230E+026         785         120         102           4           1
   3.5527285917359960E+026         603         105           3           4           1
   2.1576859286619292E+026         603         106           2           4           1
   4.8423629312051501E+026         803         105           3           4           1
   1.3309344985023073E+026         803         106           2           4           1
   3.5816051864771694E+026         834         105           3           4           1
   3.0024732242659188E+026         834         104           4           4           1
   3.0802788808383954E+026         928         105           3           4           1
   1.4228318060605520E+026         928         104           2           4           1
   1.7582955262409077E+025         987         105           3           4           1
   4.7812904490502441E+026         987         106           4           4           1
   2.4516036387352512E+025        1195         105           3           4           1
   1.4029624465840658E+026        1195         106           4           4           1
   2.1579337096197609E+026          43         127         101           4           1
   3.5180894254874979E+026          43         128         100           4           1
   1.7387533800078462E+027         157         127         101           4           1
   1.7786538824884493E+026         157         126         102           4           1
   5.7642303048107271E+026         175         127         101           4           1
   5.7776216841184854E+025         175         126         100           4           1
   1.6581792741850990E+026         336         127         101           4           1
   5.5063726014099369E+023         336         126         102           4           1
   7.3419966363661109E+025         297          95          19           4           1
   4.8396462322615887E+026         297          94          20           4           1
   6.9621076731551929E+026         764          95          19           4           1
   7.5133468572278598E+026         764          96          18           4           1
   3.5822817403815736E+026         907          95          19           4           1
   5.5346845486049729E+026         907          97          19           4           1
   1.7291177349087887E+026        1214          95          19           4           1
   1.4080216441163450E+026        1214          96          20           4           1
   3.1125025486145811E+026         250          67           3           4           1
   4.9617909465093792E+026         250          66           2           4           1
   3.3371008234244923E+026         985          67           3           4           1
   2.6827336947588717E+026         985          66           2           4           1
   5.8827036837429719E+026         423         137          73           4           1
   3.3523130347887571E+026         423         138          72           4           1
   1.0484621168049655E+025         560         137          73           4           1
   4.7220882929614083E+025         560         138          74           4           1
   4.4683726407395303E+025         564         137          73           4           1
   7.0511821445895865E+026         564         136          72           4           1
   1.4941559352261651E+026         617         137          73           4           1
   1.4761201214704527E+027         617         136          74           4           1
   2.1739956438348248E+026         954         137          73           4           1
   3.9472686387087272E+026         954         138          72           4           1
   1.2321830013055926E+027         177         105          85           4           1
   2.3636236705748136E+026         177         106          86           4           1
   3.0622005355569201E+026         435         105          85           4           1
   1.4346100549367290E+027         435         106          86           4           1
   1.2737338315426774E+026         765         105          85           4           1
   1.4649721990578954E+026         765         106          86           4           1
   4.9425735866931961E+026          45          19          11           4           1
   2.0569386876056545E+026          45          18          10           4           1
   1.8765277896229514E+026          83          19          11           4           1
   4.9431703428637242E+026          83          20          12           4           1
   1.7167338908385452E+025         915          19          11           4           1
   3.5486333091870563E+026         915          18          12           4           1
   2.1321725019965945E+026         986          19          11           4           1
   6.6005902356473478E+025         986          20          12           4           1
   4.3015194601433964E+026        1077          19          11           4           1
   1.6704617717163637E+026        1077          18          10           4           1
   6.0419763633470804E+026        1147          19          11           4           1
   3.6966164870093057E+026          14         110         108           4           1
   1.8902247700837818E+026        1138         135          85           4           1
   4.0250052817561479E+025        1228          52          68           4           1
   1.6129320495582723E+026         740          98           6           4           1
   6.8229383985514948E+025          91         136          86           4           1
   3.2833295380137851E+026         948         135          87           4           1
   4.0681494878295595E+025         948         136          88           4           1
   5.0257049794270531E+025         325          89          75           4           1
   1.0596242930093262E+026         353          89          75           4           1
   2.4446292311970193E+026         353          88          76           4           1
   3.3374776169446711E+026         509          89          75           4           1
   1.6256755337396299E+026         429          88          72           4           1
   6.7075159823389644E+026         542          95           9           4           1
   3.9878103619962412E+026         542          94           8           4           1
   5.1005271808943452E+026        1222          95           9           4           1
   1.5130712670986378E+026        1222          94          10           4           1
   2.9124182184569251E+026         459          73          51           4           1
   1.1066567573354311E+026        1056          29           5           4           1
   6.5739749535190809E+026        1145          73          51           4           1
   6.6596840211242717E+026        1145          74          50           4           1
   2.8388388914984491E+026        1234          73          51           4           1
   5.4348665480789296E+026        1234          74          50           4           1
   7.1371222384400258E+025          91         117          77           4           1
   9.7345412766145765E+025        1117           2          26           4           1
   7.1687381618004879E+025         215         117          77           4           1
   1.3310352817616835E+026         215         118          76           4           1
   2.3319708635265345E+026         554         117          77           4           1
   5.0116865611627046E+026         587         118          76           4           1
   5.5747863682624237E+026         830         117          77           4           1
   1.2909592064379075E+026         830         118          78           4           1
   1.7454039288064423E+026        1012         117          77           4           1
   8.9968351859121147E+024        1012         118          76           4           1
   4.9951027824868868E+025         376         129          51           4           1
   1.4447874378554474E+027         376         130          50           4           1
   3.1347350373558290E+026         555         107          77           4           1
   1.7414668397981121E+025         555         106          78           4           1
   2820863708165052.0                1          71          31           4           1
   1683859684774695.2                1          70          30           4           1
   1.8804792624059807E+026         288          71          31           4           1
   7.9859039977268023E+025         987         104          14           4           1
   4.7573200721829506E+026         536          71          31           4           1
   6.2635183785511946E+026         536          70          32           4           1
   3.0201073692861711E+026         187         115          17           4           1
   1.7924009331316464E+026        1232           5         103           4           1
   2.1307998876285151E+026         332         115          17           4           1
   2.3068503070218760E+026         332         116          18           4           1
   1.3241344832331801E+026         833         115          17           4           1
   3.5379617109520212E+026         833         116          18           4           1
   5.7826313536336700E+025         269         129          47           4           1
   2.8250080178332280E+026         269         128          48           4           1
   1.7179775337367947E+026         466         129          47           4           1
   2.3769495735190028E+026         466         128          48           4           1
   2.4356624745408411E+026         469         129          47           4           1
   2.1462139967476838E+026         469         128          48           4           1
   1.7899182086535345E+026         984         129          47           4           1
   1.1329636982750514E+026         984         128          48           4           1
   5.6853233419515426E+025         387          15          55           4           1
   2.2404488255036499E+026         387          16          56           4           1
   1.0295261430091465E+026         586          15          55           4           1
   3.0434128544029568E+026          18          16          54           4           1
   1.1049837006541853E+026         864          15          55           4           1
   4.8006012191133753E+025         864          16          54           4           1
   1.3319877735620657E+024        1122          15          55           4           1
   7.8005820818218824E+025        1122          16          56           4           1
   7.5428253955727030E+026        1180          33          77           4           1
   4.5007358241979649E+026        1180          32          76           4           1
   1.7680984709855647E+026        1229          83          99           4           1
   1.0008387889506344E+025        1229          84          98           4           1
   8.0406247580688739E+026          38         105          99           4           1
   1.3551960743546826E+026          38         106          98           4           1
   4.1909414210426519E+026         584          69           5           4           1
   2.3933850940724194E+026         584          70           4           4           1
   8.2875359172262302E+025         173          67          39           4           1
   1.4346818330575599E+026         173          68          40           4           1
   1.2968051826231811E+025         660          67          39           4           1
   5.3608101402353395E+025         330          70          40           4           1
   8.0504497730089877E+024         695          25          43           4           1
   1.0390000213303104E+027         694          25          43           4           1
   9.0672024037706702E+026         751          25          43           4           1
   7.0904569206502440E+026         751          26          44           4           1
   8.4344026138987170E+026        1139          25          43           4           1
   1.5504826325963674E+026        1139          26          44           4           1
   2.9219719513929149E+026         888         131           3           4           1
   2.0807648148452437E+026         888         132           2           4           1
   2.3197426035949261E+024         531         123          11           4           1
   4.1402994926489029E+026         531         124          12           4           1
   3.5178042459520414E+025         765         123          11           4           1
   6.8073797480832563E+026         765         122          12           4           1
   6.6948334510772061E+026        1116         123          11           4           1
   9.3713948014802655E+025        1116         122          12           4           1
   1.0017143314543386E+025        1155         123          11           4           1
   1.7157189853124367E+026        1155         122          12           4           1
   6.5056694111455199E+026          47         137          27           4           1
   3.2472894619688068E+026          47         138          26           4           1
   7.4021700910151729E+026         155         137          27           4           1
   2.4491618335817016E+026         155         136          28           4           1
   3.0987947987525207E+026         261         137          27           4           1
   3.9912937756795539E+026         261         138          26           4           1
   1.0537806492512531E+026         577         137          27           4           1
   1.2924186029460225E+027         577         138          26           4           1
   2.6065846430350298E+026         593          57          91           4           1
   2.3908639914641559E+026         593          58          92           4           1
   1.8396291523283555E+026        1214          57          91           4           1
   8.7778115414409573E+025        1214          56          92           4           1
   6.1665672385067521E+026         472          27          79           4           1
   9.9405197863422753E+026         472          26          80           4           1
   5.0458586314311020E+025        1053          27          79           4           1
   6.0615870057820815E+026        1053          26          78           4           1
   1.3872384559738113E+026        1081          27          79           4           1
   2.2381325605275122E+026        1081          26          78           4           1
   4.0457258936607542E+026        1087          27          79           4           1
   1.9799653498348619E+027        1087          26          78           4           1
   7.3287745717237576E+025          74           5          19           4           1
   2.1838813891045827E+025          74           4          18           4           1
   2.3324098987162431E+026         539           5          19           4           1
   7.2378953310989715E+026         539           6          20           4           1
   1.9521932820391894E+026        1009           5          19           4           1
   6.2057064649298701E+026        1009           4          18           4           1
   2.9408327367049716E+026        1152           5          19           4           1
   2.2629018909224301E+026        1152           4          18           4           1
   2.3817183352737126E+026         184          93          13           4           1
   2.6807300426981325E+026         184          94          12           4           1
   8.6887881090664118E+026         884          93          13           4           1
   3.3364394439314852E+026         884          92          12           4           1
   3.2837123632459848E+026         665          93          51           4           1
   1.2215230208811361E+026         665          92          50           4           1
   2.1687203219337309E+026         104          63          39           4           1
   1.7497302641568132E+025         104          62          40           4           1
   2.5006582773607138E+026         303          63          39           4           1
   4.8455483686258786E+024        1118         134         102           4           1
   2.6233016877098844E+026         582          63          39           4           1
   3.3561880592218130E+026        1118         133         103           4           1
   6.4587154387391768E+026        1191          63          39           4           1
   6.5982057333835148E+026        1191          64          38           4           1
   1.7758653881028395E+026          31          53          87           4           1
   3.4968136292275780E+026          31          54          86           4           1
   1.6137866182411965E+026          34          53          87           4           1
   5.2562754037727305E+026         172          53          87           4           1
   2.0005232316151793E+025         535         110          84           4           1
   2.2153419798068327E+026        1191          53          87           4           1
   2.5580139234344458E+026         172          54          86           4           1
   1.0971121199941547E+026        1201          53          87           4           1
   5.4951336800900446E+026        1150          54          84           4           1
   1.1658941317804055E+026        1223          73          69           4           1
   7.1730179555452909E+026        1223          74          70           4           1
   2.9702046628717390E+026         161         115           5           4           1
   7.4627338115809276E+026         161         114           4           4           1
   1.3596734208863492E+026         191         115           5           4           1
   2.1054001969380309E+026         191         116           4           4           1
   2.0733539458389750E+025         312         115           5           4           1
   3.4387987663488408E+026         312         116           4           4           1
   4.2430618714541295E+026         346         115           5           4           1
   4.5224016507414524E+026         346         116           4           4           1
   7.7363614392932129E+026         371         115           5           4           1
   8.8178503277186349E+024         371         116           4           4           1
   2.2148319680759949E+026         632         115           5           4           1
   3.6441507935397480E+025         632         116           6           4           1
   4.1186868141751061E+026         868         115           5           4           1
   2.5000953599115761E+026         868         116           4           4           1
   1.9051702297843320E+026         942         115           5           4           1
   1.8615982212199793E+026         942         116           4           4           1
   7.2008258581105146E+026        1160         115           5           4           1
   2.0306216683953114E+026        1160         114           6           4           1
   1.8075082665337700E+025         608          99          63           4           1
   2.5801078095618489E+026         608          98          62           4           1
   1.8736652329641533E+025         797          99          63           4           1
   2.9317991299000729E+025         797         100          62           4           1
   4.3642764098442580E+026         951          99          63           4           1
   5.0092954276413340E+026         951         100          64           4           1
   6.0706317811688088E+025          35         141          31           4           1
   1.9963330832091531E+026          35         140          30           4           1
   6.6712487125422595E+026         338         141          31           4           1
   1.2152326676214831E+026         338         142          30           4           1
   2.8085317898370075E+026         495         141          31           4           1
   2.7937112944083773E+026         495         142          32           4           1
   8.6383566516244197E+026         558         141          31           4           1
   4.5710590739221449E+026         558         142          32           4           1
   2.4493212540044930E+025         656         141          31           4           1
   1.8052440488559756E+027         656         142          30           4           1
   4.8265923401477419E+025        1009         141          31           4           1
   4.6064664522914937E+025        1008         141          31           4           1
   1.6174277189607522E+026         226         129          85           4           1
   2.5129591232686041E+024         226         130          84           4           1
   1.3717045284476664E+027         265         129          85           4           1
   2.9172013028360530E+026         265         130          84           4           1
   3.0520905681606122E+026         424         129          85           4           1
   6.5025284230937561E+026         424         128          84           4           1
   1.5929896125184598E+026         474         129          85           4           1
   5.8702615417425914E+026         474         128          84           4           1
   4.2625810637768274E+026         545         129          85           4           1
   1.9691458115614464E+026         786          20          32           4           1
   7.8802012209056355E+025        1080         129          85           4           1
   3.6471550572239865E+025        1080         128          86           4           1
   7.7574195563581163E+025          86         141          69           4           1
   7.3752420100507583E+026          86         142          68           4           1
   9.1376608994390069E+024         458         141          69           4           1
   2.2463761947420168E+026         458         142          70           4           1
   3.9975911022779826E+024         584         141          69           4           1
   2.4000297744474443E+026         584         142          70           4           1
   5.2272484345365554E+025         730         141          69           4           1
   1.9082095134400909E+026         730         140          68           4           1
   3.0108455725544331E+025         886         141          69           4           1
   2.4127100687236376E+026         886         142          70           4           1
   4.8348113562805646E+026         272          33          35           4           1
   2.2353843376860019E+026         272          32          34           4           1
   2.8622377753261866E+026         411          33          35           4           1
   1.6260296662606330E+026         919          82          52           4           1
   2.2653434336919826E+026         237          57          47           4           1
   4.7951203577414471E+026         237          58          46           4           1
   2.6468989758985830E+026         459          57          47           4           1
   2.5700162238546989E+026         459          56          46           4           1
   3.1529148160875833E+024         511          57          47           4           1
   1.9346926673058925E+026         510          57          47           4           1
   7.4682003356261895E+026           4         110         108           4           1
   3.0676684646197892E+026          61          33          23           4           1
   3.3605154120691795E+026          61          34          22           4           1
   4.7927130225781506E+025         168          33          23           4           1
   1.4999030199756984E+027        1201         112           4           4           1
   8.8244948517635179E+026         282         137          69           4           1
   1.0862948028396401E+026         282         138          70           4           1
   1.1380939360164140E+026         738         137          69           4           1
   1.0303557725496279E+027         738         136          70           4           1
   5.2787923508878844E+024         823         137          69           4           1
   1.0509341083109481E+027         823         138          68           4           1
   1.0647426121868932E+027         962         137          69           4           1
   4.0587280843474852E+026         962         138          68           4           1
   3.8856651536264320E+024         816          55          23           4           1
   2.9096201177045811E+026         816          54          22           4           1
   1.0766734045420207E+026         965          55          23           4           1
   6.3747020967187790E+026        1228          86          36           4           1
   4.6460388245734910E+025         837          27          25           4           1
   1.9289553249053589E+026         837          28          26           4           1
   4.3207344202525472E+025        1240          85          79           4           1
   1.9498512303781790E+026        1240          86          80           4           1
   9.0874857918173642E+026          22         123          45           4           1
   4.5293886103946925E+026          22         124          44           4           1
   1.8769218671894852E+026         238         123          45           4           1
   1.5075260423215000E+026         929          94          62           4           1
   3.0310502646112270E+026         422         123          45           4           1
   1.1720747856704302E+026         422         122          46           4           1
   2.2680222923894910E+026         595          71          35           4           1
   2.1546887390761900E+026         253          70          38           4           1
   1.2884075707771916E+026         839          71          35           4           1
   1.3340518912015403E+026        1161          71          35           4           1
   7.4307976561008467E+026        1094         142          54           4           1
   4.0715914601982699E+026         459         129          95           4           1
   1.3740480145970848E+027         459         130          94           4           1
   4.6617612549950023E+026         451         128          94           4           1
   1.2622753750546091E+026         800         130          94           4           1
   1.0722312678092068E+026         816         129          95           4           1
   1.8402131296921413E+026         815         129          95           4           1
   4.6880862158348224E+026         129         131          31           4           1
   5.2852044773878532E+026         129         130          32           4           1
   1.2771896520152056E+026         864         131          31           4           1
   4.1293786733679088E+026         864         132          30           4           1
   1.8836822985161986E+026         891         131          31           4           1
   2.7202069605926093E+026         891         132          30           4           1
   7.2621228406065126E+025         984         131          31           4           1
   6.1004358180764217E+025         984         132          30           4           1
   4.2328166188379821E+026         458         107          25           4           1
   1.5283272617977917E+026         458         106          26           4           1
   1.7527949586882952E+026         839         107          25           4           1
   2.2904623018421270E+026         839         108          24           4           1
   9.8723473738239957E+026         472         139          55           4           1
   1.3104973463120618E+026         472         140          54           4           1
   1.5473016049735467E+026         500         139          55           4           1
   3.6477100558796515E+026         500         140          54           4           1
   5.3769377804744006E+026         688         139          55           4           1
   2.2756148111637313E+026         688         140          56           4           1
   5.2701938251464208E+025         937         139          55           4           1
   1.7051822678578107E+025         937         138          54           4           1
   1.9670720955128358E+026          54          19          61           4           1
   3.6006134435040978E+026        1114          19          61           4           1
   2.0468462175842285E+026        1114          20          60           4           1
   5.4519618208360432E+025         391          55          85           4           1
   1.0777001704327822E+026          87          68          80           4           1
   3.5147925841190185E+025        1054          55          85           4           1
   3.8246661542316282E+025        1054          56          84           4           1
   2.5158094033817691E+026        1075          55          85           4           1
   1.3211954509136897E+026        1075          53          85           4           1
   8.4203707065194210E+024        1138          55          85           4           1
   3.2542287873102754E+026        1138          56          86           4           1
   2.9104491259450650E+026        1150          55          85           4           1
   9.8370400270663251E+025         347          77         101           4           1
   9.3150067167296940E+024         347          76         100           4           1
   4.8010574747388733E+025         546          77         101           4           1
   2.5125449137668206E+026         546          78         100           4           1
   3.4474573020522082E+026         748          77         101           4           1
   8.5688620867084052E+025         748          78         100           4           1
   2.5054718901097503E+026         457         121          53           4           1
   1.6374175050164957E+026         789          14          46           4           1
   4.3179049668894334E+025         833         121          53           4           1
   7.7555174379390272E+025         833         122          52           4           1
   5.4316703744118328E+026        1193         127          73           4           1
   5.4439334195282060E+026        1193         126          74           4           1
   2.4376801818042939E+026          47         123          41           4           1
   3.0892717271110288E+026          46         123          41           4           1
   2.3307599145754673E+026         340         123          41           4           1
   4.8488505442088479E+026         340         124          40           4           1
   1.3228717978179532E+027         710         123          41           4           1
   8.4928917903650701E+026         710         122          42           4           1
   1.1639787677160455E+026         127          13          59           4           1
   1.8114291661588831E+026         127          12          58           4           1
   5.7383092672738604E+026         239          13          59           4           1
   8.8329483047736372E+026         238          13          59           4           1
   5.5696856147263783E+025         563          13          59           4           1
   4.2106004895840686E+026         563          12          58           4           1
   2.4992255299470404E+027         780          13          59           4           1
   6.2855065368282937E+026         780          12          60           4           1
   1.8834142275278915E+026        1094          13          59           4           1
   7.6670261923012927E+025        1094          12          60           4           1
   3.3252347575419480E+026        1242          13          59           4           1
   1.6375724384039491E+026        1242          12          58           4           1
   4.2231526405576338E+025         138         149         105           4           1
   7.7815781610334841E+026         138         148         104           4           1
   1.2756050718531682E+026        1068         149         105           4           1
   2.8238870390670417E+025        1068         148         106           4           1
   6.1202599411131137E+024         313          75          79           4           1
   3.0698552317573928E+026         313          74          78           4           1
   1.9100792917563094E+026         426          75          79           4           1
   1.3501543467093676E+026         426          76          78           4           1
   2.4620054618868577E+026         679          75          79           4           1
   9.3603256013680853E+025         685          95          51           4           1
   6.0027340690157837E+025         711          75          79           4           1
   1.1357576178053448E+026         711          76          80           4           1
   4.6274128129833732E+026        1231          75          79           4           1
   6.4803557151510002E+026        1231          73          79           4           1
   4.2985446831686842E+026         308          33          87           4           1
   2.2450664611860611E+026         181          31          89           4           1
   3.1689003815233250E+026        1190          33          87           4           1
   1.8929143674566110E+026         925          30          92           4           1
   1.0710775038803296E+027          29          37          89           4           1
   1.8311785112807908E+026          29          36          90           4           1
   7.5536041339653815E+026         939          37          89           4           1
   2.8699648849930212E+026         939          38          88           4           1
   3.2051971915001687E+025         987          37          89           4           1
   6.6929178989395355E+026         768          38          88           4           1
   1.3333673036014374E+027        1128          37          89           4           1
   1.3484350592472371E+026        1128          38          90           4           1
   1.8587835764623255E+026         162          81          95           4           1
   1.7644780805665542E+025         162          82          94           4           1
   1.4889538717441484E+026         223          81          95           4           1
   9.7520361228445444E+024         223          82          96           4           1
   1.4460156771368557E+026         920          81          95           4           1
   2.6043801206752761E+026         920          80          94           4           1
   4.4733260012096747E+026         592          93           7           4           1
   9.1694376884706331E+025         592          92           8           4           1
   4.8980739425718350E+026         784          93           7           4           1
   2.3280884134636114E+026         784          92           6           4           1
   1.8107548134341448E+026         968          93           7           4           1
   2.0819400663097068E+026         968          94           8           4           1
   1.7003994838481886E+026        1094          93           7           4           1
   6.5135372960880306E+026         998          92           6           4           1
   7.8959856728677040E+025        1175          93           7           4           1
   5.5900447632437199E+026        1175          92           6           4           1
   2.2493176526576883E+026         451         129          95           4           1
   6.2610134669162653E+026         233         141          51           4           1
   1.3128938580955739E+026         233         140          52           4           1
   5.7136728267774794E+026        1019         141          51           4           1
   3.0307424392287405E+025        1019         142          52           4           1
   2.4110718336732857E+025         707          59         101           4           1
   8.7475709384071814E+025         288          45          55           4           1
   5.4797986161927630E+026         690          45          55           4           1
   1.4516990144609820E+026         690          44          56           4           1
   3.5159746795156772E+025         710          45          55           4           1
   2.2261996796875846E+026         710          44          56           4           1
   3.0371082767580174E+024         889          45          55           4           1
   1.1380369791445303E+026         889          46          56           4           1
   1.8005390293368622E+026          72          33          51           4           1
   4.1809065446181051E+025          72          34          52           4           1
   4.6381437575416110E+026         374          33          51           4           1
   7.9592233101455997E+025         490          49          31           4           1
   3.8323447977899756E+024         490          48          32           4           1
   2.1981536326648284E+025         544          49          31           4           1
   1.5772898246995418E+026         544          50          30           4           1
   7.1933268432769347E+026         937          49          31           4           1
   1.0247836080771722E+026         936          49          31           4           1
   9.2105294407857844E+026        1073          49          31           4           1
   5.3723864505479155E+026        1073          50          32           4           1
   2.1439802347127033E+026         216          25          13           4           1
   3.2409061558582033E+025         216          24          12           4           1
   2.0575853685907987E+026         558          25          13           4           1
   2.4766859023139781E+025         557          25          13           4           1
   4.5079562745655051E+025        1171          25          13           4           1
   5.5634052470819620E+026        1171          26          12           4           1
   2.8117602454715774E+026         454           7          51           4           1
   2.2011275750132103E+026         454           8          50           4           1
   1.4237920051446675E+026        1105           7          51           4           1
   4.8238489218570216E+025        1105           6          50           4           1
   1.6634416814889999E+026         323         141          45           4           1
   7.8990019319635610E+023         323         142          44           4           1
   8.7551696943120751E+026         492         141          45           4           1
   1.1387354712481952E+026         492         142          44           4           1
   4.5312568493334649E+025         712         141          45           4           1
   3.3250569189272683E+026         712         140          44           4           1
   4.8683975507110673E+025        1132         141          45           4           1
   1.3366655954492490E+026         699         142          48           4           1
   3.9391986448105041E+026          34          53          51           4           1
   5.2159190212710711E+025          34          52          52           4           1
   1.8552084882250294E+026         179          53          51           4           1
   5.1084940787446267E+025         179          54          50           4           1
   1.7392444804130813E+026           2          57         107           4           1
   5.8172581325631007E+026           2          58         108           4           1
   1.0371368241358444E+027          25          58         108           4           1
   1.7376676632892534E+026         986          55          99           4           1
   5.7564348157400441E+026         986          54          98           4           1
   3.5155083687338801E+026         102          91          57           4           1
   3.2995037707729265E+026         102          92          58           4           1
   3.9526397331465651E+026         383          91          57           4           1
   3.1491637815327468E+026         383          90          56           4           1
   6.4021541376155437E+026         801         149          55           4           1
   4.0609449852389028E+026         801         148          56           4           1
   1.0047208508905776E+026         803         149          55           4           1
   4.1408241762067542E+026         803         148          56           4           1
   3.3987280075861865E+025        1083         149          55           4           1
   7.6344587145024090E+024        1083         148          54           4           1
   6.0130297669342037E+026         407          45          99           4           1
   6.1915408778812041E+026         407          44         100           4           1
   2.0938146686425255E+026         421          45          99           4           1
   7.4674335951927715E+026         421          46          98           4           1
   7.3462153388645648E+025         441          91          25           4           1
   2.4233588463804063E+026         441          90          26           4           1
   1.8431636111711444E+026          36          31          95           4           1
   9.5045777613570103E+025          36          30          94           4           1
   2.5913830481804884E+026         489          31          95           4           1
   1.3505351355371929E+026         489          32          94           4           1
   1.9804185648558329E+026        1048          31          95           4           1
   1.0787016679589561E+025        1048          30          94           4           1
   2.0680567798146494E+026         510          89          81           4           1
   3.0050972367537571E+026         510          88          82           4           1
   2.3965352743908066E+026         615          89          81           4           1
   4.0837973896792709E+026         614          89          81           4           1
   2.4187623483694453E+026         659          89          81           4           1
   1.6312924790397840E+025         659          88          80           4           1
   7.0967259566263255E+026         831          89          81           4           1
   6.8291406235147907E+026         831          88          80           4           1
   2.7705780458697731E+025        1228          89          81           4           1
   1.7745436836046356E+026        1228          90          82           4           1
   5.3415575854439234E+026        1137          93          15           4           1
   5.4405658095371052E+026        1137          94          16           4           1
   3.5134297743029425E+025         177          21          33           4           1
   4.8956722815627561E+026        1135          30          42           4           1
   5.5465024030882387E+026         231          21          33           4           1
   1.3409850677042277E+026         231          22          34           4           1
   1.2964487819983100E+027         786          21          33           4           1
   1.8683902222778588E+026          32          85           9           4           1
   3.8915949652399783E+026          32          86           8           4           1
   1.0945348665889657E+025         357          85           9           4           1
   1.4126470795690649E+026         356          85           9           4           1
   3.4816927885877775E+026        1036          85           9           4           1
   7.7957098174684701E+025        1036          86           8           4           1
   6.8249069950128293E+026        1098          85           9           4           1
   1.1314680837242142E+026        1234          85           9           4           1
   8.3904423380706098E+026        1234          86          10           4           1
   3.8278586430920284E+025         396         105          49           4           1
   3.8073540960554450E+026         396         104          50           4           1
   1.6977901515613009E+025         256          31          91           4           1
   5.1050533553168440E+025         903          32           6           4           1
   2.3039937886530832E+026         925          31          91           4           1
   2.6568834068469357E+026         991          33          39           4           1
   5.7150089181601697E+026         991          32          40           4           1
   1.7742828678148424E+026         455          75          71           4           1
   3.3474255698078398E+026         454          75          71           4           1
   1.6134118109414311E+027         683          75          71           4           1
   4.7678622285815154E+026         683          74          72           4           1
   1.7994351185496659E+026         689          75          71           4           1
   2.3737476683843393E+026         689          74          72           4           1
   2.5709677578763693E+026         996          75          71           4           1
   9.0355590592605646E+025         862          78          68           4           1
   5.2255596050680322E+026         775          93          95           4           1
   7.4312968681328543E+025         775          92          96           4           1
   4.9079536135758761E+026         879          93          95           4           1
   1.4901111183053887E+026         879          94          96           4           1
   2.7492582174224831E+024        1157          93          95           4           1
   3.8390058811774370E+026        1157          94          94           4           1
   5.8303721657063219E+024          11          63          91           4           1
   1.0941606178535669E+025          11          62          90           4           1
   3.1446074903710987E+026         373          63          91           4           1
   2.8853777788832642E+026         373          64          92           4           1
   5.9692180300372536E+026         553          63          91           4           1
   3.2516522754109749E+026         553          64          90           4           1
   4.0282344350141644E+026         577          63          91           4           1
   1.4245669661220179E+026         577          64          92           4           1
   1.6081153768369936E+026         990          63          91           4           1
   1.7846865659297197E+026         990          62          92           4           1
   3.3451564534578048E+026         368          91          67           4           1
   4.9593659151951114E+026         368          90          68           4           1
   6.1104720273105827E+025         255          89          33           4           1
   3.3079644359810476E+026         255          88          32           4           1
   3.5228072415191431E+026         280          89          33           4           1
   5.0252463001279717E+026         279          89          33           4           1
   4.8003066100417781E+026         477          89          33           4           1
   2.4429209488276058E+026         477          90          34           4           1
   3.2625437958344097E+026         366         129          63           4           1
   2.9395547509348729E+026         366         128          64           4           1
   5.5711713698802531E+026         499         129          63           4           1
   6.3095304678437945E+026         499         130          62           4           1
   3.0876985896641314E+026         508         129          63           4           1
   1.0200983629705281E+027         508         128          64           4           1
   7.6473961579626472E+026         540         129          63           4           1
   3.0970232886271409E+026         540         128          62           4           1
   1.6690712303501729E+025        1002         141          41           4           1
   4.6628735595565102E+026        1231         141          41           4           1
   1.1194902364939540E+025        1231         140          42           4           1
   8.7938576664819809E+025          75          79          49           4           1
   2.5482365687437311E+026          75          78          50           4           1
   7.4871438168622726E+026         206          79          49           4           1
   2.2494769766186739E+026         206          80          50           4           1
   1.3113726238638942E+026         870          79          49           4           1
   4.0336804319716880E+025         870          78          50           4           1
   7.1809079224682885E+026        1189          79          49           4           1
   1.9827617838874812E+025         880          15          39           4           1
   5.2280297430003897E+026         266          13          91           4           1
   2.0596470030903412E+026         266          14          90           4           1
   4.5610776335605279E+026         333          13          91           4           1
   2.6178655336402517E+023         282          81          59           4           1
   3.2880796079855429E+026         282          82          58           4           1
   4.2998524982705157E+026         448          81          59           4           1
   6.0916804598925970E+026         448          80          58           4           1
   3.5298467686786066E+026         497          81          59           4           1
   1.4535966672955396E+026         497          82          58           4           1
   3.6428344129059745E+026         829          81          59           4           1
   6.0010476114814673E+025         829          82          60           4           1
   1.5144153889878731E+026         953          81          59           4           1
   2.3536043131507158E+025         492          78          62           4           1
   2.6545426144354822E+026         963          81          59           4           1
   2.3600897551188505E+026         963          80          58           4           1
   6.0391943968059880E+026         978          81          59           4           1
   9.4318932201348878E+024         978          82          58           4           1
   7.2035751058040932E+026         147          55          53           4           1
   7.5930263672440729E+026         146          55          53           4           1
   8.9340833501358540E+025         212          54          54           4           1
   8.4433407097461769E+025         212          55          53           4           1
   4.8926762586251415E+025         365           9         105           4           1
   1.1605779037740708E+026         365           8         104           4           1
   3.7133033879834074E+026          12          66         108           4           1
   8049965881899867.0                1          67          87           4           1
   24661442331711676.                1          66          88           4           1
   5.2012905725839477E+026         725          67          87           4           1
   2.7855070397374900E+026         725          66          88           4           1
   9.7978493133034809E+025        1057          67          87           4           1
   9.8268770705162737E+025        1057          66          88           4           1
   6.3470026496410326E+025        1156          67          87           4           1
   3.2526851206795978E+026        1156          68          88           4           1
   4.2014865942475352E+025         188          97           5           4           1
   2.7378903118106730E+026         188          98           6           4           1
   2.9743452803906316E+025         284          97           5           4           1
   6.9848791553626945E+025         284          98           6           4           1
   1.0374306344971703E+026         294          97           5           4           1
   4.4812707194366318E+026         294          96           6           4           1
   1.3195005545057956E+026         548          97           5           4           1
   1.2342783431795553E+026         548          98           4           4           1
   7.0040670764504785E+025         648          97           5           4           1
   7.0559497971454012E+025         648          96           4           4           1
   2.2668754931509654E+025         661          97           5           4           1
   9.2312891710836669E+025         661          98           4           4           1
   9.0264169817871085E+026         679          97           5           4           1
   4.3966054449682724E+024         679          96           6           4           1
   1.5742559171877545E+026         740          97           5           4           1
   4.5232574406564860E+026         157         135          87           4           1
   2.8380243632489975E+026         157         134          88           4           1
   1.6979073416643672E+026        1034         135          87           4           1
   7.3746076093939064E+025        1033         135          87           4           1
   8.7879561367039268E+025         513          17          75           4           1
   2.9377337798083747E+026         513          16          74           4           1
   5.6068485006500079E+026        1134          17          75           4           1
   1.7504021866716327E+025        1134          18          76           4           1
   3.5526911573734746E+026         619           1         101           4           1
   3.7644341343328784E+025         619           2         102           4           1
   4.2597183806192940E+026          69          14         108           4           1
   9.5124473899041174E+023         140          55          19           4           1
   1.6210762501849351E+026         140          56          18           4           1
   1.7865105601604444E+026         848          55          19           4           1
   9.5566917629102914E+025         848          54          20           4           1
   1.7369614834955694E+026         298         105          39           4           1
   2.0430420590136220E+026         298         106          38           4           1
   1.4548683525574266E+026         457         105          39           4           1
   1.8037413971663946E+027         457         104          40           4           1
   4.1268499554939324E+026         744         105          39           4           1
   1.4139143978738568E+026         744         106          38           4           1
   2.0982621145980687E+025        1052         105          39           4           1
   4.8408278035894213E+026        1052         106          38           4           1
   4.9734874913082759E+026         656          77          23           4           1
   2.3076841850657781E+026         656          76          24           4           1
   5.4840111100920798E+026         874          77          23           4           1
   2.7834158345441468E+026         874          76          22           4           1
   1.5018236714560438E+026         104         117          37           4           1
   3.5590940236810170E+025         104         116          36           4           1
   3.4473030644673469E+026         581         117          37           4           1
   5.2021766037634281E+026         581         118          38           4           1
   3.1950207819400519E+024         796         117          37           4           1
   1.6082874534828672E+026         796         118          38           4           1
   1.2346114385189317E+025        1172         117          37           4           1
   1.9062476596291329E+026        1172         116          38           4           1
   2.8825737222638460E+026          57          79          13           4           1
   2.2639805377238104E+026          57          80          12           4           1
   6.2224073878954128E+025         813          79          13           4           1
   3.4413651670902744E+026         813          80          12           4           1
   1.3527887597164749E+026          32          31          27           4           1
   3.1805581880961571E+025          32          32          26           4           1
   1.8038909692768542E+026          90          31          27           4           1
   5.3106830347018835E+025          90          30          26           4           1
   3.4633784030345193E+026         308          31          27           4           1
   1.3939783635835749E+025        1201         111           3           4           1
   1.3646019248478057E+026         865          31          27           4           1
   8.0480066364822349E+026         865          30          26           4           1
   1.3402893203576634E+026         815          71          25           4           1
   1.4492763986945516E+026         815          70          26           4           1
   2.7959957761661535E+026         976          71          25           4           1
   7.0494918165092214E+026         975          71          25           4           1
   7.4852716501528281E+025         188          21          93           4           1
   9.2626059302136072E+025         188          22          92           4           1
   2.4841640586264154E+023         333          21          93           4           1
   2.7080278195660696E+026         333          20          92           4           1
   2.1405201295778524E+025         724          21          93           4           1
   6.2813099904812665E+025         724          22          94           4           1
   3.4086281442250571E+026        1025          21          93           4           1
   9.4008412934072024E+025        1025          20          94           4           1
   5.0860269715908458E+026         542          99          19           4           1
   1.8798126724686028E+025         542         100          20           4           1
   1.9852666059129335E+026         598          99          19           4           1
   7.6204048923573293E+026         597          99          19           4           1
   3.5788877477150143E+026         397         133          17           4           1
   1.2436535998900375E+026         397         134          16           4           1
   8.3980370856321406E+024         668         133          17           4           1
   8.4208966034947918E+026         668         134          18           4           1
   1.6994078085556972E+026        1016         133          17           4           1
   1.0338911270285591E+027        1016         134          16           4           1
   2.4915020567843532E+025        1138         133          17           4           1
   1.5955242218197266E+026        1138         134          18           4           1
   4.1682203762152263E+026          68         131          21           4           1
   5.2270252558433263E+026          68         132          20           4           1
   6.0128424772808777E+026          69         131          21           4           1
   6.4925493596872716E+026          69         130          20           4           1
   5.2281697418900856E+026         544         131          21           4           1
   1.5348365816752532E+026         544         130          20           4           1
   6.0378686411651475E+026         526         132          20           4           1
   1.1980280378601357E+026         526         131          21           4           1
   1.8895493196450756E+026        1117         131          21           4           1
   2.6295023404560375E+026        1117         132          22           4           1
   1.1813992635263849E+025        1166         131          21           4           1
   1.3887682252789188E+026        1166         130          20           4           1
   1.1556174551420074E+026         552          55          15           4           1
   2.6530310694713378E+026         552          56          16           4           1
   1.7541731193416607E+026         935          55          15           4           1
   5.2685645754902736E+026         935          54          16           4           1
   1.6073284591436330E+026          24          97          83           4           1
   1.6427767564330254E+026          24          98          84           4           1
   2.7079400462265741E+026         695          51          39           4           1
   8.3123148172143951E+026         694          51          39           4           1
   7.6870610861589255E+025         134          95         101           4           1
   1.4398256555044077E+026         134          94         100           4           1
   1.1696153129969364E+025         199          95         101           4           1
   3.7943899534607742E+026         199          96         100           4           1
   6.8442339733838601E+024         272          95         101           4           1
   6.4037843681558561E+026         272          94         100           4           1
   6.9086602236229391E+025         501          95         101           4           1
   1.4046222485221592E+026         501          96         100           4           1
   1.0920287309766882E+025         716          95         101           4           1
   2.6484334323754389E+026         716          94         100           4           1
   4.4139311165949613E+026         973          95         101           4           1
   2.5258866629715324E+024         973          94         100           4           1
   3.0383346345131256E+026         436         115          41           4           1
   6.9901242154151096E+025         436         114          42           4           1
   5.8974181482904019E+026         953         115          41           4           1
   4.6587088604674858E+026         953         114          42           4           1
   1.1779223432961973E+025          59          11          27           4           1
   4.0212874516337653E+026          59          10          28           4           1
   6.4764654104345740E+025         146          11          27           4           1
   8.4228419150811325E+025         146          10          26           4           1
   3.6233009129685768E+026         381          11          27           4           1
   3.4782472541523638E+026         381          12          28           4           1
   1.3403330547397299E+027         625          11          27           4           1
   1.4856814334121881E+026         625          10          26           4           1
   2.7753173201295346E+025         891          11          27           4           1
   1.6338031135162420E+025         891          12          26           4           1
   2.7125896661263131E+026         904         132          40           4           1
   8.9531019994132362E+026         152          58          78           4           1
   1.1754223457155262E+027        1195         133          39           4           1
   4.2962216045047918E+026         488         132          40           4           1
   3.9814958832771247E+026         641          57          79           4           1
   1.5171675803146573E+025         641          58          80           4           1
   1.8674428426339586E+026        1141          57          79           4           1
   1.0793870770925898E+027        1141          58          80           4           1
   1.6948305906360668E+025         759         113          31           4           1
   1.5815730131742987E+026         759         114          30           4           1
   3.1193283194766002E+025         899         113          31           4           1
   2.7933746179414464E+026         899         114          32           4           1
   8.2531604028586135E+026        1074         113          31           4           1
   2.6954552751865297E+026          54          19          67           4           1
   4.5543874470465445E+026          54          18          66           4           1
   1.9865262614417348E+025         491          19          67           4           1
   6.3621858274976188E+026         491          18          68           4           1
   7.2657793818717534E+026         557          19          67           4           1
   8.8117317259794874E+025         557          20          68           4           1
   4.9498164012453049E+026         879         132          56           4           1
   1.9394520368886242E+026         233         142          96           4           1
   4.1661063156857683E+025         265         143          97           4           1
   2.6861329530313608E+026         265         142          96           4           1
   2.5973061461593252E+026         659         143          97           4           1
   1.9644483392155608E+026         659         142          96           4           1
   1.7853617177131233E+026         931          75          55           4           1
   3.0943887237983814E+026         931          76          56           4           1
   4.0856781002906528E+026        1038          75          55           4           1
   2.4906924830520776E+026         819          72          56           4           1
   3.7322445503926921E+026         183          79          61           4           1
   2.4455716563031769E+026         492          79          61           4           1
   7.0696561013497866E+025        1002          79          61           4           1
   3.3695764987203528E+026        1002          80          60           4           1
   1.7720453060179425E+026         469         131          21           4           1
   6.0647577731345366E+026         469         132          22           4           1
   3.0518296689561832E+026         838         131          21           4           1
   7.4379557372463830E+024         477         130          22           4           1
   8.0675986752053887E+023         426          47          43           4           1
   5.3446139955078406E+026         426          46          42           4           1
   3.4349193928573684E+026         789          47          43           4           1
   2.3613959967356341E+026         789          46          42           4           1
   6.8292409978019368E+025        1017          47          43           4           1
   2.7863132129137152E+025        1017          48          42           4           1
   1.2650577661133870E+026          74          81          85           4           1
   7.0240488249080003E+026          74          82          86           4           1
   5.9869235894321351E+026         823          81          85           4           1
   3.7110419358841923E+026         823          82          84           4           1
   1.2716249170660077E+026         395         101         105           4           1
   4.8786240538524630E+026         395         100         106           4           1
   4.2942896068312342E+025        1082          45          87           4           1
   2.0881896940825512E+026        1082          44          88           4           1
   3.1961745275060296E+026          93          97          35           4           1
   2.7924960309652240E+026          93          98          34           4           1
   8.7648046355467210E+024         683          97          35           4           1
   1.4402782094485121E+026         683          96          36           4           1
   9.7354976992121202E+025         147          83          31           4           1
   8.9567837153351528E+026         147          84          32           4           1
   2.5214572220256902E+025         780          83          31           4           1
   1.9636015263969150E+025         780          82          32           4           1
   2.9791366219167741E+026         848          83          31           4           1
   1.1182360390059545E+026         848          82          32           4           1
   2.4671845110226359E+026         149         135          15           4           1
   2.0404265749289253E+026         149         134          14           4           1
   1424300260854391.5                1         143          25           4           1
   3784794384588773.5                1         142          24           4           1
   4.2539022243556577E+026          77         143          25           4           1
   3.5177529933893830E+026          77         144          26           4           1
   6.3968493937847783E+026         612         143          25           4           1
   2.2952480300073670E+026         612         142          24           4           1
   1.1115230811833940E+026         795         143          25           4           1
   1.3201864374645139E+026         795         144          26           4           1
   5.2573504740760983E+025         815         143          25           4           1
   5.3707636821030590E+026         815         142          24           4           1
   3.5086740451116925E+026         959         143          25           4           1
   1.1898025914681398E+027         959         142          26           4           1
   2.8344048151301089E+025          25          59          89           4           1
   1.5752773092154682E+026          25          60          88           4           1
   3.3715101462291117E+025         509          59          89           4           1
   8.2276305450256433E+026         509          60          88           4           1
   3.3554562787709510E+026         940          59          89           4           1
   7.8770205452001538E+026         940          58          88           4           1
   2.7926221832724682E+026         516          17          51           4           1
   1.0267878172657321E+026         516          16          50           4           1
   6.8934363285535942E+024         595          17          51           4           1
   2.9875788174743411E+026         322          85          67           4           1
   9.9819341169725683E+026         322          84          66           4           1
   1.4612817197536466E+026           2         137          59           4           1
   5.0834361446686241E+026           2         136          58           4           1
   1.6528011164840251E+026         376         137          59           4           1
   8.2698026189696759E+025         375         137          59           4           1
   2.2307320363156810E+026         652         137          59           4           1
   2.9188514988387846E+026         652         138          60           4           1
   8.2242450312006519E+026         968          99          53           4           1
   1.3364003465429033E+026         968         100          52           4           1
   7.5184227021547758E+025         366         135           5           4           1
   1.5322497727713733E+027         366         134           6           4           1
   6.4413055046720030E+025         454         135           5           4           1
   7.2148035210502524E+025         454         136           4           4           1
   1.2461923129098131E+026         862         135           5           4           1
   2.4317794441789881E+026         862         136           6           4           1
   3.3080371830848602E+026         923         135           5           4           1
   3.5838751650759952E+026         923         134           4           4           1
   2.6155864827825853E+026        1005         135           5           4           1
   1.1743777812026442E+026        1005         136           4           4           1
   7.9754564267058833E+026        1131         135           5           4           1
   6.7039772612197728E+025        1131         134           4           4           1
   4.8717052338289840E+025         507         107          19           4           1
   2.9333305303651756E+025         507         108          18           4           1
   1.9957336272618936E+027         565         107          19           4           1
   2.2217985281471232E+026         565         108          20           4           1
   2.3362859742860914E+024         673         107          19           4           1
   1.0574596506884976E+026         673         106          18           4           1
   3.3099436378399463E+026        1110         107          19           4           1
   1.1161447547159557E+027        1109         107          19           4           1
   3.8344265457482229E+026          91          40         108           4           1
   1.8144258650708654E+026         277         137          61           4           1
   2.3355208038040430E+025         277         138          60           4           1
   4.0370999498491243E+025         705         137          61           4           1
   4.8189728468401390E+026         705         138          62           4           1
   2.2241328111851957E+026         900         137          61           4           1
   8.8212091880088276E+025         900         138          60           4           1
   3.4962774029550938E+025         356          37          27           4           1
   3.6141472403305045E+026         356          36          28           4           1
   3.7331009189352051E+026         876          37          27           4           1
   2.4182840077606600E+026         876          38          28           4           1
   2.5189061514057732E+026         201          69          73           4           1
   2.7363068068973918E+026         201          68          74           4           1
   4.4806906038640105E+026         623          69          73           4           1
   4.4744507947882853E+024         623          68          74           4           1
   1.3946967852258272E+026         637          69          73           4           1
   4.7830842279432802E+025         637          68          72           4           1
   8.8381794776354437E+025         345         113          57           4           1
   5.0328307615516950E+025         345         112          56           4           1
   6.3391928915921579E+026         359         113          57           4           1
   2.6290709226560532E+026         358         113          57           4           1
   1.9856680679220649E+026         601         113          57           4           1
   5.8948222651553763E+026         601         112          56           4           1
   2.4240904313074593E+025        1230         113          57           4           1
   2.2256936637975905E+025        1230         112          58           4           1
   1.7123912076067788E+025         358         121          93           4           1
   1.7501543198115879E+026         358         120          94           4           1
   1.3553683901365296E+026         509         121          93           4           1
   2.2603846190286664E+026         509         122          92           4           1
   2.0210367405579102E+026         646         121          93           4           1
   1.0065125924602994E+027         900         121          93           4           1
   4.5181282241689023E+026         900         122          94           4           1
   8.6606497373830884E+026        1024         121          93           4           1
   7.3379023130954139E+025        1024         122          92           4           1
   1.9334595072526584E+026        1033         121          93           4           1
   1.8358690257153742E+026         510          55          87           4           1
   1.0578817241667505E+026         716          19          63           4           1
   1.4573715875899583E+026         715          19          63           4           1
   1.8937603290673992E+025        1079          19          63           4           1
   3.0774751924914112E+026        1080          19          63           4           1
   2.3726004954252996E+026          15          99         105           4           1
   6.2801672649151945E+026          15         100         106           4           1
   4.3950613805053729E+025         762          93          23           4           1
   9.7090936752837363E+024         495          92          22           4           1
   3.4548308608588603E+026          51          25          21           4           1
   5.8114989375923185E+026          51          26          22           4           1
   1.6098175395788835E+025         530          25          21           4           1
   1.5461486757425969E+026         530          26          22           4           1
   5.5239332476789991E+025         591          25          21           4           1
   4.2633103306719660E+026         591          26          22           4           1
   2.0952209743439985E+026         823          27          21           4           1
   3.2646748451547314E+026         923          24          22           4           1
   5.3713232191496945E+026         991          25          21           4           1
   6.0205180394413566E+026         991          26          20           4           1
   1.6805405820744426E+026        1118          25          21           4           1
   6.5860335811741570E+024        1118          24          20           4           1
   8.7508978034655630E+026         470          75          61           4           1
   1.8931698834134702E+026         470          74          62           4           1
   3.7981385582075881E+026         718          75          61           4           1
   1.7439262008677077E+026         718          76          62           4           1
   7.4518793436126722E+025         944          75          61           4           1
   5.9058298213252666E+026         943          75          61           4           1
   6.2685414812254275E+026         871          97          89           4           1
   5.0160050362113377E+025         871          96          88           4           1
   5.5147533089808316E+026        1185          97          89           4           1
   2.9501739164876407E+026        1185          98          88           4           1
   6.2950860043699431E+025        1211          97          89           4           1
   4.8012260513125813E+026        1210          97          89           4           1
   3.6291501425098695E+026        1118          51          63           4           1
   2.7713637409841909E+026        1118          52          64           4           1
   31843978765153572.                1          45          97           4           1
   51423349091550120.                1          46          96           4           1
   2.3650704826364704E+024         574          45          97           4           1
   4.8967457009855631E+026         574          46          98           4           1
   4.8105759478168030E+025         973          43          25           4           1
   2.8382382714199414E+026         973          44          26           4           1
   7.5312722650802140E+026        1102          43          25           4           1
   8.5994046861993919E+025        1102          44          26           4           1
   7.8520665125921784E+026         943          35          31           4           1
   1.9801153574828370E+025         943          36          30           4           1
   6.7394752913913243E+025        1121          35          31           4           1
   3.9969960351320109E+025        1121          36          32           4           1
   4.7975914186153658E+026         893          63          73           4           1
   4.4539336406196556E+026         893          62          74           4           1
   3.7066506608166083E+025         944          63          73           4           1
   2.7531807859827670E+026         944          64          74           4           1
   4.0150880157766541E+026         433          47          33           4           1
   7.4997398536074022E+026         432          47          33           4           1
   1.8614291025819636E+025         437          47          33           4           1
   2.9663919467698890E+026         437          49          33           4           1
   2.3462005640241771E+026         973          47          33           4           1
   5.1324060046615609E+026         973          48          34           4           1
   1.6067134733699487E+026        1243          47          33           4           1
   3.7852071301198649E+025        1243          46          34           4           1
   3.7322239763736440E+024         227         128          66           4           1
   4.5658443400598844E+026         227         127          67           4           1
   1.5191794803054976E+026         649         127          67           4           1
   8.2477433696994699E+025         649         126          68           4           1
   8.0660800977345347E+026         679         127          67           4           1
   3.0143219551281804E+026        1217         127          67           4           1
   3.3196981871245040E+025        1217         126          68           4           1
   5.6540043277885338E+026        1152         143          87           4           1
   2.0454931178995989E+026        1152         142          88           4           1
   2.2780232730132620E+026        1169         143          87           4           1
   6.1533265887771890E+026        1169         144          88           4           1
   3.6204787577467360E+026        1170         143          87           4           1
   1.3272012363884780E+026        1095         144          84           4           1
   4.9732478205768546E+025         100         117           5           4           1
   1.2557333665810285E+026         100         118           6           4           1
   7.3989751817553436E+026         351         117           5           4           1
   3.6827419417609460E+026         351         116           6           4           1
   1.2015972923801755E+026          21         121         103           4           1
   2.2662522278842450E+026          21         120         104           4           1
   1.6413687249187905E+026          53         121         103           4           1
   1.3703531901193339E+026          53         122         102           4           1
   4.9192556146046133E+026         210         121         103           4           1
   3.4704227382292025E+026         210         122         102           4           1
   1.1502619069118133E+026         630         121         103           4           1
   1.3611092001857573E+025         630         122         102           4           1
   1.5190310793262106E+026         769         121         103           4           1
   3.0878599234799228E+026         769         120         102           4           1
   2.0122188743806145E+026        1106         121         103           4           1
   8.8953778994400275E+025        1106         120         102           4           1
   7.5767747366814458E+025         520         113           9           4           1
   3.9460356547539867E+026         520         114          10           4           1
   6.7922628936392486E+026         583         113           9           4           1
   3.4103531151049251E+026         984         113           9           4           1
   3.6464788555759210E+025         410         116          10           4           1
   2.7144408830879857E+026         729         149          29           4           1
   1.1463438442942996E+026         729         148          30           4           1
   4.3386780860564733E+026         519          39          45           4           1
   7.9337318687156673E+026         519          40          44           4           1
   2.8099379965095440E+026         617          39          45           4           1
   2.2062722736619195E+026         617          40          44           4           1
   6.7002762781577373E+025         809          39          45           4           1
   1.1481761280356224E+026         809          38          44           4           1
   1.3262366298214968E+026         815          39          45           4           1
   2.3414781496395146E+026         815          38          46           4           1
   1.9410270892323831E+026         981          39          45           4           1
   1.2316546886680974E+026         981          38          46           4           1
   1.1153191681458568E+026        1034          39          45           4           1
   3.9739355753524765E+026         472          34          46           4           1
   1.1028884102074865E+026        1074          39          45           4           1
   2.0616135732395350E+026        1074          38          44           4           1
   4.2737806955123925E+026        1116          39          45           4           1
   1.5942363135657986E+027        1115          39          45           4           1
   6.4591027334897052E+025          75          83          43           4           1
   1.6942163097524604E+026          75          82          42           4           1
   3.6455930061048071E+025         413          83          43           4           1
   2.1787113315297720E+026         413          84          42           4           1
   2.3574069687160578E+026         488         133          39           4           1
   1.8522259379600777E+026         784          57          79           4           1
   3.8640717493574900E+026         547          60          80           4           1
   3.9307697175518115E+025        1209          57          79           4           1
   5.2435633106665573E+026        1209          58          80           4           1
   1.4371103974596481E+027         843         143          81           4           1
   1.5969877169368408E+026         842         143          81           4           1
   7.2917739019775378E+025        1074         143          81           4           1
   2.6731780030032518E+026        1074         144          80           4           1
   3.7575619513862441E+026         330          69          39           4           1
   1.3978010583001729E+026          34          45          81           4           1
   9.8774333124978792E+025        1172         116          10           4           1
   8.0298637602763934E+026          49          45          81           4           1
   4.0015334181546897E+026          49          46          82           4           1
   5.9285194971702086E+026        1152          45          81           4           1
   3.5238962542696399E+026        1152          46          82           4           1
   3.9065899871010503E+025        1177          73         103           4           1
   2.9102437828356876E+026        1177          72         104           4           1
   3.3058420008233686E+026         706         101          27           4           1
   4.7037253264351233E+025         706         102          26           4           1
   1.7021393574563567E+026        1200         101          27           4           1
   1.0344649415241403E+026        1200         102          26           4           1
   4.7717503525729936E+026          87         121          83           4           1
   3.1819872960819417E+026          86         121          83           4           1
   6.3011960545148439E+026         201         121          83           4           1
   5.1301978047849546E+025         201         122          84           4           1
   6.9525700773257526E+026         514         121          83           4           1
   5.9812908137522413E+024         514         122          82           4           1
   2.1485859602959846E+026          85          27          25           4           1
   1.0881803053742981E+026          85          26          24           4           1
   2.2828323435862038E+025         578          27          25           4           1
   2.0970998592661366E+026         467          28          26           4           1
   1.0911503750739888E+026         632          55           3           4           1
   2.2977311008821208E+026         632          54           4           4           1
   8.6787033715042341E+024         918          55           3           4           1
   4.1904032203619427E+026         918          56           4           4           1
   4.5701866026815774E+025          19          85          81           4           1
   2.5711360081160088E+025          19          85          79           4           1
   1.0968544000361276E+026         503          85          81           4           1
   3.5878071194394692E+026         503          84          80           4           1
   9.7028746520615817E+025         635          85          81           4           1
   2.0491587122767499E+026         635          86          82           4           1
   1.6914260578996535E+026         932          29          73           4           1
   5.1053524149247595E+026         932          28          74           4           1
   1.0390901031593225E+027         366          69          55           4           1
   4.1451039984000126E+026         366          68          56           4           1
   5.2896574818583885E+025         665          69          55           4           1
   6.7700345477250107E+025         665          68          54           4           1
   2.5835242816480992E+025         957          69          55           4           1
   2.7340734319353154E+025         633          68          56           4           1
   1.4823006957759669E+026           6         133          15           4           1
   6.3405097125526130E+025           6         134          16           4           1
   6.5897692423476150E+025         701         133          15           4           1
   6.5104308901192780E+026         701         134          16           4           1
   4.8585903371296321E+026         929         133          15           4           1
   1.9248390105104819E+026         929         132          14           4           1
   5.2123031084336514E+026          75          51          61           4           1
   6.1916028469557395E+026          75          50          62           4           1
   9.9594492763605407E+025         238          51          61           4           1
   1.4649534414527476E+026         238          52          62           4           1
   1.5551941025959380E+026        1064          51          61           4           1
   1.6652065881661743E+026        1064          52          60           4           1
   5.7761304766784006E+026         182          31          89           4           1
   2.9344717965704963E+026         200          13          45           4           1
   1.2988476510538050E+026         200          12          44           4           1
   5.3670879531362871E+025         446          13          45           4           1
   6.0386723067688875E+026         502          13          45           4           1
   3.3755712874357189E+025         502          14          44           4           1
   6.7341742069905313E+026         789          13          45           4           1
   5.9183666591309143E+026         731           3          77           4           1
   1.5585260278062332E+026         731           2          78           4           1
   1.6706150318067869E+026         965           3          77           4           1
   4.3386822857218069E+025         965           2          76           4           1
   3.3423557180738362E+025         811         115          91           4           1
   8.2631661749173531E+026         811         116          92           4           1
   3.4072337083134141E+026         836         115          91           4           1
   3.0290816320654250E+026         836         114          90           4           1
   2.7080114728291349E+026         967         115          91           4           1
   6.6857920276597508E+026         967         116          90           4           1
   2.4184018503356361E+026         275          17          51           4           1
   2.2002197865465707E+025         275          18          50           4           1
   4.7286635728292061E+026          24          73         101           4           1
   1.0290654988823069E+027          24          72         102           4           1
   2.8010642007807340E+025        1042          73         101           4           1
   5.9739057803163572E+024        1042          74         100           4           1
   2.1227396668082541E+026         165         105          77           4           1
   1.8380331429085823E+026         165         106          76           4           1
   8.4216802510105903E+026         553         105          77           4           1
   4.8677077505066983E+025         553         104          76           4           1
   2.5874732115478479E+025         654         105          77           4           1
   1.9219035671833056E+026         654         106          76           4           1
   1.6144476189088931E+026        1213         105          77           4           1
   1.0296552591466905E+026        1213         104          78           4           1
   1.1955043707869286E+026         577          59          89           4           1
   2.9906010899276844E+026         188          62          94           4           1
   4.1440812133833774E+025         742          59          89           4           1
   5.2210122542417852E+026         742          60          88           4           1
   5.2052825750024135E+026        1032          59          89           4           1
   2.3652036300373761E+025        1032          60          88           4           1
   1.9197521911832503E+025          70         115          83           4           1
   5.5173637037039572E+026          70         114          84           4           1
   8.0417803577608649E+026         762         115          83           4           1
   7.8217099952769558E+025         761         115          83           4           1
   2.1528572174647423E+026         856         115          83           4           1
   9.1552335696506637E+024         856         116          82           4           1
   1.1067321616242813E+026         948         115          83           4           1
   2.3502359588509365E+025         948         116          84           4           1
   4.0766927522210190E+026         996         115          83           4           1
   2.4750876279907885E+026         785         116          86           4           1
   5.3172146045427561E+026        1165         115          83           4           1
   9.4930096402134238E+025        1165         116          84           4           1
   2.8365165162091053E+026         985         107           5           4           1
   2.9972562707285890E+025         985         106           6           4           1
   2.0527341419994165E+027        1149         107           5           4           1
   3.8068383854317519E+026        1149         106           6           4           1
   1.0394546808550043E+026        1175         107           5           4           1
   5.4832366331597355E+026        1175         108           4           4           1
   1.4760752352020930E+027          37         109          11           4           1
   1.9803658345008354E+026          37         110          12           4           1
   1.9457978961547083E+025         229         109          11           4           1
   1.8978179813278769E+026         229         110          12           4           1
   2.6526537129808807E+026         577         109          11           4           1
   3.1608121594475076E+026         577         110          12           4           1
   2.3422110509706321E+026         907         109          11           4           1
   9.2663312080423364E+024         907         110          10           4           1
   7.5214383372441872E+026         926         109          11           4           1
   5.3221308667681270E+026         926         110          12           4           1
   2.1638926954095442E+026         204         145          83           4           1
   2.1381098986011332E+026         204         146          84           4           1
   3.9950119620431631E+026         428         145          83           4           1
   2.5539128305902812E+026         428         145          85           4           1
   1.1722950893214902E+026         513         145          83           4           1
   7.5706573203013819E+025         555         145          83           4           1
   2.2880920568893826E+026         555         146          84           4           1
   1.3175737370810193E+026         215          85          17           4           1
   3.6706128366207611E+026         215          84          18           4           1
   1.5383672888832573E+026         474          85          17           4           1
   7.9221168368942080E+026         474          86          18           4           1
   1.8169706133265080E+026         852          85          17           4           1
   4.2056517401423038E+026         852          84          16           4           1
   6.9854953020053147E+026        1003          85          17           4           1
   4.0287217521629330E+026        1003          84          16           4           1
   1.1176708126422914E+026         333          87          29           4           1
   9.3910453949329506E+025         333          86          28           4           1
   2.0687526069004714E+025         272         125          83           4           1
   3.9833265312918108E+026         272         126          84           4           1
   4.3784769339692258E+026         340         125          83           4           1
   1.2139057420845028E+026         340         126          82           4           1
   1.9942982195290592E+026         568         125          83           4           1
   2.4093679561065595E+026         568         124          84           4           1
   2.3533981571356568E+026         366         115           9           4           1
   2.1105321366313001E+026         366         116          10           4           1
   1.1050520987253876E+026         410         115           9           4           1
   1.9221685550116106E+025          65          25          39           4           1
   3.6266376888516496E+024          65          24          38           4           1
   2.7089270803617641E+026         394          25          39           4           1
   3.5663934998661244E+026         394          24          38           4           1
   3.3835382156419928E+026         496          25          39           4           1
   6.8080509996795470E+024         496          26          38           4           1
   6.7358082883620363E+025        1196          25          39           4           1
   9.9905485295206136E+025        1196          26          38           4           1
   2.3455175201912785E+026        1059          49          85           4           1
   6.2830237027341059E+026        1024          49          85           4           1
   6.4725460891543035E+026         394          83          57           4           1
   2.5669969800954140E+026         632          83          57           4           1
   4.5252300021778412E+026         632          82          56           4           1
   6.9636192086147067E+025         859          83          57           4           1
   2.2613397377263311E+026         859          82          58           4           1
   3.0982824257337283E+026         944          83          57           4           1
   1.3358545272275941E+025         503          35          33           4           1
   5.2219826821107857E+026         503          34          32           4           1
   1.0960261272018462E+026        1149          35          33           4           1
   4.5960190270120038E+026        1149          36          34           4           1
   1.2518222468037335E+026         245         109          99           4           1
   1.6953127761651173E+026         245         110         100           4           1
   7.6236967145967091E+025         522          46          46           4           1
   6.3938422836118646E+026          71         100          68           4           1
   4.9707877190545985E+026         645          99          67           4           1
   2.1158094189597423E+026         522          47          45           4           1
   7.1758698504406117E+026         734          99          67           4           1
   5.3647955053729897E+026         734          98          68           4           1
   3.5402302968078666E+025          34         144         108           4           1
   2.9568639746957368E+026         242           9          57           4           1
   2.7102523244343472E+026         242           8          56           4           1
   5615403068828147.0                1           7          79           4           1
   7476916819561809.0                1           8          80           4           1
   3.6957406478215749E+026          59           7          79           4           1
   4.3686445078641386E+026          58           7          79           4           1
   2.2175832434916584E+026         141           7          79           4           1
   1.1805569777701435E+027         141           6          80           4           1
   2.7918612226457615E+026         480           7          79           4           1
   4.0720223660536089E+024         480           6          80           4           1
   1.2819056667679665E+026         539           7          79           4           1
   1.9110435803804639E+026         539           6          80           4           1
   2.5036232261210504E+026         596           7          79           4           1
   3.8203262132935385E+025         596           6          80           4           1
   4.9666992636345955E+026        1097          85          87           4           1
   1.3999519360162665E+026        1097          84          88           4           1
   7.5344852202355415E+025          16          69          17           4           1
   2.8284108543018684E+026          16          70          16           4           1
   4.4723048110670740E+026         986          69          17           4           1
   5.5069327012640753E+026         985          69          17           4           1
   1.3091839636381957E+026          14         139          47           4           1
   3.3893112531455334E+025          14         140          48           4           1
   9.7736688535001141E+025          60         139          47           4           1
   1.8653304692952097E+027          60         138          46           4           1
   4.2610923147286589E+026         419          65          33           4           1
   4.1854884954481351E+026         419          64          32           4           1
   1.0260202608841622E+026         517          21           7           4           1
   3.9256181893171890E+026         342         133          57           4           1
   9.1404703256912281E+025         342         132          58           4           1
   3.7954512460978639E+026         491         133          57           4           1
   2.9563919069374881E+026         491         132          58           4           1
   4.8936675046844794E+025         751         133          57           4           1
   7.4830024802930529E+025         360         132          56           4           1
   7.9017740237870756E+026        1215         133          57           4           1
   1.1273876300445884E+026        1215         134          58           4           1
   1.4599911540065038E+027          51         121          69           4           1
   1.2251288191600914E+026          50         121          69           4           1
   2.0626262582990905E+026         252         121          69           4           1
   5.4971931747728891E+025         252         120          68           4           1
   2.8569035143343370E+026         490         121          69           4           1
   2.6037320933093934E+025         490         120          70           4           1
   3.4426238517807037E+026         101          59          15           4           1
   2.1744638723796979E+026         101          58          14           4           1
   5.4849318606534596E+026         103          59          15           4           1
   1.1128481332608352E+025         103          58          16           4           1
   2.1547634082524378E+026         434          59          15           4           1
   2.9419621931042152E+026         434          60          16           4           1
   3.7680698707059302E+026         667          59          15           4           1
   3.3299254600410885E+026         667          58          14           4           1
   2.8209970779529064E+026         285         117          69           4           1
   2.4967528871420246E+025         285         118          70           4           1
   1.0582212321569557E+025          24         129          93           4           1
   9.1022021045511234E+026          24         130          94           4           1
   4.0261581147975979E+026          43         129          93           4           1
   3.3732162738202607E+026          43         129          95           4           1
   3.2395245398493332E+026         343         129          93           4           1
   9.4225060723631352E+026         343         130          94           4           1
   1.9884533741370835E+026         711         129          93           4           1
   1.1839125104360227E+027         711         130          92           4           1
   4.5327236929256218E+026         846         129          93           4           1
   3.7870521802552403E+025         845         129          93           4           1
   3.6201603106309722E+024        1048         129          93           4           1
   8.9478720589483826E+025        1048         128          94           4           1
   4.0226066364532520E+025         205           9          67           4           1
   2.5246454044875892E+026         205           8          66           4           1
   3.3070762143070279E+025         336           9          67           4           1
   3.4707516402593868E+026         336          10          66           4           1
   2.8402759889482882E+026         566           9          67           4           1
   6.4961966823791669E+026         566          10          66           4           1
   2.0174424951887644E+026         889           9          67           4           1
   9.7721350330909875E+025         889           8          68           4           1
   7.8693725967650192E+026        1029           9          67           4           1
   2.6051362173417271E+026        1029          10          66           4           1
   1.4417066849995326E+026         477          33           3           4           1
   3.1510679007931687E+026         477          34           4           4           1
   1.6394713765656117E+025         528          33           3           4           1
   7.1205910085833942E+025         528          32           2           4           1
   5.1892930230633404E+026         576          33           3           4           1
   4.3175213170645080E+026         156          32           6           4           1
   6.6027227705400525E+026         741          33           3           4           1
   4.6160922561972760E+026         741          34           4           4           1
   6.1670884134913009E+026        1016          33           3           4           1
   2.3124484395976103E+026        1016          34           2           4           1
   6.3331897331739636E+026         230          13          65           4           1
   9.8835356068854899E+025         229          13          65           4           1
   8.5514656214875896E+026         248          13          65           4           1
   2.3453960337983002E+025        1157          90          68           4           1
   2.8014107291567269E+026         478          13          65           4           1
   1.0699784140487997E+025         478          12          64           4           1
   1.1314978612596502E+026         879          13          65           4           1
   2.2006493063907847E+026         879          14          64           4           1
   1.6709681366603356E+026        1114          13          65           4           1
   3.4200951871887049E+025        1114          14          64           4           1
   1.7228268258487327E+026        1155          13          65           4           1
   4.8013910388505993E+025         350          17          79           4           1
   1.3214516654767340E+025         350          16          80           4           1
   4.1104146895323556E+026         932          17          79           4           1
   6.6481659419285856E+026         932          18          78           4           1
   8.6492572339184039E+024         105         121         105           4           1
   1.0843331711902222E+026         105         122         104           4           1
   1.8791063030060933E+026         275         121         105           4           1
   1.5360262707430899E+026         275         122         106           4           1
   2.3119752369690246E+026         954         121         105           4           1
   1.0214705881522142E+024         954         120         106           4           1
   7.0281107744058166E+025         975         121         105           4           1
   1.2986428406022443E+026         975         122         106           4           1
   5.2381612590850080E+026          83          21          13           4           1
   5.4623613099364169E+026          83          20          14           4           1
   1.3150236385138533E+026         337          21          13           4           1
   3.2652396770950860E+025         337          22          14           4           1
   9.3634913297992411E+026         369          21          13           4           1
   5.8367196375319837E+025         369          22          12           4           1
   5.3828819875452651E+026         262         111          61           4           1
   2.2261386719496396E+026         262         112          60           4           1
   1.4256659351778082E+027         310         111          61           4           1
   1.5288042362154432E+024         310         112          62           4           1
   4.1718440835539295E+026         439         111          61           4           1
   2.3525085187559325E+026         439         112          62           4           1
   5.0064335256499173E+026         940         111          61           4           1
   5.4703218973689844E+025         160          50          22           4           1
   4.5240073204247716E+026        1145         111          61           4           1
   1.5151161429277871E+026        1145         112          60           4           1
   2.6766384388187715E+025         183          33          21           4           1
   9.1780562097261424E+025         183          34          22           4           1
   1.2118408472450647E+026         202          33          21           4           1
   1.7477250267393482E+025         202          32          22           4           1
   1.7800876430802998E+025         216          33          21           4           1
   5.3302233353743482E+026         216          32          20           4           1
   8.5076333742526997E+025         549          33          21           4           1
   3.5241458802574786E+025         549          34          22           4           1
   1.3505957941220944E+026          10          20          18           4           1
   4.9553597891699069E+026         170          19          17           4           1
   3.4159513532822686E+026         170          20          18           4           1
   4.4791938292882220E+026         926          20          16           4           1
   2.5931157391680307E+025         576          81          13           4           1
   2.2793398298655126E+025         576          82          12           4           1
   11864515133683278.                1          87          91           4           1
   5259670011802926.0                1          88          92           4           1
   2.9271814913706553E+025         852         111          17           4           1
   1.5341991951211346E+026         852         112          16           4           1
   1.1699763403873759E+027        1126         111          17           4           1
   4.8666295856717547E+026        1126         110          16           4           1
   1.1049585209965967E+026         309          99          67           4           1
   1.9379373810963015E+026         309          98          68           4           1
   6.5587253386464903E+026         530          99          67           4           1
   1.8258057042025132E+026         531          99          67           4           1
   3.8476893515231587E+026         124         111          13           4           1
   2.1262944723534360E+026         123         111          13           4           1
   1.0506698406371901E+025         865         111          13           4           1
   3.3233994274821697E+025         865         110          14           4           1
   1.5661330609096791E+026          14          19           3           4           1
   2.2185663979890328E+026          14          18           4           4           1
   4.3996074044721377E+026         445          19           3           4           1
   5.2104595646713166E+025         445          20           4           4           1
   2.6908169191275898E+025         928          19           3           4           1
   4.0939146946685257E+026         928          18           4           4           1
   3.0930553174408667E+026        1072          19           3           4           1
   1.7452529236589178E+027        1072          20           4           4           1
   1.9317641244415105E+026         337         129          77           4           1
   2.2742034814428046E+026         337         130          78           4           1
   7.2660222888487041E+025         577         129          77           4           1
   9.6726809996776776E+026         577         128          78           4           1
   2.9988752622681644E+025         609         129          77           4           1
   4.2715804810637276E+026         609         128          78           4           1
   871927625863145.12                1          77          89           4           1
   1331123125637299.0                1          76          90           4           1
   1.2757417143264765E+026         614          77          89           4           1
   1.4705296137521920E+025         614          78          88           4           1
   6.1483252235327031E+026           7         135          17           4           1
   3.5777878277463260E+026           7         136          18           4           1
   2.1235589371874582E+026          63         135          17           4           1
   2.9984431525343710E+025          63         134          18           4           1
   3.6747604589772006E+025         193         135          17           4           1
   3.7888162680591824E+026         193         134          16           4           1
   1.1648318781324830E+027         866         135          17           4           1
   8.8494673372387472E+026         866         134          16           4           1
   5.7768982782326413E+026         530          39          61           4           1
   4.0958651030610171E+026         530          40          60           4           1
   2.3001263174069027E+026         360         131          55           4           1
   1.7621274736371874E+026         802         131          55           4           1
   1.0406662536484890E+026         802         130          56           4           1
   1.6435976367788501E+025         879         131          55           4           1
   2.7724538001916585E+026         621         143          97           4           1
   2.5263323897250414E+026         621         142          96           4           1
   8.6648455024536393E+026        1028         143          97           4           1
   5.5995663241616424E+025        1028         142          98           4           1
   25340143222041068.                1          63          97           4           1
   692108086708679.50                1          64          98           4           1
   1.3144566962570644E+024          97          63          97           4           1
   4.5094502407679020E+026          97          62          98           4           1
   5.2523055070091872E+026         690          63          97           4           1
   7.3305891596149889E+026         690          64          96           4           1
   1.3353435457609865E+026         830          63          97           4           1
   1.5157437982859815E+026         830          64          96           4           1
   3.5802039218511757E+026          32          45          33           4           1
   2.8681522580729498E+024          32          46          32           4           1
   2.0798015386640130E+024         525          45          33           4           1
   5.2405058523237936E+026         525          44          32           4           1
   4.7140344627571992E+025         575          45          33           4           1
   2.5536589171299655E+026         575          46          34           4           1
   8.2301242199539299E+025         621          45          33           4           1
   4.9596343304253565E+026         621          46          32           4           1
   3.6744471692520729E+026         994          45          33           4           1
   8.2311807566797558E+025         994          44          32           4           1
   3.1639245091753807E+026         611          19          15           4           1
   6.1162294321000707E+026         611          18          16           4           1
   7.9847286060974769E+025         732          19          15           4           1
   4.3467723188474663E+025         732          18          14           4           1
   2.1015230175709399E+026         834          19          15           4           1
   3.2908998090375089E+026         834          20          16           4           1
   9.0794073375383931E+025        1101          19          15           4           1
   3.0527200742675804E+026        1101          20          16           4           1
   1.6978204736945291E+025          31         107          91           4           1
   8.2513028673319433E+025          31         108          92           4           1
   2.3549625203154601E+025         187         107          91           4           1
   1.2759295692899155E+027         187         108          92           4           1
   9.3971521987898800E+026         347         107          91           4           1
   9.0851414860346230E+026         347         106          90           4           1
   5.8237765597279919E+026         379         107          91           4           1
   1.6532437876862431E+026         379         108          92           4           1
   1.2729445415379247E+026         288         106          92           4           1
   8.8335290373345201E+026         288         107          91           4           1
   2.3889374686112207E+026         669          15          85           4           1
   2.7260651833039982E+026         669          14          84           4           1
   1.7748802050967433E+026        1109          15          85           4           1
   8.2671885985583008E+025        1109          14          84           4           1
   1.7688273969971888E+026         818          41          35           4           1
   3.5178605347851829E+026         818          40          36           4           1
   2.3451674086942177E+026         266          25          77           4           1
   2.1950539717249403E+026        1174           2          38           4           1
   1.9636214286700133E+026         690          25          77           4           1
   2.1907948138970847E+026         690          24          76           4           1
   3.2723042541745552E+025         937          25          77           4           1
   2.0039987162351244E+027         937          24          78           4           1
   9.0105623551579254E+025        1144          25          77           4           1
   1.2058338155716546E+027        1144          26          78           4           1
   2.3441848771626686E+026          54          63          99           4           1
   2.4311351675692399E+026          54          64          98           4           1
   4.1513684662523439E+025         143          63          99           4           1
   2.7589836011386629E+025         143          62          98           4           1
   2.0690388711282248E+026         293          63          99           4           1
   1.9788911953125185E+026         293          64          98           4           1
   3.4760476312053754E+025         457          63          99           4           1
   2.7008794553822728E+026         457          62          98           4           1
   1.9171877745264433E+026         774          63          99           4           1
   2.9888058792523156E+025         774          62         100           4           1
   2.2492799786162575E+026         920          63          99           4           1
   1.9236113474766347E+026         920          64         100           4           1
   3.6744326513371864E+026        1081          63          99           4           1
   4.1327840797164315E+025        1081          62          98           4           1
   8.1807267432349823E+025        1096          63          99           4           1
   7.6152437165332779E+025        1096          62          98           4           1
   4.2964088974005116E+026         200          51          63           4           1
   6.1828755664655024E+026         200          52          64           4           1
   1.3378744088818970E+026         303          51          63           4           1
   3.4191707996039517E+026         304          51          63           4           1
   3.9511666542985277E+026         442          51          63           4           1
   1.7384665200427335E+026         442          52          62           4           1
   4.3010883659216307E+024         255         129          53           4           1
   1.0036978021479943E+026         255         128          52           4           1
   4.5468098358474800E+026         542         129          53           4           1
   4.4619179017643586E+026         542         128          54           4           1
   7.2996045838567049E+026        1107         129          53           4           1
   2.0733162824443678E+026        1107         128          52           4           1
   4.1949055909661901E+026        1123         129          53           4           1
   4.2366791911730051E+026        1123         130          52           4           1
   1.9843163665815502E+026         293         115          87           4           1
   3.0306858887051725E+026         293         116          88           4           1
   5.8865172058765133E+025         521         115          87           4           1
   5.3044547581016984E+026         521         114          88           4           1
   6.5345861786861473E+026         665         115          87           4           1
   5.9883895711192449E+026         665         114          88           4           1
   9.1042137512304674E+026         730         115          87           4           1
   4.3379868668573852E+026         730         114          86           4           1
   3.4546409508485957E+026         768         115          87           4           1
   7.6519957843878237E+025         768         116          86           4           1
   1520159211241.9419                1          51          39           4           1
   3420449042350773.0                1          52          38           4           1
   6.7273757019079832E+026         277          51          39           4           1
   1.0484658702681853E+026         277          52          38           4           1
   2.4360696045434233E+025         689          51          39           4           1
   5.3811137583477289E+025         689          52          40           4           1
   1.7930950403987386E+026         720          51          39           4           1
   4.3736555664614466E+025         720          52          38           4           1
   4.7047110641441848E+026         989          51          39           4           1
   5.8529841642528257E+025         990          51          39           4           1
   8.5469519307594272E+025        1123          51          39           4           1
   3.9570779851628235E+026        1123          50          40           4           1
   1.6537695729393402E+026         829         145          47           4           1
   5.6540268499197374E+025         828         145          47           4           1
   6.5243182492256547E+025         117         141          23           4           1
   7.9660215947157025E+025         117         140          22           4           1
   1.0679921866957737E+026         757         141          23           4           1
   1.0562378783318710E+027         757         142          22           4           1
   2.6025189847464806E+026         994         141          23           4           1
   2.2586733213010765E+026         994         142          24           4           1
   6.8693077122751723E+026        1160         141          23           4           1
   4.2232148021232518E+024        1160         142          24           4           1
   2.1798770022571472E+025          84         115          11           4           1
   1.1386640202448071E+026          84         116          10           4           1
   2.3411930637553422E+026         555         115          11           4           1
   3.2416516175315280E+026         555         116          10           4           1
   2.8078570357427179E+026         340         133          73           4           1
   7.1044858314132865E+025         340         134          72           4           1
   3.3891490287376655E+026         554          71          19           4           1
   1.3393528881988701E+027         554          70          18           4           1
   3.6958366661072523E+025        1205          71          19           4           1
   2.5598747551163054E+026        1205          70          20           4           1
   3.4573568099866210E+026        1151          49           5           4           1
   1.3791158276684510E+026        1151          48           6           4           1
   2.9874831487893273E+026         219         143          51           4           1
   4.6750753229071271E+025         219         142          52           4           1
   1.8513443904895995E+026          27          17         101           4           1
   2.8441132568309379E+025         396          17         101           4           1
   2.2185632540486252E+026        1158          81          73           4           1
   2.4422002109486012E+027         534          17         101           4           1
   9.2695390293513674E+025        1113         102          24           4           1
   8.0762236352050458E+026        1233          17         101           4           1
   2.5328516985705796E+026        1233          18         102           4           1
   4.0082283742650404E+026         183          15          77           4           1
   3.9273775612330247E+026         183          16          78           4           1
   2.2982534693048719E+026         375          15          77           4           1
   3.5297019128215706E+025         375          14          76           4           1
   1.0914346170094180E+026        1064          15          77           4           1
   2.5817679870528468E+026         761          14          76           4           1
   5.0224608943884140E+026         259         149          93           4           1
   6.3072013189162855E+025         259         148          94           4           1
   5.4833198714686104E+026         353         149          93           4           1
   2.0109775978379033E+026         353         148          92           4           1
   1.1230775679791611E+025         693         149          93           4           1
   5.0293216213098165E+024         693         148          94           4           1
   4.8837931567437100E+025         823         149          93           4           1
   1.0640677448121509E+025         823         148          92           4           1
   1.6698624980923912E+026         979         149          93           4           1
   5.2218905540950097E+026         979         148          94           4           1
   3.8611021686649697E+026        1115         149          93           4           1
   1.2812963785980890E+026        1115         148          92           4           1
   6.3879950149749398E+025         132         125          75           4           1
   5.3219542374363989E+026         132         126          76           4           1
   1.5734738997005304E+027         352         125          75           4           1
   6.9328115361911168E+026         352         124          74           4           1
   5.5392053964251174E+026         651         126          80           4           1
   3.2670626872486150E+026         726         125          75           4           1
   2.3171448537463732E+026         403           1          69           4           1
   1.1185222292520557E+027         403           2          68           4           1
   1.0449645837121072E+026         493           1          69           4           1
   3.2162663336310865E+026         541         135          31           4           1
   2.5652529934988117E+026         541         136          32           4           1
   5.6197577902057053E+026         563         135          31           4           1
   4.2001585978948693E+025         563         134          32           4           1
   2.5808128183962308E+026        1215         135          31           4           1
   2.2914109945537948E+026        1215         136          32           4           1
   1.9567740316377724E+026        1237         135          31           4           1
   4.8561823448582241E+025        1237         134          30           4           1
   6.0954248123184466E+025         498          77          69           4           1
   2.4682944803025451E+025         498          76          70           4           1
   1.1887748321371571E+026         788          77          69           4           1
   5.2438811326243874E+025         788          78          68           4           1
   5.3671608942689944E+026         862          77          69           4           1
   7.0289422573992183E+026        1057          77          69           4           1
   5.1115155336601018E+026        1057          76          68           4           1
   3.7192474420026877E+026         435          75          19           4           1
   5.1837275323744293E+026         435          76          18           4           1
   8.5789382800275152E+025         692          75          19           4           1
   4.3872960845314754E+026         692          76          18           4           1
   2.5738670363556022E+026        1145          75          19           4           1
   1.2101065830237174E+026        1145          74          20           4           1
   2.6299088360441034E+026        1192          75          19           4           1
   6.0854074219452579E+025        1192          76          20           4           1
   3.4519265136645725E+025         247          91          85           4           1
   2.6267594120918757E+026         247          92          84           4           1
   5.3181698487033792E+026         348          91          85           4           1
   2.0613444490954450E+026         348          90          86           4           1
   1.1776342709482373E+026        1035          91          85           4           1
   3.6450315718695110E+026        1035          92          84           4           1
   4.1090957227327782E+026         853          67          67           4           1
   4.7636971482898429E+026         853          68          68           4           1
   5.2636216800375447E+026         941          67          67           4           1
   6.6155517712782070E+026         941          66          66           4           1
   9.7379608504683458E+026        1144          67          67           4           1
   4.9284836332114968E+026        1144          68          66           4           1
   9.3295698169072756E+025        1179          67          67           4           1
   5.3881584421046685E+025        1179          66          66           4           1
   3.5338086109710416E+025        1195          67          67           4           1
   1.5178455133760303E+026        1195          66          66           4           1
   2.6023642485140306E+026        1167          25           9           4           1
   2.8442950218199117E+026        1167          24          10           4           1
   2.0573170474732822E+026         295          19          21           4           1
   1.7664355354606155E+026         295          18          20           4           1
   1.7075674505161583E+026         542          19          21           4           1
   2.4835113204589979E+027         542          18          22           4           1
   1.1179623196096748E+027         388           1           7           4           1
   2.1312604615103179E+026         388           2           8           4           1
   1.7442831923086916E+026          98          51           3           4           1
   1.5168349480374784E+026          98          50           4           4           1
   9.0293311535792717E+024         755          61          19           4           1
   6.4496397724293088E+025         755          60          20           4           1
   6.7350337138466500E+026         909          61          19           4           1
   5.4040307890194110E+025         909          60          18           4           1
   1.2070067010959556E+026         965          61          19           4           1
   1.9034381799638745E+026         965          60          18           4           1
   2.9908670307520606E+026        1018          61          19           4           1
   8.1661165420751873E+025        1018          62          18           4           1
   1.5732655652728844E+026        1141          29         105           4           1
   9.6548485369850329E+026        1141          30         106           4           1
   2.9588634570541174E+026         471          83          23           4           1
   4.6063161924627109E+025         471          82          22           4           1
   7.6776604476394622E+025         615          83          23           4           1
   1.5360949692102644E+025         615          84          24           4           1
   9.0776835730955208E+025        1181          83          23           4           1
   1.2104508823878074E+026        1181          82          22           4           1
   3.2680779691884301E+025         248          73         105           4           1
   3.3505493033662960E+026         248          72         104           4           1
   5.0462048563917260E+026         666          73         105           4           1
   2.2220716265852517E+026         666          72         104           4           1
   1.3767875342799963E+026        1151          73         105           4           1
   5.3666108956666332E+026         109          69          19           4           1
   9.3296272171495112E+025         109          68          18           4           1
   5.9977462606942762E+026         125          69          19           4           1
   2.0381927510810016E+026         125          70          18           4           1
   8.6023448542017135E+026         709          69          19           4           1
   6.6846238443525824E+025         709          70          18           4           1
   1.6417530235708232E+026         794          69          19           4           1
   3.0436574156154841E+026         794          68          18           4           1
   4.7782653502760341E+026        1177          69          19           4           1
   1.8193464925744247E+026        1177          68          20           4           1
   6.1041332032640719E+026          31          96         108           4           1
   3.8750701326139074E+025          34         123          61           4           1
   1.5163372011753345E+026          34         124          60           4           1
   2.3043495196277136E+026         110         123          61           4           1
   6.5377430846077739E+026         109         123          61           4           1
   4.4721475955665260E+026         119         123          61           4           1
   3.1134463409676823E+026         119         124          62           4           1
   2.8706945797660958E+026        1130         123          61           4           1
   5.0109297143204146E+026        1129         123          61           4           1
   6.2150341357378297E+026        1156         123          61           4           1
   3.3745119255132548E+026        1156         122          62           4           1
   1.4088996999998281E+027         173          45           3           4           1
   2.2447316871633353E+026         173          46           2           4           1
   4.1681319371111948E+026         143         111          61           4           1
   6.5992343430758267E+026         143         110          62           4           1
   1.8050147855709359E+026         387         111          61           4           1
   1.2441047518630105E+025         386         111          61           4           1
   1.5029305690820933E+026         724         111          61           4           1
   7.3915133578036706E+025         724         112          60           4           1
   9.0431910409277461E+025         988         111          61           4           1
   7.9354462693970771E+025         988         112          60           4           1
   2.0094570112737182E+026         132          51           5           4           1
   3.6270486914781935E+025         132          52           4           4           1
   3.2662027287992768E+025         595          51           5           4           1
   6.3406984238063872E+026         595          50           6           4           1
   1.3560377542045047E+026         802          51           5           4           1
   9.4237397481084205E+025         802          50           4           4           1
   5.3457864841830721E+026        1185          51           5           4           1
   4.2868466071478810E+026        1185          50           6           4           1
   1.2242775163851603E+026         158          41          33           4           1
   3.0390685555643398E+025         158          42          34           4           1
   4.5640778720198080E+026         361          41          33           4           1
   3.0084219073013232E+026         361          42          32           4           1
   2.2190953541811476E+026         721          41          33           4           1
   1.1647277998691742E+026         721          40          32           4           1
   3.7296012303927310E+026        1095         145          85           4           1
   2.8570799702490817E+024         124          35          87           4           1
   1.0841383754717506E+026         123          35          87           4           1
   2.1860364270883699E+025         247          35          87           4           1
   2.2747078565147465E+026         246          35          87           4           1
   5.0828226647995532E+026         434          35          87           4           1
   6.6269650018752560E+026         434          34          86           4           1
   2.2311669938427041E+026         992          35          87           4           1
   4.7822028115763402E+026         992          36          86           4           1
   3.9483084442421970E+026          34          31          61           4           1
   3.7204228879252365E+026          34          30          62           4           1
   2.7406008797995996E+026         354          31          61           4           1
   6.2561838283281324E+026         354          32          62           4           1
   9.9901666515690559E+025         666          31          61           4           1
   3.4456978130468483E+026         666          30          62           4           1
   1.2653747106043774E+026         433           3          37           4           1
   4.0142171315883414E+025         433           4          38           4           1
   2.0569218539782277E+026        1105           3          37           4           1
   6.8170218336227249E+025        1105           4          36           4           1
   1.8396126065007046E+026         257          33           9           4           1
   3.5256617629608710E+026         256          33           9           4           1
   3.2489935804372967E+026         336          33           9           4           1
   1.6900945159690253E+025         336          34           8           4           1
   2.3501306502092699E+026         569          33           9           4           1
   2.2717449679946673E+026         569          34           8           4           1
   7.7632968563972231E+026         730          33           9           4           1
   3.6293749508858208E+026         880         144          26           4           1
   4.1372295440329753E+026        1017          33           9           4           1
   2.7476675607198519E+026        1017          34          10           4           1
   1.6486613439225637E+026         288          81          59           4           1
   5.6727955215672333E+025         288          80          60           4           1
   1.4025391908962162E+025         862          81          59           4           1
   1.2076267606287130E+026         862          82          60           4           1
   2.7514720938444311E+026        1129          81          59           4           1
   1.0009564160774944E+026        1128          81          59           4           1
   2.4962965342765059E+025        1205          81          59           4           1
   6.7578253879612093E+025        1205          80          60           4           1
   9.9661515937164257E+025         629          89          97           4           1
   1.5656474638506886E+026         629          88          96           4           1
   3.0622596948918399E+026        1229          89          97           4           1
   9.4236966192473452E+026        1229          88          96           4           1
   2.8602088685611880E+026         273         141          19           4           1
   7.0771433457531806E+026         273         142          18           4           1
   1.9009737686865426E+026         582         141          19           4           1
   4.6097393188911064E+026         582         142          20           4           1
   1.3661857259773620E+026         622         141          19           4           1
   1.1030629655742997E+026         622         142          18           4           1
   3.8427304149352055E+025         209          69          75           4           1
   4.9257843285291379E+025         209          70          74           4           1
   5.1723948071211886E+026         269          69          75           4           1
   3.3486917802344235E+026         269          68          74           4           1
   1.5182200287962917E+026        1020          69          75           4           1
   3.2883325270300887E+025        1059          69          75           4           1
   1.0534103884078579E+026        1059          70          76           4           1
   4.7402357786373676E+026        1124          69          75           4           1
   4.4254481629841746E+026        1124          70          74           4           1
   4.4051250602283880E+025         210          23          49           4           1
   6.1700765429420791E+026         209          23          49           4           1
   3.0793839535637767E+026         859          23          49           4           1
   1.3004980805458685E+024         859          24          50           4           1
   3.5128945074546969E+025         888          23          49           4           1
   5.0893510058023238E+026         888          22          50           4           1
   5.4593356799923514E+026        1126          23          49           4           1
   6.5205117743853392E+026         835          26          50           4           1
   3.2282705032584329E+026         449          55          79           4           1
   6.8349043862866243E+026         449          57          79           4           1
   2.7306575350159240E+026        1238          55          79           4           1
   5.7021854418621503E+026        1238          54          80           4           1
   7.4776366685570659E+026        1036          55          99           4           1
   6.2671826625622528E+026        1036          54         100           4           1
   1.0225839866720002E+026         160          51          21           4           1
   5.7167366252077668E+025         972         111          63           4           1
   5.0507403684616006E+026         972         112          64           4           1
   1.9383584429892004E+026        1123         111          63           4           1
   2.6104240700831865E+026        1123         110          64           4           1
   6.3899128640959474E+025         249         145          27           4           1
   6.1305916912747833E+024         249         144          28           4           1
   7.4041000348622518E+026         579         145          27           4           1
   6.7584136800886168E+026         579         146          26           4           1
   1.7855047588861441E+026         669         145          27           4           1
   9.2903631786731873E+025         669         146          28           4           1
   1.0457940526652712E+026         708         145          27           4           1
   3.7519398956173048E+025         708         146          26           4           1
   8.4524510669768852E+026         880         145          27           4           1
   2.8604530839905679E+026        1090          29           9           4           1
   7.1067688432252231E+026         659          32          10           4           1
   3.7618466790595538E+026         395         139          89           4           1
   3.2320307663205584E+026         395         140          88           4           1
   3.3342506615816259E+025         502         139          89           4           1
   4.7786903211021192E+026         488         136          86           4           1
   5.4695698308409661E+026         812         139          89           4           1
   3.3536675846699265E+025         812         140          88           4           1
   9.8837226593242279E+025        1096         139          89           4           1
   7.2655802302757157E+025        1096         138          90           4           1
   1.0599082142715560E+025        1212         139          89           4           1
   4.7504980231417600E+024        1212         140          90           4           1
   1.1637008024954469E+027         184         125          75           4           1
   9.9790885932878892E+026         184         124          74           4           1
   8.7639014873962006E+025         592         125          75           4           1
   1.4346708222631165E+025         592         124          74           4           1
   5.2344273892636850E+026         345          93          61           4           1
   7.3603016373018071E+026         344          93          61           4           1
   7.8529081556671865E+026         362          93          61           4           1
   1.7747749635661522E+026         362          92          62           4           1
   8.5240192630824863E+024         799          93          61           4           1
   4.4206857767065707E+026         799          94          60           4           1
   9.3883040445089726E+025         929          93          61           4           1
   7.6325872816370527E+026         233          61         105           4           1
   8.0811056317778621E+026         233          60         106           4           1
   7.1997129309273744E+025         247         109          35           4           1
   6.5198696406557705E+026         247         110          34           4           1
   4.2096586017930367E+025        1145         109          35           4           1
   8.9233059052443285E+025        1145         108          34           4           1
   2.7255397328142768E+026        1128         115          11           4           1
   1.5385671454073366E+025        1128         116          10           4           1
   1.0937884296181715E+026          92         143          21           4           1
   7.8095186410781494E+025          92         144          20           4           1
   6.7360564498310520E+025        1027         143          21           4           1
   2.1893074144445067E+025        1027         142          22           4           1
   7.2440453447092256E+026         548          53          71           4           1
   4.7080172852593170E+026         548          54          72           4           1
   7.5681583731703476E+026         814         147          81           4           1
   4.8447560928976793E+026         814         148          82           4           1
   2.6749347765889858E+026        1143         147          81           4           1
   7.1396805878369726E+025        1143         146          80           4           1
   8.2385043513385831E+025        1242         147          81           4           1
   3.1157766117378259E+026        1242         148          80           4           1
   1.2611825517560801E+026         210          81          69           4           1
   1.7428289770528101E+026         210          80          68           4           1
   4.0697477107119460E+026         330          27          65           4           1
   4.8728802023432764E+026         330          26          64           4           1
   9.7107023217360362E+024         486          27          65           4           1
   1.0299463707259886E+025         486          26          66           4           1
   1.0741494920581920E+026         217          27          65           4           1
   5.3088361677691574E+026         637          28          66           4           1
   3.7169461353846942E+026        1027          27          65           4           1
   7.9875518360871290E+025        1027          28          66           4           1
   6.6369732982883973E+026        1035          27          65           4           1
   1.8296174801600646E+024        1035          28          64           4           1
   2.3543582125031521E+026          33          58         108           4           1
   5.3873941583454656E+026         309           1          39           4           1
   7.2510605475423317E+026         309           2          38           4           1
   3.6035197844508386E+025         469           1          39           4           1
   5.5299302301552842E+026         469           2          40           4           1
   2.6799103322781853E+026        1174           1          39           4           1
   2.9068242388598000E+025         410          35         101           4           1
   4.2660708095701335E+026         410          36         100           4           1
   1.0184857804835540E+027        1155          35         101           4           1
   1.1876081916505993E+026        1159          35         101           4           1
   8.7710313884324398E+024        1159          36         102           4           1
   9.0182365206389888E+024         387           7          63           4           1
   6.1518614208318310E+026         732         105          61           4           1
   6.7850410895593434E+025         654           7          63           4           1
   5.2451476452787874E+026         654           8          62           4           1
   3.6511597921035123E+026         177         131          21           4           1
   1.2023618298421747E+026         177         130          20           4           1
   9.7274567713754768E+025         578         131          21           4           1
   3.0637600754211173E+025         578         132          20           4           1
   9.3657981562029905E+026         598         131          21           4           1
   2.3441554143150223E+026         598         130          22           4           1
   1.6325394056644277E+026         826         131          21           4           1
   5.4286441829224792E+026         825         131          21           4           1
   2.0533682536802910E+026         597          73          65           4           1
   2.4386918849919960E+026         597          72          64           4           1
   3.7518366631638381E+026         798          73          65           4           1
   5.8319524305080482E+026         797          73          65           4           1
   2.6032218877268526E+026         951          73          65           4           1
   5.3002840689957663E+025         951          74          66           4           1
   8.6285616431077966E+025         959         147          23           4           1
   3.5836347336011231E+025         959         148          24           4           1
   1.9389307492393251E+026        1148         147          23           4           1
   4.2429485901987909E+025        1148         146          24           4           1
   2.4043002676728064E+026        1184          45          13           4           1
   4.8052516116307783E+026        1184          46          14           4           1
   4.1605849894520449E+026          92          47          67           4           1
   2.2970050380983053E+026          92          46          66           4           1
   2.4435508241292112E+026         506          47          67           4           1
   1.8325337734992842E+026         506          46          66           4           1
   2.0908088880577695E+026         701          47          67           4           1
   1.6683758949619586E+026         512          46          64           4           1
   9.5233939990502122E+025         172          15          79           4           1
   2.4762981516104590E+026         172          16          80           4           1
   7.5411872739920040E+025         772          15          79           4           1
   4.0955513300204697E+025         772          17          79           4           1
   2.3113143375726534E+025         172          85          61           4           1
   9.1442068833783706E+026         172          86          60           4           1
   1.1232766969968318E+027         840          85          61           4           1
   3.6239577067463221E+025         840          86          60           4           1
   5.8839984474922432E+025        1019          85          61           4           1
   1.3574646392592139E+026         152          41          95           4           1
   2.8769217593578903E+026         152          40          96           4           1
   2.5011979504560656E+026         268          41          95           4           1
   3.1654538770841593E+026         642          41          95           4           1
   5.8487623878061456E+026         642          42          96           4           1
   4.3067599150512447E+025         596          55          27           4           1
   2.1657562428385120E+026         596          54          26           4           1
   1.8971296148249886E+024          44          29          25           4           1
   1.4445550527654324E+026          44          30          26           4           1
   2.4526042242865887E+026         467          29          25           4           1
   6.4325842840404275E+026        1091          29          25           4           1
   5.2029291377409917E+025        1091          30          24           4           1
   1.2290221366495664E+025         232          61          43           4           1
   1.3839646986577689E+027         232          60          42           4           1
   1.1201092524198964E+026         316          61          43           4           1
   1.7591603118032941E+026         316          60          44           4           1
   8.0012930589323710E+026         512          61          43           4           1
   3.1085363143023807E+024         512          62          44           4           1
   2.7760991301736126E+026         658          61          43           4           1
   8.0707985814574155E+025         658          62          42           4           1
   2.2014315487518572E+026         744          61          43           4           1
   8.4961875442837508E+026         744          60          42           4           1
   1.5043765569710538E+026         977          61          43           4           1
   1.6620914272818137E+026         977          62          42           4           1
   2.3101515485435514E+026        1125          61          43           4           1
   1.9768111323716283E+025        1125          60          44           4           1
   1.5377165293205001E+026        1229         121          81           4           1
   1.9385358346586868E+026        1229         120          80           4           1
   1.9723877006827119E+026         183         105          91           4           1
   5.1026885280399271E+026         183         106          92           4           1
   2.9373093340183783E+026         310         105          91           4           1
   6.8377952232901684E+026         310         106          92           4           1
   8.1875163230347448E+025         551         105          91           4           1
   2.8938014889160660E+026         924         105          91           4           1
   2.5350752697489491E+025         924         106          90           4           1
   6.3855397778840712E+026         100          67          39           4           1
   4.0427356837378283E+026         560          18          92           4           1
   5.4820133304188684E+025         337          67          39           4           1
   2.4074483219381529E+026         337          66          40           4           1
   8.4244520465751489E+025        1048          67          39           4           1
   9.9920043429837551E+025        1048          66          38           4           1
   9.6191886793297036E+026         592         107          35           4           1
   5.7965102327410798E+024         592         108          34           4           1
   7.2666502139354447E+026         819         107          35           4           1
   5.1186624255424875E+026         819         108          34           4           1
   1.0902053638285161E+026         924         107          35           4           1
   4.3590094779078519E+026         924         108          34           4           1
   7.3379827535109961E+025         538          30          52           4           1
   1.2494425257838675E+026         538          29          51           4           1
   2.9473114726926819E+026         966          29          51           4           1
   6.9004676409627232E+025         966          30          52           4           1
   2.0225894167389194E+026        1017          29          51           4           1
   4.9573814929949409E+026        1017          30          52           4           1
   1.8920419750772797E+025           6         101          63           4           1
   1.2563769888668947E+025           6         100          62           4           1
   9.7061780540190178E+026         177         101          63           4           1
   2.6946156864893134E+025         177         102          62           4           1
   8.8933018807991661E+025          10          19          17           4           1
   3.6927864675771792E+025          51          19          17           4           1
   6.1653511760069064E+026          51          20          16           4           1
   1.6221080544829615E+026         302          19          17           4           1
   1.9918488806448108E+026         302          20          16           4           1
   4.7489197390223726E+026         621          19          17           4           1
   1.0985569972719815E+026         621          18          18           4           1
   1.0764091825334603E+026        1101         127          67           4           1
   1.0666332756215553E+026        1101         126          68           4           1
   1.1832317140201703E+027         176          99          97           4           1
   2.6046136116896185E+026         176         100          98           4           1
   1.0261576840682926E+026        1039          99          97           4           1
   3.0667616070946718E+026         594         100         100           4           1
   7.0619149570114484E+025         622         143          99           4           1
   6.0190450306197312E+026         622         144          98           4           1
   1.7343646765645682E+026         851         143          99           4           1
   2.4571588195700536E+026         851         142         100           4           1
   3.6608463429545868E+026         286          69          57           4           1
   2.7033608295318759E+025         286          68          58           4           1
   5.4369126022171221E+025         633          69          57           4           1
   1.9879402338859351E+026         498         111          15           4           1
   9.4597990185749885E+025         498         110          16           4           1
   5.3190713882687004E+025          23         109         105           4           1
   6.4884989946162652E+025          23         108         104           4           1
   1.0361466876312379E+026          96         109         105           4           1
   8.4228866388441651E+024          96         108         106           4           1
   7.5315876613503025E+025         372         109         105           4           1
   2.3734980564856417E+026         372         108         104           4           1
   4.7205863699219114E+026         727         109         105           4           1
   5.7626811265934874E+024         727         110         104           4           1
   5.3083143077988050E+025         171          93          21           4           1
   4.8310900579133044E+026         171          92          22           4           1
   3.4706987247463488E+025         408          93          21           4           1
   3.9924667193555690E+026         408          94          20           4           1
   5.5848252644895408E+026         495          93          21           4           1
   9.9619178394192266E+025         160         139          75           4           1
   3.6234498901644633E+026         160         140          74           4           1
   3.7855449052621980E+026        1152         139          75           4           1
   4.5577923621446687E+026        1152         140          74           4           1
   2.0080157445373661E+026        1235         139          75           4           1
   3.8763477382458824E+026        1203         144          74           4           1
   2.4962301510094001E+026          36         146         108           4           1
   8.5954719317333424E+024         680          21          25           4           1
   3.9122426482742775E+026         680          22          24           4           1
   6.8119737126134772E+026         969          21          25           4           1
   1.3672950027728938E+026         969          22          24           4           1
   4.1248086218288157E+026        1103          21          25           4           1
   3.6239433204243801E+026        1103          22          24           4           1
   1.2864527733141372E+025         308         121          73           4           1
   3.5222578370993774E+026         308         120          74           4           1
   6.0034598287170142E+026         524         121          73           4           1
   5.6048823420641025E+026         523         121          73           4           1
   1.8608484092778237E+026         582         121          73           4           1
   1.6031403641070314E+026         582         122          74           4           1
   7.8884972182361857E+026         782         121          73           4           1
   3.6230582094813207E+026         782         122          74           4           1
   3.8409986926105290E+025        1132         121          73           4           1
   4.1040768926363680E+024        1132         122          72           4           1
   1.8036213444281726E+027        1134         121          73           4           1
   5.1377424069170357E+025         758         103          87           4           1
   9.7155592944723365E+026         758         105          87           4           1
   3.2951169528063643E+026         894         103          87           4           1
   1.5955038099644757E+026         894         104          86           4           1
   3.9744687295797178E+025         912         103          87           4           1
   3.2956849049963165E+026         827         100          84           4           1
   9.8644696970422062E+025         463         131          31           4           1
   1.9984530208259064E+026         463         132          32           4           1
   4.6691365100939268E+026        1102          75           7           4           1
   1.0771870406510745E+027        1102          74           8           4           1
   1.0828265571816017E+026         393         113          81           4           1
   6.9223369568590304E+025         393         114          80           4           1
   4.6032892415641287E+026         655         113          81           4           1
   1.2641852356535260E+026         655         114          80           4           1
   3.2278384366390443E+026         713         113          81           4           1
   1.4448672312362823E+025         713         112          80           4           1
   5.9891004981446685E+026          63          84         108           4           1
   8.4066998183531208E+025         119         131          93           4           1
   7.7680587866589398E+024         119         130          92           4           1
   1.3591761068039394E+027         269         131          93           4           1
   2.4182065962846098E+026         269         130          92           4           1
   3.8049875094968003E+026         553         131          93           4           1
   8.0876192231564739E+026         553         130          92           4           1
   3.6863583277973933E+026        1113         131          93           4           1
   4.9840021605138105E+026        1113         131          91           4           1
   9.1586904809804076E+026         267          75          63           4           1
   1.9610413019592577E+026         267          74          62           4           1
   1.1522688209703865E+026         423          75          63           4           1
   3.9785628879097802E+026         423          76          62           4           1
   2.5179578930559134E+024         625          75          63           4           1
   2.9529231538751612E+026         625          74          62           4           1
   2.7919933426726074E+026         674          75          63           4           1
   3.4741241217389218E+026         674          74          62           4           1
   1.8095348739021261E+026         723          75          63           4           1
   2.3882359262560021E+026         723          76          62           4           1
   4.7958106190532172E+026         219          29         103           4           1
   9.4211640381156149E+026         858          13          97           4           1
   1.1944952067382254E+026         858          14          96           4           1
   6.5207344587847771E+026         980          13          97           4           1
   6.1593093854785500E+025         980          12          96           4           1
   2.9495118677059521E+026        1055          13          97           4           1
   7.0576984186056633E+025        1169          22          40           4           1
   7.8895937317475891E+025         341          55          91           4           1
   2.6659007156980329E+025         341          56          90           4           1
   6.2815225029149158E+024         489          55          91           4           1
   4.1878884743219668E+026         489          56          90           4           1
   1.1471741498840548E+026         981          55          91           4           1
   3.0226439808405182E+026         981          54          90           4           1
   8.9032538284188062E+025        1006          55          91           4           1
   3.0984955826492553E+026        1006          56          90           4           1
   1.5804789664260494E+026        1063          55          91           4           1
   2.2438856747932926E+025        1063          54          92           4           1
   4.6773799829325486E+026          10          15          63           4           1
   3.0943322213813352E+026        1118          15          63           4           1
   3.9732333542520532E+026        1118          16          62           4           1
   1.6215013877161922E+026         348           9          87           4           1
   3.0330656077133714E+025         348          10          86           4           1
   9.3259105926137005E+026         591           9          87           4           1
   1.6123594226251816E+026         591          10          88           4           1
   8.3870752352530205E+025        1061           9          87           4           1
   3.2688626475520506E+026        1061           8          86           4           1
   1.6823530197057396E+026           4          83          39           4           1
   2.3438958341742827E+026           4          84          40           4           1
   1.1966977387388396E+027         312          83          39           4           1
   7.7917814370781271E+025         312          82          38           4           1
   2.3808336950831158E+026         414          83          39           4           1
   2.0053009380304629E+026         414          82          40           4           1
   3.4010824332662763E+025         628          83          39           4           1
   8.5772823238408133E+025         628          82          38           4           1
   3.6441253527196150E+026         656          83          39           4           1
   2.3397704014852327E+026         656          82          40           4           1
   2.7780219511088244E+026         946          83          39           4           1
   2.9951627240068649E+026         946          82          38           4           1
   4.0901314295832990E+026        1016          83          39           4           1
   4.1239162664594076E+025        1016          82          38           4           1
   2.5020824063755796E+025         263          11          23           4           1
   4.1113090575938979E+025         263          10          24           4           1
   2.5136698997281308E+024         591          11          23           4           1
   3.3792339580679457E+026         591          12          24           4           1
   1.3200908642663371E+026         203          15         103           4           1
   2.5291769271838822E+026         203          14         104           4           1
   9.5039164861695634E+025         757          15         103           4           1
   5.1564663616995691E+025         757          14         102           4           1
   2.6857923895758344E+025         440         145          91           4           1
   1.1216426625619385E+026         440         146          90           4           1
   2.8336691840559414E+025         541         145          91           4           1
   3.6818511155340402E+026         541         144          90           4           1
   5.1731059739390967E+025         603         145          91           4           1
   4.5606902285750977E+025         603         145          89           4           1
   2.1167168524591238E+026         817         145          91           4           1
   1.6503802808691144E+025         817         146          92           4           1
   3.2199680198457181E+025         880         145          91           4           1
   7.2250019952178263E+025         880         144          92           4           1
   5.8762102994725741E+026         489         107           3           4           1
   2.9624874650989433E+026         489         106           4           4           1
   2.3155348769535157E+026        1033         107           3           4           1
   6.3469193429923397E+025        1033         106           4           4           1
   6.7681186224083038E+025         513           7          47           4           1
   3.8334549601021576E+026         513           6          48           4           1
   2.0512525435872411E+025         705           7          47           4           1
   3.3976736975145628E+025         705           6          48           4           1
   1.1131420859469692E+027        1071           7          47           4           1
   1.0658468850964852E+026        1070           7          47           4           1
   1.7699774607640551E+026         697          77          47           4           1
   3.2061456289524242E+026         697          78          46           4           1
   2.9604033245965382E+026         778         105          95           4           1
   1.7556160666997760E+026         778         106          96           4           1
   5.4377527867779698E+025         855         105          95           4           1
   3.6168048431230841E+026         855         104          96           4           1
   7.1394094475659994E+026          85         139          25           4           1
   2.5372177291544065E+026          85         138          26           4           1
   1.2663808561469274E+025         669         139          25           4           1
   5.7161670536034270E+025         669         140          26           4           1
   5.5640034001409244E+026         999         139          25           4           1
   2.3979251968806481E+026         999         138          24           4           1
   2.9295822163303996E+026         445         101          57           4           1
   1.9484645872751302E+026         445         102          56           4           1
   9.3989438565152185E+025        1243         101          57           4           1
   4.3831890407175164E+026        1243         102          56           4           1
   2.2088873812039534E+026         370         117           9           4           1
   9.7189665482070770E+026         370         118          10           4           1
   6.4125917841395557E+026         391         117           9           4           1
   2.9025710167906574E+026         391         115           9           4           1
   4.2447893196476324E+026         931         117           9           4           1
   1.9669689738274057E+026         931         118           8           4           1
   4.5378348113267209E+026        1040         117           9           4           1
   3.6501337344274915E+026        1040         118           8           4           1
   1.0610622963946069E+026        1131         117           9           4           1
   1.9448158435254860E+025        1131         115           9           4           1
   6.8142478106110900E+026        1172         117           9           4           1
   1.5435854258001607E+026          89          47          79           4           1
   4.7590275117807612E+024          89          48          78           4           1
   2.8125757989107825E+026         244          47          79           4           1
   1.7877884617930195E+026         244          46          80           4           1
   5.1480134193495600E+026         326          47          79           4           1
   8.7888495168502998E+025         326          46          78           4           1
   5.2499303811691133E+026         693          47          79           4           1
   1.1807650118398156E+024         693          46          80           4           1
   3.2105400325326749E+026         803          47          79           4           1
   1.5929979175940755E+026         803          48          78           4           1
   1.2777823405215595E+026        1047          47          79           4           1
   1.3602349508488709E+026        1047          46          80           4           1
   3.1204450485882049E+026        1120          47          79           4           1
   4.8127588260102008E+025        1120          46          78           4           1
   2.7666113164894351E+025        1238          47          79           4           1
   8.2010181495676730E+026        1238          46          80           4           1
   6.8391648309223156E+025           9          32         108           4           1
   8.0819202586649516E+025         565          75          85           4           1
   2.4745325514598746E+026         565          74          86           4           1
   2.8426893848439999E+026         643          75          85           4           1
   3.3199096968205562E+026         643          74          86           4           1
   1.0511406681130329E+026        1006          75          85           4           1
   3.0785318991704708E+026        1006          74          84           4           1
   1.9909695115513670E+025          18          31           7           4           1
   3.7388881051418775E+026          18          32           6           4           1
   2.7328914876850555E+025         514          31           7           4           1
   5.5704825509170543E+026         514          30           8           4           1
   9.7903482762612231E+025         579          31           7           4           1
   2.8157661975861947E+024         577          28           4           4           1
   1.5091303335629085E+026         260          17          45           4           1
   9.7927655334306083E+024         260          18          46           4           1
   2.8104196540962190E+026         498          17          45           4           1
   3.2171079894683680E+026         498          16          46           4           1
   4.0099386728637344E+026         799          17          45           4           1
   2.8164945494349655E+026         799          18          44           4           1
   7.5159082596868558E+026        1012          17          45           4           1
   1.7824684122663797E+026        1012          18          46           4           1
   8.9979433976567813E+024        1043          17          45           4           1
   1.5652623649066914E+026        1043          18          44           4           1
   2.6926008982555942E+026         112          27          65           4           1
   9.7015822207470588E+025         112          26          66           4           1
   6.6323312484802387E+026         216          27          65           4           1
   4.1510254423704631E+026         404          37          79           4           1
   3.3528937587928513E+024         404          38          80           4           1
   6.8880413446989886E+026          36          59          47           4           1
   1.6388769739054510E+025          36          60          46           4           1
   4.6134641497778173E+025          38          59          47           4           1
   1.8009441321918072E+025          38          60          48           4           1
   5.7308195505675130E+026         138          59          47           4           1
   1.8093552431431323E+026         882          59          47           4           1
   3.0374654127397708E+026         882          60          46           4           1
   1.2449669554932070E+026        1018          59          47           4           1
   8.7829575502583045E+026        1018          60          46           4           1
   6.6267840995078270E+025        1067          59          47           4           1
   2.9232585353890692E+026        1067          58          46           4           1
   1.6283280360848423E+026           7         107          49           4           1
   2.1311594807329127E+026           7         106          50           4           1
   9.0164216439583927E+026         206         107          49           4           1
   6.9367969197807413E+026         206         105          49           4           1
   6.7227400975207006E+024         429         107          49           4           1
   2.0084793947306182E+026         429         106          48           4           1
   5.6623867939401628E+026         557          83          69           4           1
   5.1107751655871372E+026         557          82          70           4           1
   4.8314384006017485E+026        1120          83          69           4           1
   5.4101658037706553E+025        1120          82          70           4           1
   1.3058149029086156E+026         143          21          25           4           1
   1.8599181493497974E+026         143          22          24           4           1
   4.8286492671891210E+026         723         149          57           4           1
   2.0072691907412713E+025         723         148          58           4           1
   1.3701651892831204E+026        1118         149          57           4           1
   1.8148477820225789E+026         427          37          25           4           1
   4.7032206795121577E+026         427          38          24           4           1
   6.6328060299404696E+025         548          37          25           4           1
   1.9658774162629038E+026         548          36          24           4           1
   2.4954000274976572E+024         622          37          25           4           1
   1.5091970309527111E+026         622          38          24           4           1
   2.8358550491525088E+026         851          37          25           4           1
   1.3524359479605332E+026         851          38          26           4           1
   6.1573430192719652E+026         915          37          25           4           1
   2.1972414122903251E+026         915          38          24           4           1
   8.3348253818450384E+025          75          67          53           4           1
   3.9016345182507110E+025          75          68          52           4           1
   2.7042095301626810E+025         547          68          52           4           1
   2.9498484585982786E+025         547          67          53           4           1
   2.4395695207469714E+026        1212          67          53           4           1
   5.2617944778847780E+024        1212          68          54           4           1
   4.3934489721264067E+026         348         113          15           4           1
   7.1662719587130944E+025         348         112          16           4           1
   1.7407838488649712E+026         648         113          15           4           1
   3.4508995940569118E+025         648         112          16           4           1
   3.5909210144202342E+026        1145         113          15           4           1
   7.1994583609373927E+026        1145         112          16           4           1
   1.8837979546270691E+026         911          93          71           4           1
   7.6592106074338626E+025         911          92          72           4           1
   1.0620456475105456E+026         429          87          71           4           1
   3.6551820530094143E+026         521          87          71           4           1
   9.4625164855608255E+026         521          86          72           4           1
   1.8460623500519844E+026         639          87          71           4           1
   5.1239820785497936E+025         638          87          71           4           1
   4.8110765348614597E+026        1035          87          71           4           1
   1.3529603239035067E+026        1035          88          70           4           1
   7.7454739681221512E+026        1094          87          71           4           1
   8.8259728985296860E+026        1094          88          70           4           1
   2.9079194613068148E+026        1032          97          55           4           1
   5.3991110685462740E+026        1032          98          56           4           1
   3.5905302317155553E+026        1116          98          54           4           1
   2.0517496007299699E+025        1122          96          56           4           1
   1.4278566968450306E+027         714         137          93           4           1
   1.5013116858613764E+026         714         136          92           4           1
   9.5484633245607995E+025         986         137          93           4           1
   8.9217970315498063E+026         986         138          94           4           1
   2.3934396438193965E+026         278          99          67           4           1
   4.4031679573981916E+026         235         149          35           4           1
   2.3775260090759474E+026         235         148          34           4           1
   1.4159330253265053E+026         353         149          35           4           1
   7.0250973574817248E+026         353         148          34           4           1
   8.2529389952480346E+025         512          45          63           4           1
   5.2556555047891745E+025         819          33          35           4           1
   1.0716464824453721E+026         819          34          36           4           1
   7.3431449834478677E+026        1099          33          35           4           1
   1.5864724613776567E+026        1099          34          34           4           1
   1.4277171591033613E+026         180         145          55           4           1
   1.3146925200696348E+027         180         144          54           4           1
   2.2737722078065673E+026         984         145          55           4           1
   1.3212428997758892E+026         984         144          54           4           1
   2.1386051204178606E+026        1053         145          55           4           1
   1.8486834617036959E+026         861         114          56           4           1
   1.4667089133583888E+026         261          21          49           4           1
   2.0310289150201740E+025         316          21          49           4           1
   1.2785124150010765E+026         316          20          50           4           1
   9.5727618875671504E+025         450          21          49           4           1
   7.0316656732416776E+026         450          20          48           4           1
   1.6883581763543193E+025         395          27          61           4           1
   2.7651575018789009E+026         395          26          60           4           1
   3.4262492251537015E+025        1108          27          61           4           1
   2.8236742824709135E+026        1108          28          62           4           1
   5.1239228130893878E+026        1202          27          61           4           1
   3.1913985809341879E+026        1202          26          60           4           1
   5.7344843626689648E+026          19          93           5           4           1
   3.3708301214769195E+026          19          94           4           4           1
   7.1358251081815613E+025         998          93           5           4           1
   6.9552432764804707E+026        1120         131           7           4           1
   5.2428120250587502E+026        1120         130           8           4           1
   3.1594566393279155E+025         148          87          85           4           1
   8.0487082512285507E+026         148          86          86           4           1
   6.2523014505314896E+026         294          87          85           4           1
   2.1389034906871572E+026         294          86          86           4           1
   9.7731731417154799E+026         469          87          85           4           1
   3.8591627744028683E+025         469          88          84           4           1
   6.9949375988639256E+026         635          87          85           4           1
   7.9716314124892174E+026         635          86          86           4           1
   5.0640519820529998E+025        1062          87          85           4           1
   9.1615734426509814E+026        1062          88          86           4           1
   9.8344621972784633E+025         253          71          37           4           1
   3.9078897467212433E+026         863          71          37           4           1
   1.1472804859348789E+027         863          70          38           4           1
   1.7717790409811103E+026         128          79           9           4           1
   4.8860133972495154E+026         112          79           7           4           1
   7.3808758011187508E+025         385          79           9           4           1
   1.7857867157281780E+026         385          78          10           4           1
   3.6894270257399858E+026         430          79           9           4           1
   1.9538250027783873E+026         430          78          10           4           1
   1.1249616964246806E+026         856          79           9           4           1
   4.2819377084932415E+025         856          80          10           4           1
   3.0576832307065973E+025         937          79           9           4           1
   1.1970383543236479E+026         936          79           9           4           1
   1.5023096493586846E+026         349          45          49           4           1
   1.5217757107680802E+025         349          46          50           4           1
   9.8874303477780847E+024          81          46          50           4           1
   4.3064065988111759E+026         918          45          49           4           1
   8.4031830178636091E+024        1091         127          59           4           1
   2.3314210528059210E+026        1091         128          58           4           1
   4.8646392950875242E+026         120         117         101           4           1
   3.2518399297344564E+026         120         118         102           4           1
   5.0244805972663010E+026         236         117         101           4           1
   1.0082615687376927E+025         236         116         102           4           1
   1.5582674670687455E+025        1126         117         101           4           1
   4.1191295312932433E+026        1125         117         101           4           1
   6.8614830595150090E+025         339          33          25           4           1
   1.9449009455286960E+027         339          32          26           4           1
   1.4003709621045328E+026         751          33          25           4           1
   2.9083243384842302E+026         751          34          24           4           1
   8.9770279105062637E+024           2         115          49           4           1
   5.3958778413700973E+025           2         116          48           4           1
   4.1214446911136398E+026         859         115          49           4           1
   1.7096373681310530E+026         859         116          50           4           1
   5.2718445102418435E+026        1142         115          49           4           1
   1.4915754380361850E+026        1142         114          50           4           1
   8.5343127208172479E+025        1156         115          49           4           1
   2.5353045020621693E+026        1155         115          49           4           1
   1.3773972152912759E+026         448         137          87           4           1
   9.7140070999697951E+026        1016         138          46           4           1
   1.8917134669230571E+027         488         137          87           4           1
   5.2155867693682267E+026         811         137          87           4           1
   1.2874364497258571E+026         811         138          86           4           1
   2.3526561320486136E+026        1158         137          87           4           1
   9.2560995478360454E+026        1157         137          87           4           1
   8.9165836550082626E+026         279         110          54           4           1
   1.9843746621333553E+026         370         111          53           4           1
   1.8633685340912388E+026         762         111          53           4           1
   1.8757788929554921E+026         762         110          52           4           1
   1.1180296505486970E+027          24         137          51           4           1
   1.7362243570142806E+026          24         136          50           4           1
   1.2427884747407005E+026         270         137          51           4           1
   1.6697696350107720E+025         270         138          52           4           1
   3.5444046057196808E+026         400         137          51           4           1
   5.3353535689988938E+023         920         137          51           4           1
   4.6933210699159504E+025         920         138          52           4           1
   9583937160427188.0                1          69          19           4           1
   49796105372695512.                1          70          20           4           1
   1.5178223032311312E+026         688          69          19           4           1
   7.3343573085615021E+026         688          68          18           4           1
   1.6754465395539404E+026         775          69          19           4           1
   2.9936256199644362E+025         775          70          20           4           1
   1.9401588221575489E+026         312          85          13           4           1
   5.8730341097881770E+026         312          86          14           4           1
   2.7219476888044436E+026         470          85          13           4           1
   3.9593834752504630E+026         470          86          12           4           1
   1.2102553176664799E+026         505          87          27           4           1
   8.7562621985034474E+025         505          88          26           4           1
   1.9978790964359767E+026         568          87          27           4           1
   1.8525340360943339E+026         568          88          28           4           1
   1.3910470442712149E+026        1099          87          27           4           1
   2.3928643948065122E+026        1099          88          28           4           1
   4.1152916677552389E+026         543         145          65           4           1
   1.7693086528051601E+024         543         144          64           4           1
   2.4667362737870729E+026        1040         145          65           4           1
   4.0637955367366692E+026        1040         144          66           4           1
   3.0558664354046686E+026         270          49          51           4           1
   2.4777193837448109E+026         270          50          52           4           1
   1.0009616665953887E+027         277          49          51           4           1
   1.7243245629845294E+026         277          48          50           4           1
   1.8047362342366183E+027         417          49          51           4           1
   3.4828480637680781E+026         417          48          52           4           1
   5.1645146982370573E+026         421          49          51           4           1
   5.9377227040247548E+026         421          50          52           4           1
   5.8694563829480130E+026        1109          49          51           4           1
   3.8388350783999569E+026        1109          50          52           4           1
   3.2887597583381162E+026        1241          49          51           4           1
   6.7033597529277416E+026        1241          50          50           4           1
   2.4483138800455161E+026        1071         125          35           4           1
   3.3713284130888667E+025        1071         126          36           4           1
   1.4704242638171667E+026        1221         125          35           4           1
   1.2640573915731033E+026        1221         124          34           4           1
   1.1909342961584330E+027         305          11         101           4           1
   8.8437888755080315E+026         305          12         102           4           1
   4.5253502701205075E+026          60          35          45           4           1
   2.8859777694418307E+026          60          34          44           4           1
   1.2594818633223019E+026         472          35          45           4           1
   3.4550191058007873E+026        1185          35          45           4           1
   1.7538186274291110E+026        1185          34          46           4           1
   1.6817545265833362E+026         747          35          75           4           1
   8.9623445033494132E+025         747          34          76           4           1
   1.0414183977084789E+026         468          11          69           4           1
   3.5961222193625991E+025         468          12          70           4           1
   3.5171926981990869E+026         688          11          69           4           1
   5.6118940653277108E+025         688          12          70           4           1
   8.5193853621447803E+025         124         109          73           4           1
   3.6515685282536045E+026         123         109          73           4           1
   9.4861554760166729E+025         578         109          73           4           1
   5.4565082811364567E+026         578         108          72           4           1
   9.4930544417969362E+026         764         109          73           4           1
   1.9173252088692384E+026         764         110          72           4           1
   8.0924122690550341E+025        1108         109          73           4           1
   7.3197815119072246E+026        1108         110          74           4           1
   2.5538174856836149E+026          72          83          35           4           1
   8.0616053907429872E+026          72          82          34           4           1
   2.2573537684456944E+026          96         139           9           4           1
   2.2198379976155815E+026          96         138          10           4           1
   1.0468108825595787E+026         270         139           9           4           1
   2.9480906829185435E+026         270         140          10           4           1
   3.2597144154195990E+025         290         139           9           4           1
   1.4315546586847665E+026         290         140          10           4           1
   9.8355217063142151E+025          24          83          65           4           1
   4.5500153034319249E+026          24          82          66           4           1
   2.2241216559051935E+026         226          83          65           4           1
   1.1261150762113550E+026         226          82          66           4           1
   1.7877681898251709E+026         379          83          65           4           1
   5.5120962465766348E+024         379          82          66           4           1
   4.9335138810493639E+025         460          83          65           4           1
   4.2816808503578631E+026         460          82          66           4           1
   1.3512691672740376E+026         599          83          65           4           1
   1.3452752772416588E+026         599          82          64           4           1
   4.4239795533266707E+025        1225          83          65           4           1
   8.1669793859618166E+026        1225          82          64           4           1
   1.4177678655137948E+026         118          27          21           4           1
   5.3174814750966683E+025         118          28          20           4           1
   3.2607519740641936E+025         677          27          21           4           1
   6.7205896286783852E+026         677          25          21           4           1
   2.2386954444181831E+025         824          27          21           4           1
   6.2310044155335097E+025         462          25          51           4           1
   3.5401253080509918E+026         462          26          50           4           1
   7.5210775590948693E+026         566          25          51           4           1
   2.4130074148251263E+026         632          25          51           4           1
   3.6426630204668721E+026         631          25          51           4           1
   1.4063546883659009E+027         835          25          51           4           1
   4.3796133389725242E+026         249         103          15           4           1
   6.7894274790539885E+026          37         102          16           4           1
   2.1591155998677073E+026         306         103          15           4           1
   2.7103913278651562E+025         305         103          15           4           1
   2.2214174818517214E+026         521         103          15           4           1
   2.5269116719968510E+026         521         102          16           4           1
   1.9144999525483771E+027         987         103          15           4           1
   3.6948617656414749E+025         567          69          31           4           1
   6.4926992750007117E+025         567          70          32           4           1
   3.1061727916980348E+026         707          69          31           4           1
   5.2531494571237653E+026         707          70          30           4           1
   7.8061369706629262E+026         817          69          31           4           1
   2.9980341607466912E+026         817          68          30           4           1
   3.2025278917009773E+026        1177          69          31           4           1
   4.6152441486144644E+026        1177          68          32           4           1
   4.4618956434955783E+026        1197          69          31           4           1
   1.6225488775739499E+027        1197          70          30           4           1
   6.5072411750609280E+025         322          41           9           4           1
   2.2770108665628023E+026         189          42           2           4           1
   1.5566388834716248E+026         901          41           9           4           1
   2.9409095111022184E+026         901          40          10           4           1
   1.9999673371723289E+026        1018          41           9           4           1
   4.2309748330542707E+026        1017          41           9           4           1
   1.0307907186553461E+027          56         133          83           4           1
   2.8827681373477330E+026          56         132          82           4           1
   1.0347837790297714E+026          84         133          83           4           1
   3.2736687567498025E+026          84         134          82           4           1
   1.5742008115956327E+026        1027         133          83           4           1
   8.3193879718204827E+026        1027         134          84           4           1
   3.8813377429576643E+026         199          91          67           4           1
   1.3248538733496731E+027         199          92          68           4           1
   2.0342481245692921E+026         246          91          67           4           1
   3.5976337877910114E+025         246          92          68           4           1
   7.3996826308410644E+025        1157          91          67           4           1
   1.3663436019463363E+026         342          17          65           4           1
   9.2944058092257859E+024         342          16          66           4           1
   6.5689337729676908E+026        1118          17          65           4           1
   9.4896474024055630E+025         370          79          39           4           1
   7.7049356891972372E+026         532          79          39           4           1
   6.5769209931610718E+026         532          78          38           4           1
   1.6679247953682914E+026         580          79          39           4           1
   4.7503898350918026E+026         580          80          40           4           1
   1.1718712775476287E+026          59          43          35           4           1
   1.0816260842094344E+026          59          42          36           4           1
   8.9684223496809026E+025         634          43          35           4           1
   1.4940912758113363E+024         634          42          36           4           1
   6.4928810801750123E+025         882          43          35           4           1
   2.9056870465441072E+026         882          44          34           4           1
   6.1853992416124852E+026         115          17          81           4           1
   3.2898449263784437E+026         114          17          81           4           1
   2.4001749080516934E+026        1242          17          81           4           1
   8.4512954845808219E+025        1242          16          80           4           1
   3.3183125246919690E+025        1004          97          85           4           1
   6.2924702869780321E+026        1003          97          85           4           1
   7.3684767991320249E+025         268          95          95           4           1
   5.7231347259853439E+025         268          96          96           4           1
   3.0916002189580111E+026         749          95          95           4           1
   1.8962756530935478E+027         657          96          96           4           1
   3.1009839021385562E+026         836          93          33           4           1
   7.1145176870791847E+026         836          94          32           4           1
   3.5462370080296338E+026        1197          93          33           4           1
   1.0136522705139552E+027        1197          94          34           4           1
   1.2313396060384368E+025         519          63          27           4           1
   1.2051261065477399E+026        1232           4         102           4           1
   2.5516352893433350E+026         201          45          75           4           1
   3.9154847151425840E+025         201          46          76           4           1
   1.8737332814107311E+026         939          45          75           4           1
   1.8049228966604615E+026         939          46          76           4           1
   4.2498300790111057E+026          54         143          75           4           1
   4.5220039796208202E+026          54         142          74           4           1
   4.1282136373817500E+026         231         143          75           4           1
   7.2323088243068835E+025         231         144          76           4           1
   3.6918550632104181E+026         278         143          75           4           1
   3.8639962656714554E+025         278         142          76           4           1
   8.9825901658594448E+026         373         143          75           4           1
   9.6910719334082663E+026         373         142          74           4           1
   3.0923106251918413E+026        1096         143          75           4           1
   6.9376943004484217E+025        1096         142          76           4           1
   4.5293871632028708E+026        1203         143          75           4           1
   4.2418135803409322E+026         632          17          45           4           1
   7.1183232441266746E+025         632          18          44           4           1
   8.5195870138738310E+025         608          25          57           4           1
   4.2497733686676960E+026         608          26          56           4           1
   3.4467224101268922E+026        1004          25          57           4           1
   8.9590365662979700E+026        1004          24          58           4           1
   1.5485677941923740E+027         116         139          91           4           1
   4.9172832873483322E+026         116         140          92           4           1
   1.0075147898833814E+025         538         139          91           4           1
   3.0594956164741487E+025         538         138          90           4           1
   3.3080236217305659E+025         562         139          91           4           1
   2.4801968570423288E+025         561         139          91           4           1
   1.0042743532901154E+027         981         139          91           4           1
   5.1075943825732421E+026         981         140          90           4           1
   1.6854158666393282E+026        1222         139          91           4           1
   1.7519266140591729E+026        1221         139          91           4           1
   9.3775252534420508E+026         334         119          33           4           1
   4.2524546696117786E+026         334         118          32           4           1
   2.0153574602276203E+026        1068         119          33           4           1
   2.8228957037859653E+026        1068         120          34           4           1
   6.4617088476819974E+026         362         137          47           4           1
   1.3311426847198098E+026         362         138          48           4           1
   9.2496824436715092E+025         477         137          47           4           1
   1.5226637149709534E+026         477         138          46           4           1
   8.6395213270165792E+024        1057         135          83           4           1
   2.6262455660015868E+025        1057         134          84           4           1
   1.2199355554416220E+025        1199          60          60           4           1
   5.6913354081298159E+026         261         106         102           4           1
   1.7410217185303323E+025          26          79         105           4           1
   1.1015224151054433E+026          26          80         104           4           1
   3.4802242871627429E+026         243          79         105           4           1
   2.3580621660842564E+026         243          78         104           4           1
   1.4016522796672427E+025        1103          79         105           4           1
   3.5120096992052428E+026        1103          80         104           4           1
   1.0320305962824689E+027         359         141          41           4           1
   1.7283559839896577E+024         359         140          40           4           1
   1.1533077265210821E+021         475         141          41           4           1
   1.5675853195102587E+026         475         140          40           4           1
   5.5079482205046831E+026         491         141          41           4           1
   9.1923684060774111E+024         491         140          42           4           1
   2.2644130417354711E+026         873         141          41           4           1
   1.4152251581509084E+026         873         142          42           4           1
   2.2996615797156024E+026         881         141          41           4           1
   4.1428190829206272E+026         881         142          40           4           1
   2.5371659441393597E+026        1170         141          41           4           1
   3.2825954169787959E+024        1170         142          42           4           1
   9.2171269491643393E+025         223          73          55           4           1
   3.9077397978783284E+026         615          73          55           4           1
   2.7527158296042045E+026         615          72          56           4           1
   2.4083664575981686E+026         819          73          55           4           1
   1.7417249416812377E+026        1041          73          55           4           1
   5.5642731397635982E+026        1041          72          56           4           1
   3.3453873740963679E+026         228          89         103           4           1
   2.5716658791913679E+026         227          88         102           4           1
   1.0182402334648885E+026         850          89         103           4           1
   2.2113036901426419E+026         459          89         103           4           1
   7.2656403417686462E+026        1241          89         103           4           1
   1.2543429060982274E+026        1241          90         104           4           1
   1.6043388644359872E+026          70          51          49           4           1
   2.5885877487105223E+026          70          50          50           4           1
   1.8975857219467237E+026         608          51          49           4           1
   6.0427086577239221E+026         608          50          50           4           1
   4.1567953364792605E+025         701          51          49           4           1
   1.2959556948708059E+026         701          52          50           4           1
   1.3217959357812168E+026         748          51          49           4           1
   3.9099966880813120E+026         748          52          48           4           1
   9.6206913079100334E+026        1059          51          49           4           1
   4.4680077115175628E+026        1059          52          50           4           1
   6.7825821096768021E+025         532         135          41           4           1
   2.0394654687356325E+026         532         134          42           4           1
   2.4948191912022342E+026         888         135          41           4           1
   3.8391197321327335E+025         888         136          42           4           1
   6.2454719729126143E+025           9         101          29           4           1
   1.1747755123310153E+026           9         102          28           4           1
   7.9642157747211564E+026         220         101          29           4           1
   1.5874570576154317E+026         220         100          28           4           1
   2.9802212427093054E+026         360         101          29           4           1
   8.6419044079223330E+026         360         100          28           4           1
   3.0179720152321907E+024         570         101          29           4           1
   1.6789786855529192E+026         570         100          30           4           1
   1.2893601355459551E+027        1062         101          29           4           1
   2.2680313116377913E+026        1062         100          28           4           1
   1.5992690891373653E+026          91         129          21           4           1
   2.3858401295974022E+026          91         129          19           4           1
   1.0944101521777016E+026         454         129          21           4           1
   1.2936256042605809E+026         454         128          20           4           1
   2.6582813336092339E+026         477         129          21           4           1
   4.0616263089777776E+026        1169         129          21           4           1
   2.7563674004350499E+026        1169         131          21           4           1
   1.4955016921260031E+026         227          87         103           4           1
   8.3221966561987855E+025         459          87         103           4           1
   2.0447061935701847E+026        1126          87         103           4           1
   2.8573714680841177E+026        1126          88         104           4           1
   6.5944059118010050E+026         327          81          53           4           1
   1.3413456676688369E+026         327          82          52           4           1
   5.8407392420245883E+026         591          81          53           4           1
   1.5633867813381835E+026         591          80          52           4           1
   1.6830137646783846E+024         674          81          53           4           1
   3.4465629880999677E+026         673          81          53           4           1
   2.3102181281980605E+026         867          81          53           4           1
   7.2965573152762517E+026         867          82          52           4           1
   9.1884197561965080E+025         919          81          53           4           1
   4.1075919017351860E+026         242          81          93           4           1
   3.5708131048133969E+026         242          80          92           4           1
   8.9097195636999077E+025         462          81          93           4           1
   7.7925204975593709E+024         462          82          92           4           1
   2.6581689777527710E+026         712          81          93           4           1
   1.9443889015275074E+026         712          82          92           4           1
   5.2994801746023837E+026         777          81          93           4           1
   6.9710798260225865E+026         777          80          94           4           1
   9.0530105144168801E+025         947          81          93           4           1
   4.5283167627862826E+026         947          80          92           4           1
   3.6737151431119285E+026        1178          81          93           4           1
   4.9928448900512504E+026        1178          81          95           4           1
   1.6008305350143916E+026          86          63          41           4           1
   8.7568395580614509E+026          86          63          39           4           1
   5.2971739252134717E+026         662          63          41           4           1
   4.1958158927034293E+026         662          64          40           4           1
   3.2916193776975708E+025         224         109          21           4           1
   4.6437259209866228E+026         223         109          21           4           1
   4.0098592391506231E+026         732         135          55           4           1
   4.2347429668132490E+026         732         136          54           4           1
   2.7919884017622034E+026         833         135          55           4           1
   3.3042176925872813E+026         833         136          56           4           1
   2.4085026617913649E+026         171         133          41           4           1
   5.4109125248820927E+024         171         132          42           4           1
   1.4613010987481347E+025         188         133          41           4           1
   1.8899434320973293E+026         188         132          42           4           1
   4.0753231836429483E+026         637         133          41           4           1
   2.4408107310934175E+025         637         134          42           4           1
   6.3415932808275465E+026         705         133          41           4           1
   2.8351706597649854E+026         705         134          40           4           1
   4.9393623952814984E+024         904         133          41           4           1
   5.7766494032821771E+025           4          24         108           4           1
   4.4296054735521849E+025         377          99          19           4           1
   8.3015740444851630E+026         377          97          19           4           1
   9.6365039968248574E+025         753          99          19           4           1
   2.3118730714364412E+026         753         100          18           4           1
   3.1902730345691856E+026          96          43          73           4           1
   3.7845291197117905E+026          96          42          72           4           1
   5.9755407154128264E+026         115          43          73           4           1
   4.9603296119193044E+024         115          42          74           4           1
   4.1924167191508131E+025         322          43          73           4           1
   1.4143123005221141E+026         322          44          74           4           1
   8.0078366255038598E+026         205         115          45           4           1
   3.2864984009054194E+026         205         114          44           4           1
   4.1625106429414313E+026         812         115          45           4           1
   1.3878920634225699E+026         812         116          46           4           1
   8.6178391690016314E+025           4          37          55           4           1
   2.8063849781583123E+026           4          38          56           4           1
   1.6364883741602677E+026         762          37          55           4           1
   3.1898021978173020E+026         762          38          56           4           1
   2.1005290534030297E+025         869          37          55           4           1
   1.6542607917260086E+026         869          36          54           4           1
   1.8885612894243781E+026        1133          37          55           4           1
   9.5943185804571921E+025        1133          38          54           4           1
   4.3541810078357667E+026         329          65          51           4           1
   7.8261718328769153E+026         329          66          50           4           1
   1.1910381944312876E+027         755          65          51           4           1
   5.6219344522774530E+025         755          64          52           4           1
   3.7927736158051390E+026         122          35          79           4           1
   3.9210270331660390E+026        1121           7          47           4           1
   3.5393698053845030E+026         123          35          79           4           1
   5.4163947826484284E+026         123          36          80           4           1
   1.7986205638243870E+026         889          35          79           4           1
   2.5119369596029745E+024         889          36          80           4           1
   1.2556472266631575E+026         988          35          79           4           1
   2.1986907202556277E+026         988          37          79           4           1
   2.4305413517179885E+026         363          33          33           4           1
   1.2375994412692985E+026         363          33          35           4           1
   5.3763524025058295E+026         813          33          33           4           1
   5.7712128251498051E+026         813          34          34           4           1
   1.3607022770736539E+027         901         133          47           4           1
   2.3088635944640801E+026         901         132          48           4           1
   1.5523397143971516E+026        1042         133          47           4           1
   7.2594576291869517E+025        1042         134          46           4           1
   1.1376614861907983E+026        1186         133          47           4           1
   1.0882039119960758E+026        1186         134          48           4           1
   8.1120285678348296E+026         122          21          39           4           1
   5.6716997224310032E+025         122          20          40           4           1
   1.9820723591870579E+026         155          21          39           4           1
   1.2658007109630435E+027         155          20          40           4           1
   7.7295663171290785E+026         476          21          39           4           1
   9.3428660782607641E+025         476          22          40           4           1
   1.7240998870542198E+026         698          21          39           4           1
   2.6387639447318422E+026         698          22          40           4           1
   2.1957419757360744E+026        1019          21          39           4           1
   1.9178380270723535E+026        1019          20          38           4           1
   1.7179710710962330E+026        1169          21          39           4           1
   3.0452819365549147E+026         659           7         105           4           1
   2.1012910199295267E+025         659           8         106           4           1
   3.4622546640968716E+025          91          63          99           4           1
   2.8234123266227414E+026          91          64          98           4           1
   6.1615805193212003E+026         628          63          99           4           1
   1.2571419422605451E+026         628          62         100           4           1
   6.3564027058245977E+025        1083          63          99           4           1
   6.6106751862730740E+026        1083          62          98           4           1
   2.5323176307145321E+026        1189          63          99           4           1
   3.8975483143385611E+026        1189          64         100           4           1
   2.6399041768280882E+026         556          67           9           4           1
   1.4094597165794208E+026         556          68           8           4           1
   2.7426073831698073E+026         606          77          69           4           1
   2.8783625009871795E+026         606          78          68           4           1
   2.0942390992430821E+026         866          77          69           4           1
   1.1599729939838306E+026         866          76          70           4           1
   8.2423772831765681E+026         918          77          69           4           1
   1.7369629182667499E+026         918          78          68           4           1
   7.5495303029128999E+026         490          97          13           4           1
   6.6673120942056648E+026         490          96          14           4           1
   1.4180264561109779E+023         825          97          13           4           1
   2.1201091007690860E+026         825          98          12           4           1
   1.6106235660582718E+026          51          49          85           4           1
   5.5420615874465528E+026          51          50          86           4           1
   1.7396111774772910E+025         545          49          85           4           1
   9.7665758208934221E+025        1023          49          85           4           1
   8.6513122168897980E+026         443           7           7           4           1
   9.4416921162002782E+025         443           8           8           4           1
   1.4547110990435114E+026         510           7           7           4           1
   8.6211576490097330E+025         510           8           8           4           1
   2.0652193230840917E+026         618           7           7           4           1
   8.2724996418136969E+024         618           8           6           4           1
   4.7042188420760782E+026         783           7           7           4           1
   1.8032163945130891E+026         783           6           8           4           1
   4.3126666671005313E+025         184          31          11           4           1
   3.3040608812815206E+026         184          32          12           4           1
   6.8746817787506569E+025         340          31          11           4           1
   1.4022057057740373E+026         339          31          11           4           1
   5.3767857235262229E+025         620          31          11           4           1
   1.3332212384421214E+027         620          32          12           4           1
   5.5616575687052879E+026         659          31          11           4           1
   4.2087460175768139E+026        1136          31          11           4           1
   5.4831298392534275E+026        1136          30          10           4           1
   4.4426600396469974E+024        1198          31          11           4           1
   5.5440017408060314E+025        1198          32          12           4           1
   1.1544023751048097E+026         455         109           7           4           1
   4.6362904243309188E+026         455         108           8           4           1
   6.6055456986626904E+026         824         109           7           4           1
   8.3012504569366222E+026         824         110           8           4           1
   2.5575480389896324E+026        1226         109           7           4           1
   5.9984926942296617E+026        1226         110           6           4           1
   2.9919188500906538E+026         145          83          33           4           1
   1.4401199681881743E+026         145          83          35           4           1
   1.4170293549379834E+026         281          83          33           4           1
   2.2497335290683921E+026         281          84          34           4           1
   2.7064754398180205E+026         467          83          33           4           1
   3.3435675677060140E+026         467          84          32           4           1
   4.3841895643785161E+025        1215          83          33           4           1
   9.1882963859171402E+026        1215          84          34           4           1
   1.1242205012790432E+026         714           9          85           4           1
   6.7070908606548357E+025         714           8          86           4           1
   3.2173135535537111E+025        1088           9          85           4           1
   1.8361802342259064E+026        1088          10          86           4           1
   6.5503619531942677E+025        1235           9          85           4           1
   7.4727970184807808E+026        1235          10          84           4           1
   7.5212100772649588E+026         319         107          47           4           1
   3.0965737645513362E+026         319         108          48           4           1
   4.2406205411522049E+026         802         107          47           4           1
   5.0146217845586268E+026         802         106          46           4           1
   9.6481768083182369E+026          87          67          81           4           1
   5.6516194317312747E+026          37         101          15           4           1
   5.1029758613065372E+025         783         121          31           4           1
   1.5357189477078492E+026         783         120          30           4           1
   4.2759439750857936E+025         907         121          31           4           1
   5.9325821972710838E+025         907         122          32           4           1
   1.0838875941785565E+027         689          65          69           4           1
   2.8047923377532286E+026         689          66          70           4           1
   1.8124224311851969E+026         886          65          69           4           1
   3.3616638296802939E+026         885          65          69           4           1
   1.6398758687352125E+026          97          45          57           4           1
   7.9777165699906495E+025          97          46          58           4           1
   1.8491703364911895E+027         159          45          57           4           1
   1.8416174404581055E+026         295          45          57           4           1
   1.2710289922064560E+027         295          44          58           4           1
   1.9732408397570823E+025         650          45          57           4           1
   7.9504226067902265E+026         650          44          56           4           1
   2.5803041739702238E+026        1078          45          57           4           1
   7.5737793110843475E+026        1144          45          57           4           1
   5.3419843921602162E+026        1144          46          56           4           1
   5.2098821111399052E+026         597          91          25           4           1
   9.0158427585455401E+025         597          92          26           4           1
   3.9724606374414886E+026         168           5          65           4           1
   1.3163716698537398E+026         168           6          64           4           1
   2.6581197849992632E+026         875           5          65           4           1
   1.4067435148851916E+025         875           6          66           4           1
   3.9039371413672902E+025        1179           5          65           4           1
   8.2419817129926823E+025        1179           6          66           4           1
   4.1658595316952995E+026         657          95          97           4           1
   3.7585246952343364E+026         905          79          29           4           1
   3.3162478096084363E+026         905          78          28           4           1
   6.9042945144402216E+026        1150          79          29           4           1
   3.4496104073867743E+026        1150          80          30           4           1
   9.1517430477041768E+025          95          47         101           4           1
   2.3948748349697577E+025         698         124          28           4           1
   3.3342889641216696E+026         520         129          87           4           1
   1.8880157159063264E+026         520         130          86           4           1
   2.8632569639749293E+025         563         105          61           4           1
   2.9865534878281389E+026         562         105          61           4           1
   1.4097087800066044E+026         733         105          61           4           1
   733694128755830.00                1         103          51           4           1
   1106489995496740.8                1         104          50           4           1
   6.4667141429558841E+025        1045         103          51           4           1
   1.3488032761899507E+027        1045         102          50           4           1
   2.4337684799155942E+026          16          53          29           4           1
   2.8987145170283757E+026          16          54          28           4           1
   2.8079234015020290E+026         617          53          29           4           1
   5.1971321623996053E+025         617          52          30           4           1
   5.0032747802056020E+025         636          53          29           4           1
   3.8019293732114961E+026         636          52          28           4           1
   9.9593549950256635E+025         829          53          29           4           1
   3.3063184444237192E+026         829          52          30           4           1
   2.3171754242522454E+026         414           9          47           4           1
   3.1422268257311427E+026         414          10          46           4           1
   2.8654584992995574E+026        1121           9          47           4           1
   2.4996609955392931E+026         193          51          39           4           1
   1.6042153773261392E+026         193          50          40           4           1
   1.0764097134916978E+026         632          51          39           4           1
   5.0742567574953455E+024         632          52          38           4           1
   8.6831659830782286E+026         991          51          39           4           1
   4.6453904490931817E+026         991          52          40           4           1
   1.8878246596881610E+026           7          81          73           4           1
   3.2712303482368084E+025           7          82          72           4           1
   4.5446880993773827E+026        1159          81          73           4           1
   2.6932647864354994E+026         442          17          99           4           1
   1.0103928264726819E+026         442          16         100           4           1
   1.8676374529370856E+026         832          17          99           4           1
   3.3312553636712598E+026         832          16         100           4           1
   3.0340909134011472E+026        1017          17          99           4           1
   3.1712506334598056E+026        1191          17          99           4           1
   3.6054895280728203E+025        1191          18          98           4           1
   7.5891736859114623E+026          34         113         101           4           1
   4.1372213462085393E+025          34         112         102           4           1
   1.7138385122535669E+026          42          83          15           4           1
   2.9343108770025325E+026          42          84          14           4           1
   1.9413358757222718E+026         615          83          15           4           1
   1.7321549301913973E+026         615          84          14           4           1
   5.3380059038572842E+025         775          83          15           4           1
   7.3243629328258017E+026         775          83          13           4           1
   5.3605579295075096E+026         968          83          15           4           1
   7.0216840479071435E+026         968          82          14           4           1
   2.9243869976471635E+026         453          35          81           4           1
   6.6315023743039497E+026         453          34          82           4           1
   8.7367667381090822E+026         732          35          81           4           1
   1.5035989673097010E+026         732          35          79           4           1
   4.1251349219659484E+026         119         149          23           4           1
   7.9706878948542758E+026         119         148          22           4           1
   3.5240128445272695E+026         514         149          23           4           1
   4.3114648302672741E+025         514         148          22           4           1
   7.1234880115715525E+026         957         149          23           4           1
   1.4588468948858413E+026         957         148          24           4           1
   5.3787377441754879E+026        1115         149          23           4           1
   7.7213955393626591E+026        1115         148          24           4           1
   3.5595270244805759E+026         152          57          27           4           1
   9.3352933455364554E+026         152          56          26           4           1
   2.8858745933440220E+026         639          57          27           4           1
   1.5037028234815335E+026         639          58          26           4           1
   5.3835967805383313E+026          86         109          83           4           1
   3.1710257698202511E+024          86         108          84           4           1
   1.6062042948241858E+026         535         109          83           4           1
   1.4731811156885212E+026         621         131          35           4           1
   7.5000362909489139E+026         621         132          36           4           1
   7.3817400431325235E+025         730         131          35           4           1
   4.7857362249327209E+026         729         131          35           4           1
   3.2222759085526438E+026         742         131          35           4           1
   5.4120423845031861E+025         742         130          34           4           1
   7.4966801204563196E+025        1223         131          35           4           1
   1.8132585260599632E+026        1223         130          36           4           1
   3.2350549681315312E+026         485          51           7           4           1
   1.9289321477093979E+026         485          52           6           4           1
   3.0668288916081537E+026        1108          51           7           4           1
   2.6163030560090186E+026        1108          52           6           4           1
   2.8986792214231657E+026         342          85           7           4           1
   3.3135701661036013E+025         342          84           8           4           1
   4.9998585181278245E+026         670          85           7           4           1
   2.7852805519278944E+025         670          84           6           4           1
   6.1531869097584481E+026         674          85           7           4           1
   3.5084468686581886E+026         674          84           6           4           1
   1.6234592787441347E+026         739          85           7           4           1
   1.1352564025192316E+026         739          86           8           4           1
   2.8099884977093471E+026         868          85           7           4           1
   1.4110967707987009E+026         868          84           8           4           1
   2.9586562283298660E+026         957          85           7           4           1
   4.0437880251821516E+026         957          84           8           4           1
   7.5105242442993404E+025        1023          85           7           4           1
   5.1443059338459645E+026        1023          84           8           4           1
   1.2303239380715424E+027        1189          85           7           4           1
   7.9191538457849972E+026        1189          84           8           4           1
   5.7005040573618231E+026         218         145          13           4           1
   9.9429253504820888E+025         218         146          12           4           1
   1.3665444829431610E+026         220         145          13           4           1
   3.3491492271694169E+026         220         144          12           4           1
   2.7152846691526554E+026         624         145          13           4           1
   2.4431570639721056E+026         624         146          14           4           1
   4.5698669079140258E+026         809         145          13           4           1
   1.0827237354916509E+026         809         144          14           4           1
   1.9807845850496571E+026        1222         145          13           4           1
   5.5467528378551623E+025        1222         144          12           4           1
   1.0089328867867619E+027          87         143          25           4           1
   6.5101711079068009E+024          87         142          26           4           1
   3.1810664722308861E+026         156          31           5           4           1
   1.6958191622537717E+025         765          31           5           4           1
   1.3490020907753151E+026         765          30           6           4           1
   2.7504054510062065E+026         903          31           5           4           1
   7.8238547575263450E+024        1066          31          89           4           1
   1.3458836774297346E+025        1066          30          88           4           1
   5.5068679385990465E+025         155         143          17           4           1
   1.0281504227034184E+026         155         144          18           4           1
   8.7222080488595681E+025         174         143          17           4           1
   1.6055765192640220E+025         174         142          16           4           1
   4.3808927766183055E+026         417         143          17           4           1
   1.3630295004845965E+026         417         143          19           4           1
   9.4918206377771845E+025         677         143          17           4           1
   2.6587858138279350E+026         677         142          18           4           1
   3.1894756830701175E+026         787         143          17           4           1
   8.6767543280903960E+025         787         142          18           4           1
   3.5284167217384352E+026        1021         143          17           4           1
   5.3503826776769430E+026        1021         143          19           4           1
   4.6609341217365603E+026        1035         143          17           4           1
   1.6998879336973844E+026        1035         144          18           4           1
   1.1202897290489949E+025          40          23          27           4           1
   1.5266267465838397E+027          40          24          26           4           1
   2.2072998200535558E+026         188          23          27           4           1
   6.1013546270186716E+026         188          24          28           4           1
   2.5125148738570225E+025         524          23          27           4           1
   3.8063380774477212E+025         524          22          28           4           1
   3.4499966849423728E+026         155          59          61           4           1
   1.1894062088592593E+026         155          60          62           4           1
   7.9365549214047112E+026         946          59          61           4           1
   3.7192481507237789E+026         946          58          62           4           1
   7.2955750488520201E+025        1199          59          61           4           1
   4.1699955915436618E+026         477         105         101           4           1
   2.9251631618040725E+025         477         106         102           4           1
   1.8662230978490950E+025         205         119          53           4           1
   5.1291249987622324E+026         205         121          53           4           1
   1.2504242563851743E+026        1030         119          53           4           1
   7.0147741028034786E+026        1030         120          52           4           1
   1.5138803451917773E+026         391          19          11           4           1
   2.9466162933572158E+026         391          20          10           4           1
   8.9337628571975044E+026         602          19          11           4           1
   1.4200572685662590E+025         602          20          12           4           1
   5.3594871731090050E+026         310          95          61           4           1
   9.6180497933252330E+024         310          96          60           4           1
   3.3649866670826285E+025         538          95          61           4           1
   3.6471496662869562E+026         538          93          61           4           1
   6.9820059875066227E+025          79          63          37           4           1
   5.7109107955686025E+026          79          64          38           4           1
   2.7538121540469150E+026         463          63          37           4           1
   7.0485647186781908E+026         463          64          36           4           1
   1.7970288856587402E+026         612          63          37           4           1
   2.6786951529127748E+026         612          62          38           4           1
   4.1416626492202531E+025        1194          63          37           4           1
   2.4181540148067523E+026        1194          64          38           4           1
   8.7054616324116986E+025         537         141           3           4           1
   1.9175226741766852E+026         537         142           2           4           1
   2.3934461519431276E+026        1011         141           3           4           1
   8.6800041991461198E+026        1011         140           2           4           1
   2.8806050516527820E+026        1204         141           3           4           1
   2.0645747650176214E+026        1203         141           3           4           1
   4.7154095434943915E+026          20          97          57           4           1
   4.9067200852750081E+025          20          98          56           4           1
   7.0903266718461029E+025         898          97          57           4           1
   1.2293138043362158E+026         898          96          58           4           1
   3.4177574071355358E+026        1129          97          57           4           1
   5.8590484105492497E+025        1129          96          58           4           1
   3.4906347784521491E+026         351          99         101           4           1
   5.1069056957801163E+025         351         100         100           4           1
   1.1081424757000475E+026         182           5          11           4           1
   2.0323939639805379E+026         182           4          12           4           1
   3.7900204072223572E+025         750           5          11           4           1
   4.9556085824529115E+026         750           4          10           4           1
   3.7130089897299294E+026         271          47          45           4           1
   3.5526823117895545E+026         271          48          44           4           1
   6.6526463682481555E+024         333          99          37           4           1
   9.2717824573916065E+025         333          98          36           4           1
   8.0204923688797923E+025         216          57          57           4           1
   2.1833147212681122E+026         216          56          56           4           1
   2.0319226207029467E+023         284          57          57           4           1
   6.2095722297378396E+025         284          56          58           4           1
   1.0674225657202776E+025        1100          57          57           4           1
   2.2219410814761418E+026        1100          58          58           4           1
   7.5550084554144787E+026          33          29          81           4           1
   3.1974602538386507E+026          33          30          82           4           1
   6.0321116252877273E+025         269          29          81           4           1
   3.3740747746911754E+026         269          30          80           4           1
   2.3977668115477678E+025        1104          29          81           4           1
   1.0192699104779960E+027        1104          30          80           4           1
   2.4271953376982598E+026         217          27           3           4           1
   1.8910763518896717E+026         217          28           4           4           1
   2.8745006176412859E+026         530          27           3           4           1
   8.9905378056350632E+025         530          28           4           4           1
   2.8874636891060247E+026         265         117          95           4           1
   5.2648981825776942E+026         265         118          96           4           1
   1.7394043115281338E+026         404         117          95           4           1
   6.4781354976557979E+026         404         118          94           4           1
   5.6551159499902758E+026         578         117          95           4           1
   5.7323755447545607E+026         578         116          96           4           1
   1.4931357721987595E+026         728         117          95           4           1
   4.2212951234238773E+026         728         116          94           4           1
   1.2827074635860089E+026         849         117          95           4           1
   3.4034784223609819E+026         849         116          94           4           1
   2.9495077623557355E+026         165          45           7           4           1
   4.7233164676332686E+025         165          44           8           4           1
   7.4866714690461225E+026         549          45           7           4           1
   1.4486537483541904E+027         549          44           6           4           1
   2.1531992753209155E+025         863          45           7           4           1
   1.4751419719616155E+026         863          44           6           4           1
   5.0754073519639186E+025        1076          45           7           4           1
   7.2992720674422098E+025        1076          46           6           4           1
   1.5045676562956400E+026        1092          45           7           4           1
   2.0420572781460401E+026        1092          44           8           4           1
   4.5762152526790797E+026         299          75         103           4           1
   1.2436377793065276E+026         299          74         102           4           1
   7.0283299329212329E+025         605          75         103           4           1
   7.5296402722311720E+026         605          76         102           4           1
   3.5053809917552871E+026         831          75         103           4           1
   2.6880928674804419E+026         831          74         102           4           1
   1.6035820783509768E+026        1158         111          71           4           1
   2.3473889762902164E+026        1158         110          70           4           1
   2.1456356598921769E+027        1192          75          67           4           1
   1.0790758071985430E+025        1192          74          68           4           1
   1.5577429837823815E+026         247         101          23           4           1
   2.4347231704342009E+026         247         102          24           4           1
   1.0157980560590405E+027         374         101          23           4           1
   2.3930299697206704E+026         374         102          22           4           1
   3.3854110605377258E+025         697         101          23           4           1
   1.5648705367076396E+025         697         100          24           4           1
   3.6388932484843139E+026        1113         101          23           4           1
   3.0926239771248096E+026         659          15         101           4           1
   5.9099732637067810E+025         659          16         100           4           1
   4.0160506003063568E+026         298          17          89           4           1
   7.5963266071543029E+026         298          16          90           4           1
   1.5976562782819973E+026         609          17          89           4           1
   1.4041343559945554E+026         609          16          88           4           1
   1.0147651800358096E+026         984          17          89           4           1
   6.0743849962391247E+026         984          16          90           4           1
   2.4030279525696289E+026        1185          17          89           4           1
   1.0984021938607403E+026        1185          18          90           4           1
   2.0124400984816438E+025         375          29          65           4           1
   6.6057042248125150E+025         374          29          65           4           1
   1.6547198608892153E+026         706          29          65           4           1
   1.6781157092929971E+026         705          29          65           4           1
   1.7341411464387849E+026         408          65          39           4           1
   4.6699908779610663E+025         407          65          39           4           1
   8.2795254529284076E+025         962          65          39           4           1
   5.6099119911568080E+025         962          64          38           4           1
   5.4831479285530861E+025         680          39          11           4           1
   1.8743296065520265E+025         680          40          12           4           1
   8.2761889086503923E+026         764          39          11           4           1
   5.4162550067962688E+026         764          38          10           4           1
   4.7183872943446624E+026           3           9          85           4           1
   4.5662110212193649E+026           3           9          87           4           1
   2.0842499239830168E+026          14           9          85           4           1
   2.5787685041024439E+026          14          10          86           4           1
   1.6913696867822949E+026         426           9          85           4           1
   1.2353748346866681E+026         426           8          84           4           1
   6.5643899023787277E+026         522           9          85           4           1
   1.0832674244345881E+026         522          10          86           4           1
   2.8577770955482960E+026        1023           9          85           4           1
   4.7091454144789105E+025        1023           8          86           4           1
   3.3726816547231776E+026          51          83          71           4           1
   2.2783283955017413E+026          79          83          71           4           1
   1.9950438613320580E+026          79          82          72           4           1
   1.2569935564494823E+026         493          83          71           4           1
   8.1726361038931987E+025         493          84          70           4           1
   9.2225909268133744E+025         358         149          87           4           1
   4.0461201771498922E+026         358         148          86           4           1
   2.0305844525456805E+026         995         149          87           4           1
   5.4281213803490811E+026         995         148          86           4           1
   1.1114776388999816E+025        1139         149          87           4           1
   5.0377424438709131E+026        1139         148          86           4           1
   5.5119175627572315E+026         348          51          91           4           1
   9.5165339361674986E+026         348          50          90           4           1
   1.8374278546952116E+027         517          51          91           4           1
   3.2416050794035000E+026         517          52          92           4           1
   3.7855775574519677E+026         475          25          41           4           1
   1.0876192000047806E+026         475          26          42           4           1
   3.1566391043366440E+026         664          25          41           4           1
   1.1197206443010435E+026         664          24          42           4           1
   3.0047150365586122E+026         189          41           3           4           1
   2.2101868352048528E+026        1172          43           9           4           1
   2.1376221585329544E+026        1193          43           9           4           1
   2.3156133985907403E+026        1193          44           8           4           1
   3.2481036851056144E+026         179          51          17           4           1
   3.2194101088742752E+026         179          50          18           4           1
   2.5980574739298844E+026         757          51          17           4           1
   6.9700224360234500E+025         757          50          18           4           1
   4.4464729262824114E+026         814          51          17           4           1
   9.5990568123445842E+025         814          50          16           4           1
   3.8536392656022003E+026         274         139          83           4           1
   5.5818808735702982E+025         274         138          84           4           1
   3.9186503479415731E+026         283         139          83           4           1
   1.2616496978182724E+026         283         140          84           4           1
   7.2086814964789322E+026         287         139          83           4           1
   5.9067735819819400E+026         287         138          84           4           1
   7.2836482451668573E+025         580         139          83           4           1
   1.8442534546590767E+025         679         122          36           4           1
   1.6827172063708037E+026         785         139          83           4           1
   1.2094425664615558E+026         785         138          84           4           1
   1.2786519541489005E+025         889         139          83           4           1
   1.4998023458938990E+026         889         138          84           4           1
   1.8175872035587050E+026         296          85          85           4           1
   8.0597790847685630E+026         296          86          86           4           1
   6.7325320947754808E+026         315          85          85           4           1
   8.6245103113758641E+025         315          86          84           4           1
   9.2063789274291427E+025         171          57          87           4           1
   1.0370521956722739E+026         171          55          87           4           1
   1.3303567322197184E+026         277          33          91           4           1
   3.8520951693012936E+026         277          32          92           4           1
   5.7450323850122847E+026         777          33          91           4           1
   6.3901912407233401E+026         777          34          90           4           1
   4.1434686121915815E+026         786          33          91           4           1
   6.7788411249711734E+026         785          33          91           4           1
   2.7428801725359329E+026         734          39         103           4           1
   4.0115531374669388E+026         734          40         104           4           1
   9.6831335715836542E+026          71         103          53           4           1
   1.2603579660393858E+026          71         102          54           4           1
   2.7954762748728137E+025         761         143          57           4           1
   7.4600071456242367E+026         761         142          58           4           1
   4.5371135439618532E+025        1155         143          57           4           1
   7.2913463473427717E+025        1155         142          56           4           1
   3.8844768041450126E+026         279         111          55           4           1
   7.9246837997506090E+025         146          93          15           4           1
   4.5669808295714623E+026         146          94          14           4           1
   1.8091371595679017E+026         330          43          37           4           1
   3.4549624295747946E+026         331          43          37           4           1
   1.3771536593221001E+027         337          43          37           4           1
   6.3402422397437762E+025         337          44          36           4           1
   6.7324735974571353E+025         421          43          37           4           1
   2.7084787083208381E+026         421          42          38           4           1
   1.0179003832247180E+026         429          43          37           4           1
   1.2882828673239147E+026         429          41          37           4           1
   2.5185019895590820E+025         497          43          37           4           1
   1.2777444479343231E+026         497          44          36           4           1
   2.6262323261108468E+025         827           5          89           4           1
   6.4774107928469390E+025         827           6          90           4           1
   3.9270260418671780E+026          61          39          41           4           1
   4.4370969157712333E+026          61          40          40           4           1
   6.0933648037762104E+026          70          39          41           4           1
   8.4971714888770824E+025          70          38          42           4           1
   1.2801029225576170E+026         220          39          41           4           1
   1.5612547029970817E+026         220          38          42           4           1
   7.1987198119243591E+026         533          39          41           4           1
   1.1910345644998212E+026         533          40          40           4           1
   2.7922945451521250E+026          78         133          69           4           1
   4.0781232138910659E+026          78         134          68           4           1
   8.2901482132793211E+025         256         133          69           4           1
   1.0055749169905503E+026         256         134          70           4           1
   1.0316951955730386E+026         570         133          69           4           1
   4.5474346976698314E+026         570         132          68           4           1
   1.9880292770673628E+025        1238         133          69           4           1
   1.9212610014713822E+026         937          87          37           4           1
   1.4356908093978091E+026         937          88          38           4           1
   1.0392830368960168E+026        1228          87          37           4           1
   9.3092253514443834E+024         139          67          27           4           1
   1.5197918917795462E+026         139          66          26           4           1
   7.1622467283899296E+026         475          67          27           4           1
   4.6273753435631452E+025         475          66          28           4           1
   4.6486823855186956E+026         139          23          25           4           1
   1.1239585414817715E+027         138          23          25           4           1
   7.6793995354151110E+026         361          23          25           4           1
   3.2488410359834063E+026         361          21          25           4           1
   2.1744533789393027E+026        1183          23          25           4           1
   8.3290906080266291E+025        1183          23          27           4           1
   2.5224192754621927E+025         285          51          59           4           1
   7.1161745978333938E+026         285          50          60           4           1
   3.7854959193746748E+025         666          51          59           4           1
   2.0994414483574272E+026         666          50          58           4           1
   4.2318882092687631E+026        1141          51          59           4           1
   2.8979505728145320E+026        1141          50          58           4           1
   1.1617188982634981E+026         981          51          59           4           1
   2.0063782242054325E+025         709          51          59           4           1
   7.9047812609959025E+026         271         105          67           4           1
   8.4799045576648927E+025         271         104          68           4           1
   6.7289036811268448E+026         751         105          67           4           1
   7.9957050548486236E+025         751         106          66           4           1
   1.6431210287416363E+026         870         105          67           4           1
   4.7029967536431217E+026         870         104          66           4           1
   5.1588832217220142E+025        1043         105          67           4           1
   4.3114047108756043E+026        1043         104          66           4           1
   1.4413990390003974E+027         256         119          85           4           1
   5.2671703531429924E+026         256         120          84           4           1
   4.0220100402245353E+026         676         119          85           4           1
   2.2738007423939755E+026         676         120          86           4           1
   2.2232626334224960E+024         285         101          99           4           1
   3.9644599419786388E+026         285         102          98           4           1
   7.0884111383600931E+025         594         101          99           4           1
   5.8189716180534887E+025          94          33          61           4           1
   2.2701834989897489E+026          94          34          62           4           1
   1.2843955047297067E+026         778          33          61           4           1
   2.5649103443588256E+026         778          34          62           4           1
   1.0385871586503902E+026         668         139          97           4           1
   1.9604264621278227E+026         668         138          96           4           1
   4.1361616707474974E+025         680         139          97           4           1
   2.7976979272053741E+026         680         140          96           4           1
   1.3056267633788372E+026         892         139          97           4           1
   2.3212802056916239E+026         892         138          98           4           1
   3.5921854869857685E+026        1010         139          97           4           1
   1.6848827567186308E+026        1010         140          98           4           1
   9.4129444961190056E+025          22           3          17           4           1
   6.5779061165489277E+025          22           2          16           4           1
   9.6001298113845194E+026         622           3          17           4           1
   4.4063741302979795E+026         622           4          18           4           1
   6.1946381100849113E+025         552         117          43           4           1
   2.2820228050399625E+026         552         118          42           4           1
   4.7337804316285867E+026         706         117          43           4           1
   8.4055717736867991E+025         706         118          44           4           1
   8.0812743587475282E+026         840         117          43           4           1
   2.9151088384427796E+024         840         118          42           4           1
   6.9296351876984375E+026         858         117          43           4           1
   1.1797188078744077E+025         858         116          44           4           1
   2.9061270436690268E+026         926         117          43           4           1
   2.1247847878950782E+026         926         116          44           4           1
   2.0905907992638093E+026         709          37          89           4           1
   2.1304638617046935E+026         709          36          88           4           1
   9.8196747440999341E+025         768          37          89           4           1
   9.4774720940051162E+025        1027          37          89           4           1
   4.1796787859238323E+026        1027          38          88           4           1
   1.8278874292175605E+026        1034          37          89           4           1
   1.2012044736723208E+025        1034          36          90           4           1
   1.6195047009935088E+026         250          59          15           4           1
   3.5206271464679571E+026         250          60          16           4           1
   8.6028417653312182E+025         605          59          15           4           1
   6.1437556387355847E+026         605          58          16           4           1
   2.4000681271808915E+026         946          59          15           4           1
   1.0448270342918578E+026         945          59          15           4           1
   4.4708096603750940E+025          26         127          23           4           1
   4.0302427802068535E+026          26         126          24           4           1
   1.1514454712666711E+026         681         127          23           4           1
   6.4043627805073253E+026         681         128          22           4           1
   1.7512477438977568E+026        1228         127          23           4           1
   2.0384222384957200E+026        1228         126          24           4           1
   6.3682781002909994E+026          47         127          45           4           1
   7.8896207976906003E+025         864         127          45           4           1
   1.2187392914146397E+026         864         126          44           4           1
   6.5760513964106774E+025         633         107          85           4           1
   8.1564437484263390E+025         633         106          86           4           1
   1.1928128268325916E+026         904         107          85           4           1
   2.3197635469878502E+026         904         108          86           4           1
   5.7822082600136768E+026         460          23         105           4           1
   1.4420751325844206E+026         460          24         104           4           1
   1.7174292119585129E+026         879          23         105           4           1
   9.7788321650131295E+025         879          22         106           4           1
   1.0198110785778964E+026        1160          23         105           4           1
   1.8781666182483706E+026        1160          24         104           4           1
   3.9675111142332537E+026          59          91          97           4           1
   2.5694614944107770E+026          59          90          98           4           1
   4.3035756658684509E+025         485          91          97           4           1
   3.5208778194353298E+026         485          92          96           4           1
   8.7668893510613391E+024         386          59          81           4           1
   4.6865030390717844E+026         386          58          82           4           1
   2.1169349540976441E+026         547          59          81           4           1
   7.9174230345697915E+026         948          59          81           4           1
   1.5355839676769680E+026         881          61          79           4           1
   2.3462555439658184E+026          79          31         101           4           1
   1.9151155299058997E+026         581          31         101           4           1
   1.6195573467033279E+026         580          31         101           4           1
   1.8796613053656062E+026         908          31         101           4           1
   5.3414577156739493E+026         908          32         100           4           1
   6.9117229645912491E+026        1197          31         101           4           1
   2.2882708927371679E+026        1197          32         100           4           1
   6.4438178347413121E+025          27          63          51           4           1
   1.1671473081087236E+026          27          65          51           4           1
   1.0500256433731428E+025         157          63          51           4           1
   3.1271215171058891E+026         334          63          51           4           1
   3.1642116089967256E+026         334          64          52           4           1
   5.1293459827676362E+026         402          63          51           4           1
   1.5799805507483479E+026         402          62          52           4           1
   1.3746011047045408E+026         728          63          51           4           1
   5.3484685187962517E+025         728          62          50           4           1
   1.9147707540561979E+025         501          89          15           4           1
   8.4143735298855393E+026         501          88          16           4           1
   8.2048516777346334E+025         605          89          15           4           1
   1.7962606082402213E+026         605          90          16           4           1
   4.5342704673306893E+026         245         105          87           4           1
   2.8060073403303876E+026         820         105          87           4           1
   2.8377665707089086E+026         820         106          88           4           1
   1.2583802918997730E+025         312         137          19           4           1
   3.9870272811114937E+026         312         138          20           4           1
   1.0270603771029244E+026        1089         137          19           4           1
   3.0978273426891892E+026        1089         136          20           4           1
   9.3557683337564506E+026          17         102         108           4           1
   8.8257704993220477E+026        1174          53          19           4           1
   4.9576778143617005E+026        1174          54          20           4           1
   7.3216131922142897E+026        1201          53          19           4           1
   7.5752747114504423E+025        1201          54          18           4           1
   3.0622170119695694E+026         838           3          25           4           1
   1.1157356896068817E+026         838           2          24           4           1
   8.1324720813423356E+025        1117           3          25           4           1
   2.3176054088245103E+026         255         117          75           4           1
   2.1237408438296963E+026         944          13          59           4           1
   1.1038371939121868E+026         398         117          75           4           1
   6.1906594757950956E+024         398         118          74           4           1
   4.3222857214323642E+025        1139         109          87           4           1
   9.6703295788348151E+025        1139         108          86           4           1
   6.0647471614555616E+025         551          21          45           4           1
   1.9454599915676694E+026         551          22          46           4           1
   1.1599240133000136E+026         901          21          45           4           1
   4.6612831211951493E+025         901          20          44           4           1
   1.4430503086957152E+026         974          21          45           4           1
   4.4819201138287255E+025         974          20          46           4           1
   3.4505968809047554E+026          12          89          21           4           1
   5.7939978046911587E+026          12          88          22           4           1
   2.0058519353990171E+026          48          89          21           4           1
   1.1460257744094689E+026          48          88          20           4           1
   4.9170993142601932E+026         216          89          21           4           1
   8.1661427744609904E+026         216          90          22           4           1
   4.2368723098855990E+025         251          89          21           4           1
   4.4517054385972254E+026         251          90          22           4           1
   3.4131168856382663E+026         505          89          21           4           1
   7.3460536939789459E+025         505          88          22           4           1
   6.5617286323390076E+026        1033          89          21           4           1
   2.5000302106786499E+026        1033          90          22           4           1
   2.6767039563404500E+026         222          45          35           4           1
   8.6579331928150799E+025         221          45          35           4           1
   7.6169545285586326E+026         899          45          35           4           1
   3.4697828887999501E+026         899          44          34           4           1
   9.2497652386173337E+025         914          45          35           4           1
   1.3368323918881675E+026         914          44          36           4           1
   1.4150439905238470E+027         977          45          35           4           1
   2946630104668715.5                1          69           9           4           1
   2801421422568166.0                1          70           8           4           1
   6.0989720431108844E+026         193          69           9           4           1
   3.1852729375600516E+025         192          69           9           4           1
   6.3830517937768178E+025        1021          69           9           4           1
   1.2079098993676902E+027        1021          68          10           4           1
   5.6733380380364116E+025         323           7          15           4           1
   1.6247934468317240E+025         323           8          14           4           1
   4.0174919657254154E+026         844          31          97           4           1
   1.8955230309432139E+026         844          30          96           4           1
   1.9628307314578605E+025         716          63          37           4           1
   1.9170996565364323E+026         716          64          36           4           1
   1.4382974262622790E+026         779          63          37           4           1
   1.1208956741864286E+026         778          63          37           4           1
   5.2704836571252643E+025        1229          63          37           4           1
   1.4978318284072274E+026        1229          62          38           4           1
   5.3132246303986457E+026         140          73          31           4           1
   3.7771771990978462E+026         140          74          32           4           1
   3.0412125671884657E+025         251          73          31           4           1
   7.6270538727039452E+025         251          72          32           4           1
   1.0265946619010636E+025         606          73          31           4           1
   1.8826523375141689E+026         606          74          30           4           1
   4.4352319423025433E+026         569         115          55           4           1
   4.4051342034763006E+026         569         116          54           4           1
   4.4060023540125731E+026         861         115          55           4           1
   8.0638780358730780E+024         933           5         103           4           1
   6.6362607854187780E+026        1228           5         103           4           1
   8.7651153515694107E+026        1228           4         104           4           1
   2.2631119532048829E+026         294           5          21           4           1
   6.6081969278108205E+025         294           6          20           4           1
   2.9957138668473593E+026         665           5          21           4           1
   1.3525978785149427E+027         665           5          19           4           1
   1.5706405643217768E+026         694           5          21           4           1
   7.8685466250148506E+026         694           4          22           4           1
   1.4957463785811627E+026         983           5          21           4           1
   5.2205925114722285E+026         983           4          22           4           1
   1.4905977917295110E+026        1000           5          21           4           1
   2.3593823620400929E+026        1000           6          22           4           1
   1.4836502312825461E+027         637           9          97           4           1
   1.5236833955143625E+027         637          10          96           4           1
   9.9083855447110234E+025         969           9          97           4           1
   7.2228872887303772E+025         969           8          96           4           1
   1.0588168969131675E+026         101         147          69           4           1
   2.9153843693632931E+026         101         148          68           4           1
   2.0259510311931815E+026         835         147          69           4           1
   1.0754581953111494E+026         327           3          91           4           1
   9.9697867088228261E+026         327           2          92           4           1
   5.6285299912296152E+026         870           3          91           4           1
   2.9355946699509578E+026         870           4          92           4           1
   6.3563461493680473E+025         981           3          91           4           1
   4.8181654083147492E+026         981           4          90           4           1
   4.6047748713873507E+026          53          43          99           4           1
   5.4832048924401305E+026          53          44          98           4           1
   5.0779099045311453E+026         366          43          99           4           1
   2.3408601625033804E+026         366          42         100           4           1
   6.0117131503998387E+025         711          43          99           4           1
   5.3263668878561950E+026         711          44          98           4           1
   5.7978966813711013E+025         274          77         101           4           1
   6.6658717834980058E+025         274          76         102           4           1
   1.5254062070425402E+025         616          77         101           4           1
   3.9298032176172656E+026         616          78         100           4           1
   4.6682869454563631E+025         153          29          51           4           1
   1.7584199933581204E+026         153          30          52           4           1
   2.6235899184690897E+025         306          29          51           4           1
   6.9053061858477325E+026         306          28          52           4           1
   1.5964699830263101E+025         616          29          51           4           1
   2.3858471269388663E+026         616          30          52           4           1
   1.5639959577876036E+025         819          29          51           4           1
   3.1804061500128533E+026         819          30          52           4           1
   9.7873356797386023E+026         897          29          51           4           1
   3.1494654541970753E+025         897          28          52           4           1
   9.2260590172745558E+026         305           3          53           4           1
   1.5646969613617346E+026         305           4          52           4           1
   5.6529453093054996E+025         508           3          53           4           1
   4.1117795347818049E+024         508           4          52           4           1
   2.5211998845012418E+025         525           3          53           4           1
   4.0081274808665248E+026         525           2          54           4           1
   2.1316126782289512E+026         818           3          53           4           1
   5.4868292699034473E+026         818           4          54           4           1
   9.0730593679601383E+026         982           3          53           4           1
   1.1380270300349533E+026         982           4          52           4           1
   1.8723843058006067E+026          23          47          89           4           1
   4.1700058069248516E+025          23          46          90           4           1
   6.9316515288069799E+026         451          47          89           4           1
   2.6199379897822499E+026         451          46          90           4           1
   5.1354882498844706E+026         517          47          89           4           1
   9.5672811783982944E+026         517          47          91           4           1
   8.4847851624405148E+026         536          47          89           4           1
   2.7354393618320211E+026         536          48          90           4           1
   1.7557266641887644E+026         655          47          89           4           1
   2.1224681537411722E+026         655          46          88           4           1
   1.4806771199586213E+026        1122          47          89           4           1
   4.0497894556176614E+025        1122          48          90           4           1
   6.6236379566903292E+025         648          97          93           4           1
   8.8781910864780599E+025         647          97          93           4           1
   8.3465151245711109E+025         821          97          93           4           1
   4.9132945689299003E+025         821          96          92           4           1
   3.0017008627892490E+026         518          25          35           4           1
   3.6294085403507983E+026         518          24          34           4           1
   9.5594333417186537E+025         615          25          35           4           1
   2.8486129887441983E+026         615          24          34           4           1
   2.5410518988236182E+026         895          25          35           4           1
   4.9446679698481741E+026         895          26          34           4           1
   1.6974884946690502E+026        1156          25          35           4           1
   7.4914499373031111E+026        1156          24          34           4           1
   1.0973937518943356E+026        1231          25          35           4           1
   5.8117401557241322E+025        1231          26          34           4           1
   2.3325036937557338E+026         372          17          83           4           1
   1.7993985499262408E+026         372          16          84           4           1
   1.7502993472392852E+026         448          17          83           4           1
   3.9096316023346645E+025         448          16          84           4           1
   3.0028111711364705E+025         463          17          83           4           1
   1.8858668809750791E+026         463          18          82           4           1
   8.5149309237454515E+026         546          17          83           4           1
   1.1498345342663435E+027         546          18          84           4           1
   2.1513280563018778E+026         953          17          83           4           1
   9.4412562373381080E+024         953          18          82           4           1
   6.5564555117312345E+024        1077          17          83           4           1
   4.4678485727973487E+024        1076          17          83           4           1
   2.1534533414183047E+026        1199          17          83           4           1
   2.4545523266597745E+026        1199          16          84           4           1
   3.1791233105322123E+026         577          29           5           4           1
   4.4193117645319812E+026         647          29           5           4           1
   2.7986485807087015E+026         647          28           4           4           1
   1.1296008937057784E+025         782          29           5           4           1
   2.1316738645477149E+026         782          30           4           4           1
   2.4758807048832204E+026         792          29           5           4           1
   5.6222159288985469E+026         792          28           4           4           1
   3.4907222920014630E+026        1003          29           5           4           1
   9.5830106782621279E+024        1003          28           6           4           1
   5.9551300804849844E+026        1020          29           5           4           1
   8.5247046239020787E+025        1020          31           5           4           1
   2.8066095716029318E+026        1057          29           5           4           1
   1.3739220760296841E+025          99          81           3           4           1
   1.5288855843196753E+026          99          82           4           4           1
   1.2239937219718088E+026         532          81           3           4           1
   1.4525788017654676E+026         532          82           2           4           1
   1.7922823393070733E+026         636          81           3           4           1
   6.9914605394651575E+025         636          82           4           4           1
   1.1038526304342530E+026         640          81           3           4           1
   2.8946067094718855E+025         640          80           4           4           1
   1.7417921776249462E+026         366         141          99           4           1
   1.4619434463572291E+026         366         142          98           4           1
   3.0320954987139000E+026         496         141          99           4           1
   7.9209729955015514E+025         496         142         100           4           1
   6.2783702199682254E+026         645         141          99           4           1
   1.7071690082211663E+026        1120         141          99           4           1
   7.0751343126287730E+026        1120         142         100           4           1
   5.8219928262624663E+026         516         115          85           4           1
   1.2690013846155160E+027         516         116          86           4           1
   1.4071057422296086E+027         785         115          85           4           1
   2.1649824590823675E+025          39          55          53           4           1
   5.5068490000023566E+025          38          55          53           4           1
   1.2070922501703192E+027         150          55          53           4           1
   3.3360860356288327E+026         149          55          53           4           1
   4.9187368420469455E+025        1007          55          53           4           1
   8.4762642546905608E+025        1007          54          52           4           1
   2.4259302967688232E+026        1087          55          53           4           1
   1.6297419511865274E+026        1087          54          54           4           1
   9.7272520236233196E+026         171           5          27           4           1
   7.8945716876149216E+025         171           6          26           4           1
   8.9451957255645520E+025         206           5          27           4           1
   2.4464246180502650E+026         206           4          26           4           1
   7.0982976405957594E+025         723           5          27           4           1
   2.4167355085495263E+026         722           5          27           4           1
   4.5352961104607275E+025        1067           5          27           4           1
   2.5891468641078306E+026        1067           6          26           4           1
   1.4294842067265949E+026        1230           5          27           4           1
   4.2648549409123592E+026        1230           4          26           4           1
   3.5741401087239580E+026         316          17          91           4           1
   2.9126676033936260E+025         316          18          92           4           1
   9.8976450920097712E+026         436          17          91           4           1
   1.3598332960252115E+026         436          18          92           4           1
   4.0231136432056547E+025         560          17          91           4           1
   3.7993847058528036E+025         871          67          41           4           1
   6.3521507875281516E+026         871          66          42           4           1
   2.8868830964710494E+026        1160          67          41           4           1
   3.0376039063912189E+026        1160          67          39           4           1
   3.2760882292221068E+025         316          47          73           4           1
   1.5015958815942524E+026         316          46          74           4           1
   7.7059263895833222E+026         461          47          73           4           1
   1.0942709306464910E+026         461          48          74           4           1
   3.8531471709632979E+025         633          35          15           4           1
   1.4949095297968442E+026         633          36          16           4           1
   6.5173669413466083E+025        1075          35          15           4           1
   3.1739860687088073E+026        1075          36          16           4           1
   7.9356079383648869E+025         301          35          35           4           1
   2.1875857538747284E+026         301          34          36           4           1
   7.4120256317682917E+026           6         141          55           4           1
   1.8178240557649274E+026           6         140          56           4           1
   5.1578608443167066E+026         241         141          55           4           1
   4.9535034839047424E+025         241         142          54           4           1
   4.3115779775609685E+026         642         141          55           4           1
   1.3348632589015922E+026         642         140          54           4           1
   5.7463013018104711E+026        1094         141          55           4           1
   3.3922292767996081E+026         313          99          53           4           1
   2.0965465865757436E+026         313          98          52           4           1
   5.1692376545202567E+026        1116          99          53           4           1
   1.2808898637963806E+025         148         119          29           4           1
   8.3309070382685115E+026         148         118          28           4           1
   3.9937899545604734E+026         399         119          29           4           1
   6.4257157245301798E+025         399         118          28           4           1
   2.6868876393851760E+026         402         119          29           4           1
   2.0651917034796683E+026         402         118          30           4           1
   1.0849337900973675E+026         784         119          29           4           1
   1.4880650227841453E+026         784         118          30           4           1
   1.1220712196097091E+026        1144         119          29           4           1
   2.3241188972006986E+026        1144         118          28           4           1
   3.6603382139048225E+026          81          45          49           4           1
   4.6221625193229672E+026         957          45          49           4           1
   3.3093968592415361E+026         957          44          48           4           1
   3.8278608422014264E+026         113          79           7           4           1
   5.4202300601847616E+026         203          79           7           4           1
   3.6751238013903976E+026         203          80           6           4           1
   1.4924147176236490E+026         570          79           7           4           1
   1.7106693863001545E+026         570          78           6           4           1
   8.2929508588039196E+026          96         139         105           4           1
   4.4854003139194095E+025          96         140         104           4           1
   5.1996189693341468E+025         557         139         105           4           1
   1.0159085751834010E+027         557         138         104           4           1
   26371517008005128.                1         121          51           4           1
   5455362618756497.0                1         120          52           4           1
   9.9302100369088207E+025          36         121          51           4           1
   4.3446943097329124E+025          36         120          50           4           1
   2.9679938125550140E+026          58          17          85           4           1
   5.3244645133596851E+026          58          18          86           4           1
   3.3313191656547904E+026         466          17          85           4           1
   2.1895284903547768E+026         466          16          86           4           1
   4.3259517104548513E+026         178           1          35           4           1
   2.5729980623252192E+026         524          85          61           4           1
   4.0575255595199149E+026         524          84          62           4           1
   4.6471751785628616E+025         645          85          61           4           1
   9.5530750271582064E+026         645          86          62           4           1
   1.5002733615320194E+026         661          85          61           4           1
   9.7104053191610869E+025         661          84          62           4           1
   4.6579384375385122E+025        1032          85          61           4           1
   3.0583663059855242E+026        1032          86          60           4           1
   5.2573481470918711E+026          45          97          49           4           1
   7.4634736568869044E+026          45          98          50           4           1
   1.0325042414018637E+026         418          97          49           4           1
   2.5476274279827162E+025         418          96          50           4           1
   8.5956376053433827E+025         436          97          49           4           1
   1.2762880081950568E+026         436          96          48           4           1
   1.1127958010854131E+025         683          97          49           4           1
   1.4627282398778677E+025         683          96          50           4           1
   4.2217269623614902E+026          60          81          65           4           1
   3.1484683234338754E+025          60          82          64           4           1
   9.3168190124677180E+026         925          81          65           4           1
   1.2857074694147319E+026         925          82          64           4           1
   1.4270654781353681E+026         243          67          53           4           1
   4.2996911718754386E+026         243          66          54           4           1
   6.5935317019741486E+026         273          67          53           4           1
   1.8473076355712204E+026         273          68          52           4           1
   4.3735846757060020E+026          40         127          13           4           1
   2.3893337447396057E+026          40         128          12           4           1
   4.5722725923392174E+026         142         127          13           4           1
   2.8718447215606133E+026         142         128          12           4           1
   1.9024211588073817E+026          52          37          85           4           1
   8.0963646278416740E+025          52          38          86           4           1
   1.2509804244723993E+027         251          37          85           4           1
   5.9322635555038926E+026         251          36          86           4           1
   1.3849117763546652E+026         434          37          85           4           1
   1.6138490265654722E+026         434          36          86           4           1
   6.9038372924563940E+025         567          37          85           4           1
   9.7994177097163382E+025         567          36          84           4           1
   1.1882750365645130E+026         347          53          73           4           1
   3.4530327551621790E+026         347          54          72           4           1
   1.5042020374520796E+026        1224          53          73           4           1
   4.5728799452895618E+025        1224          54          74           4           1
   2.5248411467029447E+026         289          99          35           4           1
   4.6781767366226463E+026         289         100          34           4           1
   8.5450935837645272E+025         575           5          95           4           1
   7.5679496689022455E+026         575           4          96           4           1
   5.4099017464579232E+026         964           5          95           4           1
   3.0111907661852423E+026         964           4          94           4           1
   2.0923412889086245E+026        1058          93          13           4           1
   3.0334357513158864E+026        1058          94          12           4           1
   5.4422004207958474E+026         116          83          87           4           1
   2.8512424655771082E+026         116          84          88           4           1
   1.3835546784083140E+026         275          83          87           4           1
   4.0349993626089191E+026         275          84          86           4           1
   2.1556869083695336E+026         455          83          87           4           1
   1.2609032958938563E+026         455          82          86           4           1
   2.0978060879226446E+024         581          83          87           4           1
   2.8349439719631746E+026         581          82          86           4           1
   8.8512948930877531E+026         837          83          87           4           1
   1.6390685029338888E+026         837          82          88           4           1
   3.2666506760670821E+025        1152          83          87           4           1
   5.2742864640325967E+025        1152          82          86           4           1
   1.9534912415642677E+026        1199          83          87           4           1
   2.6059710371376728E+026        1198          83          87           4           1
   2.7238196962743272E+026         134          25          55           4           1
   2.1380197126387712E+026         134          26          56           4           1
   1.2976954164411122E+027         204          25          55           4           1
   3.2724802543678490E+026         204          26          56           4           1
   3.8496229646740338E+026          18          17          55           4           1
   1.0389186411288752E+026         808          17          55           4           1
   6.9645063849957935E+026         808          16          54           4           1
   2.4725257506882835E+026         823          17          55           4           1
   4.0256587449431088E+025         822          17          55           4           1
   4.9500936634957443E+026        1007          17          55           4           1
   3.8401999014792946E+025        1007          16          56           4           1
   5.3351126384440878E+025         220         129          19           4           1
   2.2645486176954264E+026         220         130          20           4           1
   6.0779579923921531E+026         938         129          19           4           1
   1.8166408570313142E+026         938         129          21           4           1
   2.7820186533508503E+026         194         119           3           4           1
   2.5405614475940734E+026         194         120           2           4           1
   1.1091311079832110E+026         223         119           3           4           1
   2.6188157768212284E+026         223         118           4           4           1
   2.3847642252502476E+026        1082         119           3           4           1
   1.9793636579358076E+026        1082         120           4           4           1
   9.4938328364814156E+025        1046         141          69           4           1
   8.7118146760099952E+026        1046         140          70           4           1
   3.4585233822664824E+025        1229         141          69           4           1
   1.0468423834118271E+027        1229         142          68           4           1
   6.8545962976994439E+026         350          41          69           4           1
   3.7646355615633337E+026         350          42          70           4           1
   1.2328084757559301E+027         489          41          69           4           1
   4.7186069715994669E+025         489          40          70           4           1
   6.3528126462641347E+026         834          41          69           4           1
   1.4898119831878450E+026         834          42          70           4           1
   5.1597747537045512E+026         559          95          51           4           1
   2.2770443679300756E+026         559          94          52           4           1
   4.1039451479282821E+026         621         123          37           4           1
   5.2124038730563967E+025         621         124          38           4           1
   4.5442995730795165E+026         679         123          37           4           1
   1.2112809985129476E+026         505          45          89           4           1
   6.3492645867341773E+026         505          46          88           4           1
   1.9887976697494187E+026         184         137          13           4           1
   9.8904057943537057E+026         184         136          12           4           1
   2.0037520546598047E+026         271         137          13           4           1
   2.2515564227448606E+026         271         136          12           4           1
   3.0608181288605094E+026         435         137          13           4           1
   8.2837240386810341E+025         435         136          14           4           1
   1.1645751479902726E+026         619         137          13           4           1
   9.3624417509890933E+025         619         138          14           4           1
   3.0482040521824634E+026         652         137          13           4           1
   1.9079777290680170E+026         651         137          13           4           1
   1.3251668034994259E+027         461           1          81           4           1
   8.9296420000256866E+026         461           2          80           4           1
   1.2541630015945863E+026         478           1          81           4           1
   1.3359401678189004E+026         478           2          80           4           1
   4.1984348075922221E+026         933           1          81           4           1
   3.6673599168365594E+026         933           2          80           4           1
   6.5792579893069129E+026         222         107          47           4           1
   1.4470758922279048E+026         222         106          48           4           1
   1.9619059808372831E+026         360         107          47           4           1
   7.5945380135415623E+026         360         108          48           4           1
   1.7592067762128219E+026         474         107          47           4           1
   4.9931554221426407E+026         474         108          48           4           1
   1.8528256109901492E+025        1015         107          47           4           1
   2.2478542780052481E+026        1015         108          48           4           1
   6.4238425728064722E+026         528         113          81           4           1
   7.8681748626289693E+026         528         114          82           4           1
   1.0934220341508327E+026         549         113          81           4           1
   2.5694894755431315E+026         549         112          82           4           1
   8.9652738675700299E+025         761          13          77           4           1
   2.9337480414345016E+026        1105          13          77           4           1
   1.4780419983350331E+025        1105          14          78           4           1
   9.4178161334903261E+025        1173          13          77           4           1
   4.9799495188709580E+026         376          61          55           4           1
   5.2038224160027594E+025         376          62          54           4           1
   1.1653503856493440E+025        1178          61          55           4           1
   8.2582364280393121E+023        1178          62          54           4           1
   3.6455443211034747E+026         809          75         101           4           1
   1.5167984396152460E+026         809          74         100           4           1
   4.4666053785331059E+026        1109          75         101           4           1
   2.4057449873522650E+026        1109          77         101           4           1
   4.8268166448162450E+026          95          55          43           4           1
   3.0793513253317936E+026          95          56          44           4           1
   1.0903746780340402E+026         454          55          43           4           1
   6.9846935506307828E+025         686          55          43           4           1
   3.4768633593117593E+026         686          56          42           4           1
   1.3033154235212431E+026         860          55          43           4           1
   5.6725226130276695E+026         860          54          44           4           1
   4.5228433237374503E+025          21         138         108           4           1
   3.8138730386428241E+026         203         133           3           4           1
   5.0055294812141887E+026         203         132           2           4           1
   9.9633760847317930E+026         353         133           3           4           1
   1.8989190549257722E+026         353         134           4           4           1
   1.3010828515385884E+027         511         133           3           4           1
   2.7503857239812561E+026         511         132           4           4           1
   5.6270756849849976E+026         630         133           3           4           1
   3.5504554889474191E+025         630         134           2           4           1
   3.8006943166357365E+026         382         105          75           4           1
   1.7743109078004798E+026         382         106          76           4           1
   9.4727411701933980E+026         178           9          77           4           1
   1.7721012332145591E+026         178           8          76           4           1
   2.3158881538539374E+025         279           9          77           4           1
   9.9988047423384801E+025         279           8          78           4           1
   1.5466567279188189E+026         423           9          77           4           1
   5.8290922157388134E+025         422           9          77           4           1
   1.5230095704846423E+027        1111           9          77           4           1
   5.0165454216899092E+026        1111           8          78           4           1
   1.3575107483531700E+025        1138           9          77           4           1
   2.8502880517190284E+026        1138          10          78           4           1
   1.1124114042845818E+027        1239           9          77           4           1
   2.8662615588237289E+025        1239          10          78           4           1
   1.6966786297189305E+024          44           3          41           4           1
   1.1128911256344342E+027         567           3          41           4           1
   1.8394219782021857E+026         567           2          42           4           1
   4.7548999346012962E+026         950          91          15           4           1
   6.4351374461515011E+026         950          92          16           4           1
   9.9718278119138581E+025         958          91          15           4           1
   2.4134008874558793E+026         958          90          16           4           1
   2.5458936965237535E+026        1141          91          15           4           1
   1.6068516955823424E+026        1141          90          14           4           1
   7.0005977040944880E+025         129          97          17           4           1
   1.1480490909512834E+026         129          96          18           4           1
   1.8275448516679104E+026         591          97          17           4           1
   3.2643506753393318E+024         591          96          18           4           1
   3.8557281957307599E+026         719          97          17           4           1
   1.0882281809566043E+025         719          98          18           4           1
   5.6500929619118700E+025         877          97          17           4           1
   2.0053607296445752E+026         179          61          71           4           1
   1.7681572860029490E+027         179          62          70           4           1
   1.7037934458238462E+026         502          61          71           4           1
   4.0637622131068938E+025         502          60          70           4           1
   6.6862453063896279E+025         817          61          71           4           1
   3.0229223192168248E+026         816          61          71           4           1
   1.0533155404356967E+026         959          61          71           4           1
   3.0899993440479358E+026         959          62          70           4           1
   3.3224533927059922E+026        1044          61          71           4           1
   3.6469904035985557E+025        1044          62          70           4           1
   8.8397325194708431E+026         188          61          93           4           1
   6.2748012042264414E+025         113          51          67           4           1
   8.6536817928028368E+026         113          50          68           4           1
   1.1254540580624794E+026         341          51          67           4           1
   4.8337797273242219E+025         341          52          68           4           1
   1.8733847776670796E+026         578          51          67           4           1
   6.7556327078068893E+025         578          50          68           4           1
   5.3326996278544119E+026         623          51          67           4           1
   2.8279910597721317E+026         623          52          66           4           1
   2.0145621481664885E+025         625          51          67           4           1
   8.0833416138475897E+025         934          51          67           4           1
   3.9806485125701374E+026         934          50          66           4           1
   7.0207072850372064E+026        1047          51          67           4           1
   3.8358568804264229E+026        1047          50          66           4           1
   6.5667391720128965E+026        1228          51          67           4           1
   1.4488762265732617E+026         619          47           5           4           1
   1.7582897792668991E+026         619          46           6           4           1
   9.2908369593567880E+026         113          51          59           4           1
   1.6766186265803866E+025         112          51          59           4           1
   7.9249100924871495E+024         619          51          59           4           1
   9.7345057151369631E+025         619          52          60           4           1
   4.7685747646510554E+026         710          51          59           4           1
   5.9382527938008798E+025         194         107          59           4           1
   9.2148743859503843E+026         194         106          58           4           1
   1.7587888264015226E+026         315          77          71           4           1
   3.5783179983733395E+026         315          78          70           4           1
   9.0644121221949841E+024         590          77          71           4           1
   8.4808463011873732E+025         590          78          72           4           1
   2.7439640598949149E+025         704          77          71           4           1
   1.3471422509598220E+026         704          76          72           4           1
   2.2974984642891639E+026         428         111          33           4           1
   6.8607955350569875E+026         428         112          34           4           1
   6.5414195035598208E+025         480         111          33           4           1
   4.7218847085219715E+025         480         110          34           4           1
   1.8624535332562371E+026         925         111          33           4           1
   6.6632966108899253E+025         925         110          34           4           1
   3.2910087353293739E+026         685          65          25           4           1
   5.8730765751643911E+025         685          64          26           4           1
   2.5020102846596763E+026        1204          65          25           4           1
   1.6990964746795675E+024        1204          64          24           4           1
   2.2039062673491959E+026         135         111          35           4           1
   1.5466164454403617E+026         135         110          34           4           1
   4.3691649858363829E+026         239         111          35           4           1
   2.4869639840080697E+026         239         111          33           4           1
   1.0017979291603625E+026         261         111          35           4           1
   3.5070492129874758E+025         261         112          34           4           1
   1.9370982593626092E+026         557         111          35           4           1
   7.7946958423860935E+026         557         110          34           4           1
   6.1433120532475524E+026         601         111          35           4           1
   1.1767310224733025E+026         601         110          34           4           1
   1.3338012350267503E+026         237          23         105           4           1
   5.5469737019074602E+026         237          24         104           4           1
   1.0437250806900306E+027         324          23         105           4           1
   2.3791906341447943E+025         324          24         104           4           1
   3.7010850790245485E+026         421          23         105           4           1
   1.7357782789467825E+026         421          22         104           4           1
   6.5891866005513501E+025         743          23         105           4           1
   4.4055645732671286E+026         743          22         106           4           1
   3.0876543827104082E+026         888          23         105           4           1
   4.2714620524588529E+026         888          22         104           4           1
   2.5811081610678924E+025        1103          23         105           4           1
   1.3544049283111020E+026        1103          22         106           4           1
   1.0966256397998667E+026         405         109          57           4           1
   1.0140163298788237E+026         405         110          56           4           1
   1.5645134004782064E+025         540         109          57           4           1
   2.0068005933265898E+026         540         110          56           4           1
   1.2559618674599061E+026         721         109          57           4           1
   9.2424412105550106E+026         721         108          56           4           1
   4.3468678889342839E+025        1084         109          57           4           1
   2.5063416807247300E+025        1084         110          58           4           1
   1.1559187873212447E+026         338          19          95           4           1
   2.1124545199570498E+026         338          18          94           4           1
   1.7553361365689885E+026         437          19          95           4           1
   2.8307677526044183E+025         437          20          96           4           1
   5.0587788282011828E+026         443          19          95           4           1
   8.4448842740767582E+025         443          18          96           4           1
   4.9728771585163146E+025         736          19          95           4           1
   1.4389353214945107E+025         736          20          96           4           1
   6.9786513430931623E+024          57         107          57           4           1
   1.7047750549431802E+025          57         108          56           4           1
   5.6245213910167086E+026        1106         107          57           4           1
   1.5290539316806902E+027        1185         107          57           4           1
   5.4620858602015309E+025        1185         108          56           4           1
   1.9580433415309175E+025        1209         107          57           4           1
   5.3839939533388658E+026        1209         107          59           4           1
   1.8560763282022399E+026         142          95          43           4           1
   8.3136242619595789E+025         142          94          44           4           1
   1.1819703805756601E+027         428          95          43           4           1
   2.0240697041377076E+026         428          94          44           4           1
   9.3459910546727744E+026         702          99          77           4           1
   7.5687891761969352E+026         702         100          76           4           1
   1.5156028169557506E+026         907          99          77           4           1
   3.3215825616882168E+026         907         100          78           4           1
   3.5110567393729207E+026          77         125          25           4           1
   3.9183182507052547E+026          77         124          24           4           1
   8.2325188889747761E+026         194         125          25           4           1
   1.6021066106055612E+025         194         126          26           4           1
   7.2300353441781633E+025         281         125          25           4           1
   3.0719544748754953E+026         281         124          24           4           1
   3.3059736606804852E+026         764          53          17           4           1
   5.4461945357963290E+025         764          54          18           4           1
   5.9825969623515170E+026          98          65          95           4           1
   7.4188792513501667E+026          98          64          96           4           1
   3.0970683265383358E+025         524          65          95           4           1
   2.5877113859056865E+026         524          66          96           4           1
   9.5487214796622051E+026         662          65          95           4           1
   4.4405038694858684E+026         662          66          96           4           1
   8.1399545886855673E+026         996          65          95           4           1
   5.6420357049514896E+025         995          65          95           4           1
   2.1249027300110479E+026         325          91          39           4           1
   2.6890258416301352E+026         325          92          40           4           1
   3.2366317645315399E+026         886          91          39           4           1
   5.3184030353264290E+026         885          91          39           4           1
   5.7471816735687319E+024        1126          91          39           4           1
   3.5922184904175209E+025        1126          92          40           4           1
   5.0438794862304984E+025         185          47          93           4           1
   2.5619679258082854E+026         185          46          94           4           1
   4.9105550286528823E+026         775          47          93           4           1
   2.3017632736646948E+026         775          46          94           4           1
   4.3986349932656715E+025        1189          47          93           4           1
   1.9185039147409122E+026        1189          48          92           4           1
   2.7267668194255709E+026         296          47          69           4           1
   4.2967207687568890E+026         296          48          70           4           1
   1.4924508063833278E+026         781          47          69           4           1
   4.5489137810940677E+026         781          48          68           4           1
   2.3094247825641538E+026        1214          47          69           4           1
   2.0618998208365208E+026        1214          46          70           4           1
   1.4638661935111158E+026         542           7          53           4           1
   1.9639629067369892E+026         542           7          51           4           1
   2.5505839240185944E+026         713           7          53           4           1
   9.0539878405024081E+026         713           6          54           4           1
   1.1895758559044351E+025         738           7          53           4           1
   1.7294583414519493E+026         737           7          53           4           1
   2.3041499955536261E+026         958           7          53           4           1
   5.6987089755624043E+025         958           8          52           4           1
   5.9933191192482392E+026         827         101          85           4           1
   1.6207308977110100E+026        1206         101          85           4           1
   2.4624456205609321E+026        1207         101          85           4           1
   2.7732200949237266E+025         799          23          53           4           1
   3.8916119563877297E+026         799          22          52           4           1
   2.0429162212842460E+026         975          23          53           4           1
   2.1098511789935949E+026         975          24          52           4           1
   5.1910449526125363E+025         699         143          47           4           1
   2.9646621512684020E+026         490         149           3           4           1
   4.3907132305282076E+026         490         148           4           4           1
   7.1337645190434809E+026         679          35          25           4           1
   5.5015567449407989E+026         679          34          26           4           1
   7.6896053071179376E+024         927          35          25           4           1
   1.4915120377294419E+025         927          34          24           4           1
   2.4017779108626174E+026        1067          35          25           4           1
   4.2965759854860401E+026        1067          34          24           4           1
   3.4408374795758598E+026         643         113          25           4           1
   3.7009797741809288E+026         643         112          24           4           1
   1.0172081758743786E+026         829         113          25           4           1
   5.0890995071740879E+026         829         114          24           4           1
   2.6314958992174495E+025          21          87          47           4           1
   2.4667820954056991E+026          21          86          48           4           1
   6.2068699463462954E+026         237          87          47           4           1
   2.0652250011952134E+026         237          88          46           4           1
   1.0801860390212793E+026         672          87          47           4           1
   1.4536024362730857E+026         672          88          46           4           1
   4.8840416531225913E+025         707          87          47           4           1
   1.7330869247236539E+026         707          86          46           4           1
   1.8113601586708340E+025          99          29           3           4           1
   1.4781199514812226E+026          99          28           4           4           1
   7.2835017787375521E+025         738          29           3           4           1
   4.6206718757445113E+026         737          29           3           4           1
   6.0116238077025159E+026        1127          29           3           4           1
   1.9436111286595167E+025        1126          29           3           4           1
   2.4431422938116242E+026        1166          29           3           4           1
   3.7885378968739288E+026        1166          30           4           4           1
   8.2421207035479415E+026         250         139          47           4           1
   5.6945133514647387E+026         250         140          48           4           1
   8.3263541895691506E+026         291         139          47           4           1
   1.0359993223166972E+026         291         138          46           4           1
   9.6809941588841394E+025         440         139          47           4           1
   3.6699396187734489E+026         440         138          48           4           1
   2.3762111333940113E+026         687         139          47           4           1
   2.2298097607543575E+025         687         140          46           4           1
   3.3477415156466174E+025         755         139          47           4           1
   8.3037029872257604E+026         755         138          46           4           1
   5.7163769544616665E+026         903         139          47           4           1
   5.3862663855884579E+025         903         140          46           4           1
   4.2536366948298220E+026        1020         139          47           4           1
   6.1090514576279968E+026        1020         140          48           4           1
   1.3751934100911858E+026         546         141         101           4           1
   3.4382760338305726E+024         546         140         100           4           1
   1.3923459818609366E+026         778         141         101           4           1
   1.9508505156223943E+026         778         140         102           4           1
   2.5081041139523107E+026        1009         141         101           4           1
   4.2814755636467416E+026        1009         142         102           4           1
   4.1300046780299406E+026        1218         141         101           4           1
   2.4504024024393650E+026        1218         142         102           4           1
   1.7178553349733114E+026         226          31          41           4           1
   6.0159912183922735E+025         226          32          42           4           1
   3.1493148225942291E+025         227          31          41           4           1
   8.4545521830500807E+026         227          32          42           4           1
   3.7864747993974635E+025        1135          31          41           4           1
   1.6600128563440317E+026         773          19          33           4           1
   1.0151532423542917E+026         773          17          33           4           1
   4.5316154986858936E+026         646         133          37           4           1
   3.6308625254989416E+025         646         134          38           4           1
   2.7588660703846934E+026         423         111          21           4           1
   8.1964471181178392E+026         423         112          22           4           1
   2.6502613159437271E+026         885         111          21           4           1
   8.7918288745298758E+025         885         110          22           4           1
   1.3273337555146355E+026        1166         111          21           4           1
   6.1033443825050983E+026        1166         112          22           4           1
   2.5846577518661150E+025        1175         111          21           4           1
   5.6097609487599407E+026        1175         110          20           4           1
   9.2807739949744622E+026         857          25          97           4           1
   1.8596827516288011E+026         857          24          96           4           1
   1.9764327104786445E+026         841         135          39           4           1
   1.1177419381602392E+026         841         134          40           4           1
   2.5198649277811313E+025         189          25          19           4           1
   2.2409335135903483E+026         189          26          18           4           1
   8.8025650123479996E+026         262          25          19           4           1
   1.1709797688107074E+025         262          24          20           4           1
   4.7635377946656013E+025         679          25          19           4           1
   2.5220816027704855E+026         679          27          19           4           1
   5.0414547129011871E+026         793          25          19           4           1
   3.5052760122113758E+026         793          26          20           4           1
   1.9669752339612119E+026         420         135          41           4           1
   3.1052013849750702E+025         420         136          42           4           1
   3.5540066808578502E+026         662         135          41           4           1
   9.5595557897439625E+025         662         134          40           4           1
   4.2306610376378867E+026         927         135          41           4           1
   1.8432103732646266E+025         927         134          42           4           1
   5.4741035429811434E+025        1067         135          41           4           1
   5.1716991003925475E+026        1067         134          40           4           1
   9.6512886723882451E+025         534          13          61           4           1
   2.9823625911606300E+026         534          12          62           4           1
   1.5342626975550205E+026         619          13          61           4           1
   7.1006283770331500E+026         619          12          60           4           1
   2.7307154801260602E+026         810          13          61           4           1
   4.4591654252138602E+026         809          13          61           4           1
   3.5167071678287542E+026         944          13          61           4           1
   2.0649560930994112E+026         705         117          77           4           1
   2.2039831321664871E+026         705         118          76           4           1
   1.0127797785908843E+026         772         117          77           4           1
   6.7515026241310316E+026         772         118          76           4           1
   1.5315055432642637E+026         836         117          77           4           1
   2.7327208413526147E+026         836         118          78           4           1
   7.0516100805275296E+026         912         117          77           4           1
   3.3362570654174593E+026         912         118          78           4           1
   1.9939402146986940E+026        1213         117          77           4           1
   6.3672470153420031E+026        1213         116          78           4           1
   3.7841841690479799E+026          82         147          99           4           1
   1.9218858244194789E+025          82         148          98           4           1
   9.5026734807534626E+025         269         147          99           4           1
   6.7543019970036175E+026         269         148         100           4           1
   1.4557506099827130E+026        1026         147          99           4           1
   1.2391676935867831E+026        1025         147          99           4           1
   9.3198982990016325E+025        1042         147          99           4           1
   1.3367323715372603E+026        1042         148         100           4           1
   6.2700583476116865E+026        1109         147          99           4           1
   3.3425561834482463E+026        1109         146         100           4           1
   2.5283487693065484E+026         473         131           3           4           1
   3.0840857959780469E+025         473         130           2           4           1
   2.9717161289905554E+026         680         131           3           4           1
   4.5678487068765617E+026         680         133           3           4           1
   2.7863921937019435E+026         687         131           3           4           1
   2.0506532292134934E+026         687         130           2           4           1
   1.7202664878025492E+026         443         125          79           4           1
   7.0036993831458322E+025         443         126          78           4           1
   1.1886277881159616E+026         651         125          79           4           1
   1.1196232275554928E+027        1073         125          79           4           1
   4.0824143952271785E+026        1073         124          78           4           1
   23375091687207344.                1         103          21           4           1
   10092129863208906.                1         104          20           4           1
   1.5040939865386222E+026         146         103          21           4           1
   2.0572714718578346E+026         146         104          22           4           1
   3.6535994949914754E+026         599         103          21           4           1
   2.6616810523415982E+026         599         104          20           4           1
   7.1745973197718291E+026         826         103          21           4           1
   4.3037864156375333E+026         826         104          22           4           1
   3.5800976347109844E+026         112         135         101           4           1
   3.3015610782142110E+026         112         134         100           4           1
   7.9364725243558497E+025         316         135         101           4           1
   1.2211065552792926E+026         316         136         100           4           1
   9.7440532643226498E+026         249          71          45           4           1
   2.0685259203886624E+026         249          72          46           4           1
   5.8344034931336661E+025         250          71          45           4           1
   3.8694574273359212E+025         250          70          44           4           1
   4.5856959138803904E+026         338          71          45           4           1
   3.5535580800800856E+026         338          72          46           4           1
   2.7683383586192989E+026        1114          71          45           4           1
   1.6635809183430392E+025        1114          72          46           4           1
   4.9511155449130764E+026        1132          71          45           4           1
   5.4512206394288495E+025        1132          70          44           4           1
   5.1233780119496261E+025         171         147          45           4           1
   3.2260516883665086E+026         171         146          46           4           1
   4.0564341353779710E+026        1186         147          45           4           1
   2.8288242051370440E+026        1186         148          44           4           1
   3.7176219182271521E+025         350           7          63           4           1
   1.7476597208909536E+026         350           8          64           4           1
   5.7563493980557281E+026         840           7          63           4           1
   2.5616265242007222E+025         840           8          64           4           1
   1.2629882284481908E+026         698         123          27           4           1
   2.2347250534919356E+026         515          31          31           4           1
   1.1086612723148186E+026         515          32          30           4           1
   2.2886235297815191E+026         766          31          31           4           1
   1.3320815044272089E+026         766          30          32           4           1
   2.7706064276949379E+026        1046          31          31           4           1
   6.2638687782401153E+025        1046          30          30           4           1
   1.1889293668210793E+026        1179          31          31           4           1
   1.6781516359518674E+025        1179          30          32           4           1
   2.0112444831715643E+026         432         111          21           4           1
   2.1722284834406949E+026         432         110          22           4           1
   2.8541363756950952E+026         735         111          21           4           1
   2.0338600719359932E+026         735         112          20           4           1
   4.0248042469108473E+025          92          73          27           4           1
   4.0458230447763231E+026          92          74          26           4           1
   1.5793425094553344E+026         435          73          27           4           1
   1.8624207973154197E+026         435          72          28           4           1
   1.4452068098780400E+026         744          73          27           4           1
   2.1374222231768321E+026         744          72          28           4           1
   1.3656574037717672E+026         991          73          27           4           1
   3.8524875581476133E+025         991          72          26           4           1
   4.0119573342167352E+025           4          98         108           4           1
   1.6604662668092860E+026          70          61          79           4           1
   1.2454919090280212E+027          70          60          80           4           1
   8.9898885531889310E+025         105          61          79           4           1
   5.8741314652766313E+026         105          60          80           4           1
   8.7306568318596305E+025         212          61          79           4           1
   5.1155307479051683E+026         212          60          78           4           1
   1.3497022411707724E+026         882          61          79           4           1
   5.8044429414169914E+026          74           7          39           4           1
   4.0856109776292061E+025          74           6          40           4           1
   1.3066436605864411E+026         241           7          39           4           1
   3.1098248375249080E+026         241           8          38           4           1
   6.1285852925036781E+026         521           7          39           4           1
   4.2368602455535072E+026         521           6          38           4           1
   2.8174296401953937E+026         911           7          39           4           1
   1.1817206479063808E+027         910           7          39           4           1
   1000.4861614039784                0           0           0          20           0
   0.0000000000000000                0           0           0           0           0
